{
"type": "FeatureCollection",
"name": "SSP245_Short_21_40_high",
"crs": { "type": "name", "properties": { "name": "urn:ogc:def:crs:OGC:1.3:CRS84" } },
"xy_coordinate_resolution": 1e-05,
"features": [
{ "type": "Feature", "properties": { "days": 29, "type": "high", "color_hint": "Reds" }, "geometry": { "type": "MultiPolygon", "coordinates": [ [ [ [ 120.4374, 23.44249 ], [ 120.43837, 23.44287 ], [ 120.43868, 23.44317 ], [ 120.43935, 23.44393 ], [ 120.43963, 23.44407 ], [ 120.44033, 23.44444 ], [ 120.4413, 23.4448 ], [ 120.44185, 23.44498 ], [ 120.44228, 23.44514 ], [ 120.44326, 23.44539 ], [ 120.44424, 23.44548 ], [ 120.44522, 23.44531 ], [ 120.44588, 23.445 ], [ 120.4462, 23.44487 ], [ 120.44718, 23.44438 ], [ 120.44762, 23.4441 ], [ 120.44816, 23.44384 ], [ 120.44849, 23.44363 ], [ 120.44841, 23.44363 ], [ 120.44823, 23.44362 ], [ 120.44789, 23.4436 ], [ 120.44764, 23.44357 ], [ 120.44745, 23.44351 ], [ 120.44729, 23.44346 ], [ 120.44712, 23.44341 ], [ 120.44686, 23.44327 ], [ 120.44661, 23.44314 ], [ 120.44627, 23.44296 ], [ 120.44605, 23.44282 ], [ 120.44573, 23.44264 ], [ 120.44549, 23.44254 ], [ 120.4453, 23.44245 ], [ 120.44518, 23.44235 ], [ 120.44502, 23.44222 ], [ 120.44468, 23.44201 ], [ 120.44451, 23.4419 ], [ 120.44417, 23.44171 ], [ 120.44397, 23.4416 ], [ 120.44365, 23.44142 ], [ 120.44345, 23.44129 ], [ 120.44319, 23.44109 ], [ 120.44304, 23.44098 ], [ 120.44274, 23.44084 ], [ 120.44257, 23.44074 ], [ 120.44226, 23.44056 ], [ 120.44224, 23.44055 ], [ 120.44187, 23.44047 ], [ 120.44132, 23.44047 ], [ 120.44034, 23.44046 ], [ 120.43936, 23.44046 ], [ 120.43873, 23.44104 ], [ 120.43874, 23.4411 ], [ 120.43874, 23.44116 ], [ 120.43871, 23.4412 ], [ 120.43862, 23.44121 ], [ 120.43855, 23.44122 ], [ 120.43853, 23.44122 ], [ 120.43846, 23.44128 ], [ 120.43846, 23.44133 ], [ 120.43844, 23.44139 ], [ 120.43837, 23.4414 ], [ 120.43833, 23.44143 ], [ 120.43833, 23.44148 ], [ 120.43833, 23.44153 ], [ 120.43827, 23.44155 ], [ 120.43815, 23.44156 ], [ 120.43802, 23.4416 ], [ 120.43791, 23.44164 ], [ 120.43782, 23.44169 ], [ 120.43774, 23.44177 ], [ 120.43763, 23.44192 ], [ 120.43742, 23.44213 ], [ 120.43728, 23.44226 ], [ 120.43714, 23.44241 ], [ 120.43709, 23.4425 ], [ 120.43708, 23.44251 ], [ 120.4374, 23.44249 ] ] ] ] } },
{ "type": "Feature", "properties": { "days": 28, "type": "high", "color_hint": "Reds" }, "geometry": { "type": "MultiPolygon", "coordinates": [ [ [ [ 120.42459, 23.46105 ], [ 120.42557, 23.46104 ], [ 120.42655, 23.46096 ], [ 120.42723, 23.46086 ], [ 120.42702, 23.46084 ], [ 120.42638, 23.46077 ], [ 120.42604, 23.46075 ], [ 120.42578, 23.46077 ], [ 120.42551, 23.46086 ], [ 120.42535, 23.46091 ], [ 120.425, 23.4609 ], [ 120.42481, 23.46092 ], [ 120.42467, 23.46099 ], [ 120.42458, 23.46105 ], [ 120.42459, 23.46105 ] ] ], [ [ [ 120.42948, 23.46029 ], [ 120.42949, 23.46028 ], [ 120.43047, 23.45947 ], [ 120.43053, 23.45939 ], [ 120.43056, 23.45849 ], [ 120.43048, 23.45837 ], [ 120.42962, 23.45785 ], [ 120.42955, 23.45864 ], [ 120.42944, 23.45969 ], [ 120.42939, 23.46032 ], [ 120.42948, 23.46029 ] ] ] ] } },
{ "type": "Feature", "properties": { "days": 29, "type": "high", "color_hint": "Reds" }, "geometry": { "type": "MultiPolygon", "coordinates": [ [ [ [ 120.42459, 23.46105 ], [ 120.42557, 23.46104 ], [ 120.42655, 23.46096 ], [ 120.42723, 23.46086 ], [ 120.42702, 23.46084 ], [ 120.42638, 23.46077 ], [ 120.42604, 23.46075 ], [ 120.42578, 23.46077 ], [ 120.42551, 23.46086 ], [ 120.42535, 23.46091 ], [ 120.425, 23.4609 ], [ 120.42481, 23.46092 ], [ 120.42467, 23.46099 ], [ 120.42458, 23.46105 ], [ 120.42459, 23.46105 ] ] ], [ [ [ 120.42948, 23.46029 ], [ 120.42949, 23.46028 ], [ 120.43047, 23.45947 ], [ 120.43053, 23.45939 ], [ 120.43056, 23.45849 ], [ 120.43048, 23.45837 ], [ 120.42962, 23.45785 ], [ 120.42955, 23.45864 ], [ 120.42944, 23.45969 ], [ 120.42939, 23.46032 ], [ 120.42948, 23.46029 ] ] ] ] } },
{ "type": "Feature", "properties": { "days": 26, "type": "high", "color_hint": "Reds" }, "geometry": { "type": "MultiPolygon", "coordinates": [ [ [ [ 120.43053, 23.47023 ], [ 120.43141, 23.47046 ], [ 120.43238, 23.47079 ], [ 120.4332, 23.47114 ], [ 120.43336, 23.47118 ], [ 120.43434, 23.47143 ], [ 120.43532, 23.47167 ], [ 120.43629, 23.47186 ], [ 120.43727, 23.47197 ], [ 120.43825, 23.47198 ], [ 120.43923, 23.47194 ], [ 120.44021, 23.47188 ], [ 120.44119, 23.47184 ], [ 120.44217, 23.47142 ], [ 120.44242, 23.47117 ], [ 120.44315, 23.47036 ], [ 120.44322, 23.47027 ], [ 120.444, 23.46937 ], [ 120.44414, 23.46924 ], [ 120.4448, 23.46847 ], [ 120.44512, 23.46812 ], [ 120.44558, 23.46757 ], [ 120.4461, 23.46695 ], [ 120.44633, 23.46667 ], [ 120.44701, 23.46577 ], [ 120.44709, 23.46566 ], [ 120.44763, 23.46487 ], [ 120.44807, 23.46419 ], [ 120.44822, 23.46397 ], [ 120.44876, 23.46307 ], [ 120.44906, 23.46249 ], [ 120.44925, 23.46217 ], [ 120.44967, 23.46127 ], [ 120.44994, 23.46036 ], [ 120.44999, 23.45946 ], [ 120.4498, 23.45856 ], [ 120.44935, 23.45765 ], [ 120.44908, 23.45732 ], [ 120.44846, 23.45675 ], [ 120.4481, 23.4565 ], [ 120.44713, 23.456 ], [ 120.4467, 23.45584 ], [ 120.44615, 23.45566 ], [ 120.44517, 23.45553 ], [ 120.44419, 23.45569 ], [ 120.44394, 23.45583 ], [ 120.44321, 23.45638 ], [ 120.4429, 23.45673 ], [ 120.44223, 23.45747 ], [ 120.44211, 23.45763 ], [ 120.44136, 23.45853 ], [ 120.44124, 23.45865 ], [ 120.44057, 23.45943 ], [ 120.44026, 23.45972 ], [ 120.43968, 23.46033 ], [ 120.43928, 23.46071 ], [ 120.43874, 23.46123 ], [ 120.43829, 23.46171 ], [ 120.43787, 23.46213 ], [ 120.43731, 23.46274 ], [ 120.43702, 23.46303 ], [ 120.43633, 23.46378 ], [ 120.43618, 23.46393 ], [ 120.43535, 23.46483 ], [ 120.43535, 23.46483 ], [ 120.43446, 23.46573 ], [ 120.43436, 23.46584 ], [ 120.43356, 23.46663 ], [ 120.43338, 23.46684 ], [ 120.43265, 23.46753 ], [ 120.4324, 23.46782 ], [ 120.43171, 23.46843 ], [ 120.43141, 23.46876 ], [ 120.43068, 23.46933 ], [ 120.43053, 23.47023 ] ] ] ] } },
{ "type": "Feature", "properties": { "days": 27, "type": "high", "color_hint": "Reds" }, "geometry": { "type": "MultiPolygon", "coordinates": [ [ [ [ 120.43068, 23.46933 ], [ 120.43053, 23.47023 ], [ 120.43141, 23.47046 ], [ 120.43238, 23.47079 ], [ 120.4332, 23.47114 ], [ 120.43336, 23.47118 ], [ 120.43434, 23.47143 ], [ 120.43532, 23.47167 ], [ 120.43629, 23.47186 ], [ 120.43727, 23.47197 ], [ 120.43825, 23.47198 ], [ 120.43923, 23.47194 ], [ 120.44021, 23.47188 ], [ 120.44119, 23.47184 ], [ 120.44217, 23.47142 ], [ 120.44242, 23.47117 ], [ 120.44315, 23.47036 ], [ 120.44322, 23.47027 ], [ 120.444, 23.46937 ], [ 120.44414, 23.46924 ], [ 120.4448, 23.46847 ], [ 120.44512, 23.46812 ], [ 120.44558, 23.46757 ], [ 120.4461, 23.46695 ], [ 120.44633, 23.46667 ], [ 120.44701, 23.46577 ], [ 120.44709, 23.46566 ], [ 120.44763, 23.46487 ], [ 120.44807, 23.46419 ], [ 120.44822, 23.46397 ], [ 120.44876, 23.46307 ], [ 120.44906, 23.46249 ], [ 120.44925, 23.46217 ], [ 120.44967, 23.46127 ], [ 120.44994, 23.46036 ], [ 120.44999, 23.45946 ], [ 120.4498, 23.45856 ], [ 120.44935, 23.45765 ], [ 120.44908, 23.45732 ], [ 120.44846, 23.45675 ], [ 120.4481, 23.4565 ], [ 120.44713, 23.456 ], [ 120.4467, 23.45584 ], [ 120.44615, 23.45566 ], [ 120.44517, 23.45553 ], [ 120.44419, 23.45569 ], [ 120.44394, 23.45583 ], [ 120.44321, 23.45638 ], [ 120.4429, 23.45673 ], [ 120.44223, 23.45747 ], [ 120.44211, 23.45763 ], [ 120.44136, 23.45853 ], [ 120.44124, 23.45865 ], [ 120.44057, 23.45943 ], [ 120.44026, 23.45972 ], [ 120.43968, 23.46033 ], [ 120.43928, 23.46071 ], [ 120.43874, 23.46123 ], [ 120.43829, 23.46171 ], [ 120.43787, 23.46213 ], [ 120.43731, 23.46274 ], [ 120.43702, 23.46303 ], [ 120.43633, 23.46378 ], [ 120.43618, 23.46393 ], [ 120.43535, 23.46483 ], [ 120.43535, 23.46483 ], [ 120.43446, 23.46573 ], [ 120.43436, 23.46584 ], [ 120.43356, 23.46663 ], [ 120.43338, 23.46684 ], [ 120.43265, 23.46753 ], [ 120.4324, 23.46782 ], [ 120.43171, 23.46843 ], [ 120.43141, 23.46876 ], [ 120.43068, 23.46933 ] ] ] ] } },
{ "type": "Feature", "properties": { "days": 26, "type": "high", "color_hint": "Reds" }, "geometry": { "type": "MultiPolygon", "coordinates": [ [ [ [ 120.43621, 23.46844 ], [ 120.43615, 23.46935 ], [ 120.4363, 23.46951 ], [ 120.43728, 23.47016 ], [ 120.43767, 23.47025 ], [ 120.43826, 23.47032 ], [ 120.43909, 23.47026 ], [ 120.43924, 23.47024 ], [ 120.44022, 23.46987 ], [ 120.4411, 23.46936 ], [ 120.4412, 23.4693 ], [ 120.44218, 23.46855 ], [ 120.44228, 23.46846 ], [ 120.44316, 23.46762 ], [ 120.44322, 23.46756 ], [ 120.44397, 23.46666 ], [ 120.44415, 23.46642 ], [ 120.44459, 23.46576 ], [ 120.44512, 23.46486 ], [ 120.44513, 23.4648 ], [ 120.44531, 23.46396 ], [ 120.44514, 23.46349 ], [ 120.44436, 23.46305 ], [ 120.44416, 23.46301 ], [ 120.44318, 23.46303 ], [ 120.44305, 23.46305 ], [ 120.4422, 23.4632 ], [ 120.44122, 23.46354 ], [ 120.44047, 23.46394 ], [ 120.44024, 23.46407 ], [ 120.43926, 23.46483 ], [ 120.43925, 23.46484 ], [ 120.43834, 23.46574 ], [ 120.43828, 23.4658 ], [ 120.43753, 23.46664 ], [ 120.43729, 23.46692 ], [ 120.43679, 23.46754 ], [ 120.43631, 23.46829 ], [ 120.43621, 23.46844 ] ] ] ] } },
{ "type": "Feature", "properties": { "days": 25, "type": "high", "color_hint": "Reds" }, "geometry": { "type": "MultiPolygon", "coordinates": [ [ [ [ 120.43615, 23.46935 ], [ 120.4363, 23.46951 ], [ 120.43728, 23.47016 ], [ 120.43767, 23.47025 ], [ 120.43826, 23.47032 ], [ 120.43909, 23.47026 ], [ 120.43924, 23.47024 ], [ 120.44022, 23.46987 ], [ 120.4411, 23.46936 ], [ 120.4412, 23.4693 ], [ 120.44218, 23.46855 ], [ 120.44228, 23.46846 ], [ 120.44316, 23.46762 ], [ 120.44322, 23.46756 ], [ 120.44397, 23.46666 ], [ 120.44415, 23.46642 ], [ 120.44459, 23.46576 ], [ 120.44512, 23.46486 ], [ 120.44513, 23.4648 ], [ 120.44531, 23.46396 ], [ 120.44514, 23.46349 ], [ 120.44436, 23.46305 ], [ 120.44416, 23.46301 ], [ 120.44318, 23.46303 ], [ 120.44305, 23.46305 ], [ 120.4422, 23.4632 ], [ 120.44122, 23.46354 ], [ 120.44047, 23.46394 ], [ 120.44024, 23.46407 ], [ 120.43926, 23.46483 ], [ 120.43925, 23.46484 ], [ 120.43834, 23.46574 ], [ 120.43828, 23.4658 ], [ 120.43753, 23.46664 ], [ 120.43729, 23.46692 ], [ 120.43679, 23.46754 ], [ 120.43631, 23.46829 ], [ 120.43621, 23.46844 ], [ 120.43615, 23.46935 ] ] ] ] } },
{ "type": "Feature", "properties": { "days": 24, "type": "high", "color_hint": "Reds" }, "geometry": { "type": "MultiPolygon", "coordinates": [ [ [ [ 120.4892, 23.45689 ], [ 120.48921, 23.45701 ], [ 120.4893, 23.45779 ], [ 120.4895, 23.45869 ], [ 120.48983, 23.4596 ], [ 120.49018, 23.46025 ], [ 120.49035, 23.4605 ], [ 120.49115, 23.46121 ], [ 120.49146, 23.46141 ], [ 120.49213, 23.46173 ], [ 120.49311, 23.46206 ], [ 120.49409, 23.46228 ], [ 120.49433, 23.46232 ], [ 120.49506, 23.46243 ], [ 120.49604, 23.4626 ], [ 120.49702, 23.46295 ], [ 120.498, 23.46301 ], [ 120.49898, 23.46282 ], [ 120.49996, 23.46285 ], [ 120.50044, 23.46304 ], [ 120.50045, 23.46303 ], [ 120.50048, 23.46287 ], [ 120.5005, 23.46273 ], [ 120.50055, 23.46257 ], [ 120.50057, 23.46247 ], [ 120.50064, 23.46226 ], [ 120.50066, 23.4621 ], [ 120.50069, 23.46201 ], [ 120.50068, 23.46189 ], [ 120.50069, 23.46172 ], [ 120.50072, 23.46157 ], [ 120.50073, 23.46141 ], [ 120.50072, 23.46128 ], [ 120.50069, 23.46114 ], [ 120.50066, 23.46097 ], [ 120.50056, 23.46077 ], [ 120.50052, 23.46069 ], [ 120.50046, 23.46055 ], [ 120.5004, 23.46049 ], [ 120.50032, 23.46041 ], [ 120.50014, 23.46032 ], [ 120.50005, 23.46027 ], [ 120.49994, 23.46022 ], [ 120.49984, 23.46014 ], [ 120.49972, 23.46003 ], [ 120.49962, 23.45993 ], [ 120.49948, 23.45976 ], [ 120.49924, 23.45943 ], [ 120.49914, 23.45925 ], [ 120.49896, 23.45894 ], [ 120.49888, 23.45882 ], [ 120.49878, 23.45868 ], [ 120.49866, 23.45854 ], [ 120.49852, 23.45841 ], [ 120.49839, 23.45833 ], [ 120.49817, 23.45821 ], [ 120.49801, 23.45812 ], [ 120.49786, 23.45806 ], [ 120.49771, 23.45798 ], [ 120.49761, 23.45792 ], [ 120.49753, 23.45787 ], [ 120.49748, 23.45779 ], [ 120.49743, 23.4577 ], [ 120.49738, 23.45759 ], [ 120.49736, 23.45751 ], [ 120.49733, 23.45741 ], [ 120.4973, 23.45733 ], [ 120.49725, 23.45721 ], [ 120.49717, 23.45705 ], [ 120.49714, 23.45695 ], [ 120.49709, 23.45687 ], [ 120.49704, 23.45674 ], [ 120.49698, 23.4565 ], [ 120.49693, 23.45634 ], [ 120.4969, 23.45625 ], [ 120.49689, 23.45612 ], [ 120.49692, 23.45595 ], [ 120.49697, 23.45574 ], [ 120.49702, 23.45558 ], [ 120.49704, 23.45548 ], [ 120.49706, 23.4554 ], [ 120.49706, 23.45534 ], [ 120.49702, 23.45524 ], [ 120.49697, 23.45518 ], [ 120.49679, 23.4551 ], [ 120.49659, 23.45502 ], [ 120.49651, 23.45496 ], [ 120.49642, 23.45492 ], [ 120.49633, 23.45485 ], [ 120.49622, 23.45475 ], [ 120.49614, 23.45467 ], [ 120.49605, 23.45455 ], [ 120.49583, 23.45424 ], [ 120.49569, 23.45408 ], [ 120.49548, 23.45376 ], [ 120.49538, 23.45359 ], [ 120.49534, 23.45346 ], [ 120.4953, 23.45335 ], [ 120.49527, 23.45321 ], [ 120.49526, 23.45305 ], [ 120.49525, 23.45295 ], [ 120.49523, 23.4529 ], [ 120.49518, 23.45287 ], [ 120.49507, 23.45282 ], [ 120.49491, 23.45278 ], [ 120.49451, 23.45275 ], [ 120.49424, 23.45273 ], [ 120.49381, 23.45269 ], [ 120.49325, 23.4526 ], [ 120.49298, 23.45257 ], [ 120.4926, 23.45249 ], [ 120.49201, 23.45238 ], [ 120.49146, 23.45227 ], [ 120.49093, 23.45216 ], [ 120.49069, 23.45213 ], [ 120.49033, 23.45212 ], [ 120.49013, 23.45211 ], [ 120.49001, 23.45213 ], [ 120.48983, 23.45216 ], [ 120.48983, 23.45216 ], [ 120.48978, 23.45237 ], [ 120.48959, 23.45328 ], [ 120.48941, 23.45418 ], [ 120.48927, 23.45508 ], [ 120.48922, 23.4557 ], [ 120.4892, 23.45598 ], [ 120.4892, 23.45689 ] ] ] ] } },
{ "type": "Feature", "properties": { "days": 22, "type": "high", "color_hint": "Reds" }, "geometry": { "type": "MultiPolygon", "coordinates": [ [ [ [ 120.49802, 23.45837 ], [ 120.49828, 23.45872 ], [ 120.49899, 23.45936 ], [ 120.49936, 23.45963 ], [ 120.49939, 23.45965 ], [ 120.49924, 23.45943 ], [ 120.49914, 23.45925 ], [ 120.49896, 23.45894 ], [ 120.49888, 23.45882 ], [ 120.49878, 23.45868 ], [ 120.49866, 23.45854 ], [ 120.49852, 23.45841 ], [ 120.49839, 23.45833 ], [ 120.49817, 23.45821 ], [ 120.49801, 23.45812 ], [ 120.49786, 23.45806 ], [ 120.49777, 23.45801 ], [ 120.49802, 23.45837 ] ] ] ] } },
{ "type": "Feature", "properties": { "days": 23, "type": "high", "color_hint": "Reds" }, "geometry": { "type": "MultiPolygon", "coordinates": [ [ [ [ 120.49802, 23.45837 ], [ 120.49828, 23.45872 ], [ 120.49899, 23.45936 ], [ 120.49936, 23.45963 ], [ 120.49939, 23.45965 ], [ 120.49924, 23.45943 ], [ 120.49914, 23.45925 ], [ 120.49896, 23.45894 ], [ 120.49888, 23.45882 ], [ 120.49878, 23.45868 ], [ 120.49866, 23.45854 ], [ 120.49852, 23.45841 ], [ 120.49839, 23.45833 ], [ 120.49817, 23.45821 ], [ 120.49801, 23.45812 ], [ 120.49786, 23.45806 ], [ 120.49777, 23.45801 ], [ 120.49802, 23.45837 ] ] ] ] } },
{ "type": "Feature", "properties": { "days": 24, "type": "high", "color_hint": "Reds" }, "geometry": { "type": "MultiPolygon", "coordinates": [ [ [ [ 120.49396, 23.45419 ], [ 120.4938, 23.45509 ], [ 120.49355, 23.456 ], [ 120.49332, 23.4569 ], [ 120.49323, 23.4578 ], [ 120.49341, 23.45871 ], [ 120.49405, 23.45961 ], [ 120.4941, 23.45964 ], [ 120.49507, 23.46023 ], [ 120.49564, 23.46052 ], [ 120.49605, 23.46065 ], [ 120.49703, 23.46094 ], [ 120.498, 23.46124 ], [ 120.49849, 23.46143 ], [ 120.49898, 23.46156 ], [ 120.49996, 23.46163 ], [ 120.50069, 23.46198 ], [ 120.50068, 23.46189 ], [ 120.50069, 23.46172 ], [ 120.50072, 23.46157 ], [ 120.50073, 23.46141 ], [ 120.50072, 23.46128 ], [ 120.50069, 23.46114 ], [ 120.50066, 23.46097 ], [ 120.50056, 23.46077 ], [ 120.50052, 23.46069 ], [ 120.50046, 23.46055 ], [ 120.5004, 23.46049 ], [ 120.50032, 23.46041 ], [ 120.50014, 23.46032 ], [ 120.50005, 23.46027 ], [ 120.49994, 23.46022 ], [ 120.49984, 23.46014 ], [ 120.49972, 23.46003 ], [ 120.49962, 23.45993 ], [ 120.49948, 23.45976 ], [ 120.49924, 23.45943 ], [ 120.49914, 23.45925 ], [ 120.49896, 23.45894 ], [ 120.49888, 23.45882 ], [ 120.49878, 23.45868 ], [ 120.49866, 23.45854 ], [ 120.49852, 23.45841 ], [ 120.49839, 23.45833 ], [ 120.49817, 23.45821 ], [ 120.49801, 23.45812 ], [ 120.49786, 23.45806 ], [ 120.49771, 23.45798 ], [ 120.49761, 23.45792 ], [ 120.49753, 23.45787 ], [ 120.49748, 23.45779 ], [ 120.49743, 23.4577 ], [ 120.49738, 23.45759 ], [ 120.49736, 23.45751 ], [ 120.49733, 23.45741 ], [ 120.4973, 23.45733 ], [ 120.49725, 23.45721 ], [ 120.49717, 23.45705 ], [ 120.49714, 23.45695 ], [ 120.49709, 23.45687 ], [ 120.49704, 23.45674 ], [ 120.49698, 23.4565 ], [ 120.49693, 23.45634 ], [ 120.4969, 23.45625 ], [ 120.49689, 23.45612 ], [ 120.49692, 23.45595 ], [ 120.49697, 23.45574 ], [ 120.49702, 23.45558 ], [ 120.49704, 23.45548 ], [ 120.49706, 23.4554 ], [ 120.49706, 23.45534 ], [ 120.49702, 23.45524 ], [ 120.49697, 23.45518 ], [ 120.49679, 23.4551 ], [ 120.49659, 23.45502 ], [ 120.49651, 23.45496 ], [ 120.49642, 23.45492 ], [ 120.49633, 23.45485 ], [ 120.49622, 23.45475 ], [ 120.49614, 23.45467 ], [ 120.49605, 23.45455 ], [ 120.49583, 23.45424 ], [ 120.49569, 23.45408 ], [ 120.49548, 23.45376 ], [ 120.49538, 23.45359 ], [ 120.49534, 23.45346 ], [ 120.4953, 23.45335 ], [ 120.49527, 23.45321 ], [ 120.49526, 23.45305 ], [ 120.49525, 23.45295 ], [ 120.49523, 23.4529 ], [ 120.49518, 23.45287 ], [ 120.49516, 23.45286 ], [ 120.4951, 23.45287 ], [ 120.49426, 23.45329 ], [ 120.49412, 23.45361 ], [ 120.49396, 23.45419 ] ] ] ] } },
{ "type": "Feature", "properties": { "days": 23, "type": "high", "color_hint": "Reds" }, "geometry": { "type": "MultiPolygon", "coordinates": [ [ [ [ 120.4938, 23.45509 ], [ 120.49355, 23.456 ], [ 120.49332, 23.4569 ], [ 120.49323, 23.4578 ], [ 120.49341, 23.45871 ], [ 120.49405, 23.45961 ], [ 120.4941, 23.45964 ], [ 120.49507, 23.46023 ], [ 120.49564, 23.46052 ], [ 120.49605, 23.46065 ], [ 120.49703, 23.46094 ], [ 120.498, 23.46124 ], [ 120.49849, 23.46143 ], [ 120.49898, 23.46156 ], [ 120.49996, 23.46163 ], [ 120.50069, 23.46198 ], [ 120.50068, 23.46189 ], [ 120.50069, 23.46172 ], [ 120.50072, 23.46157 ], [ 120.50073, 23.46141 ], [ 120.50072, 23.46128 ], [ 120.50069, 23.46114 ], [ 120.50066, 23.46097 ], [ 120.50056, 23.46077 ], [ 120.50052, 23.46069 ], [ 120.50046, 23.46055 ], [ 120.5004, 23.46049 ], [ 120.50032, 23.46041 ], [ 120.50014, 23.46032 ], [ 120.50005, 23.46027 ], [ 120.49994, 23.46022 ], [ 120.49984, 23.46014 ], [ 120.49972, 23.46003 ], [ 120.49962, 23.45993 ], [ 120.49948, 23.45976 ], [ 120.49924, 23.45943 ], [ 120.49914, 23.45925 ], [ 120.49896, 23.45894 ], [ 120.49888, 23.45882 ], [ 120.49878, 23.45868 ], [ 120.49866, 23.45854 ], [ 120.49852, 23.45841 ], [ 120.49839, 23.45833 ], [ 120.49817, 23.45821 ], [ 120.49801, 23.45812 ], [ 120.49786, 23.45806 ], [ 120.49771, 23.45798 ], [ 120.49761, 23.45792 ], [ 120.49753, 23.45787 ], [ 120.49748, 23.45779 ], [ 120.49743, 23.4577 ], [ 120.49738, 23.45759 ], [ 120.49736, 23.45751 ], [ 120.49733, 23.45741 ], [ 120.4973, 23.45733 ], [ 120.49725, 23.45721 ], [ 120.49717, 23.45705 ], [ 120.49714, 23.45695 ], [ 120.49709, 23.45687 ], [ 120.49704, 23.45674 ], [ 120.49698, 23.4565 ], [ 120.49693, 23.45634 ], [ 120.4969, 23.45625 ], [ 120.49689, 23.45612 ], [ 120.49692, 23.45595 ], [ 120.49697, 23.45574 ], [ 120.49702, 23.45558 ], [ 120.49704, 23.45548 ], [ 120.49706, 23.4554 ], [ 120.49706, 23.45534 ], [ 120.49702, 23.45524 ], [ 120.49697, 23.45518 ], [ 120.49679, 23.4551 ], [ 120.49659, 23.45502 ], [ 120.49651, 23.45496 ], [ 120.49642, 23.45492 ], [ 120.49633, 23.45485 ], [ 120.49622, 23.45475 ], [ 120.49614, 23.45467 ], [ 120.49605, 23.45455 ], [ 120.49583, 23.45424 ], [ 120.49569, 23.45408 ], [ 120.49548, 23.45376 ], [ 120.49538, 23.45359 ], [ 120.49534, 23.45346 ], [ 120.4953, 23.45335 ], [ 120.49527, 23.45321 ], [ 120.49526, 23.45305 ], [ 120.49525, 23.45295 ], [ 120.49523, 23.4529 ], [ 120.49518, 23.45287 ], [ 120.49516, 23.45286 ], [ 120.4951, 23.45287 ], [ 120.49426, 23.45329 ], [ 120.49412, 23.45361 ], [ 120.49396, 23.45419 ], [ 120.4938, 23.45509 ] ] ] ] } },
{ "type": "Feature", "properties": { "days": 28, "type": "high", "color_hint": "Reds" }, "geometry": { "type": "MultiPolygon", "coordinates": [ [ [ [ 120.48137, 23.45926 ], [ 120.48208, 23.45867 ], [ 120.48236, 23.4581 ], [ 120.48251, 23.45777 ], [ 120.48236, 23.45761 ], [ 120.48228, 23.45761 ], [ 120.48211, 23.45772 ], [ 120.48194, 23.45783 ], [ 120.48169, 23.45807 ], [ 120.48161, 23.45825 ], [ 120.48142, 23.45861 ], [ 120.48134, 23.45877 ], [ 120.48114, 23.45907 ], [ 120.48111, 23.45917 ], [ 120.48106, 23.45934 ], [ 120.48106, 23.45946 ], [ 120.48103, 23.45951 ], [ 120.48137, 23.45926 ] ] ] ] } },
{ "type": "Feature", "properties": { "days": 27, "type": "high", "color_hint": "Reds" }, "geometry": { "type": "MultiPolygon", "coordinates": [ [ [ [ 120.48137, 23.45926 ], [ 120.48208, 23.45867 ], [ 120.48236, 23.4581 ], [ 120.48251, 23.45777 ], [ 120.48236, 23.45761 ], [ 120.48228, 23.45761 ], [ 120.48211, 23.45772 ], [ 120.48194, 23.45783 ], [ 120.48169, 23.45807 ], [ 120.48161, 23.45825 ], [ 120.48142, 23.45861 ], [ 120.48134, 23.45877 ], [ 120.48114, 23.45907 ], [ 120.48111, 23.45917 ], [ 120.48106, 23.45934 ], [ 120.48106, 23.45946 ], [ 120.48103, 23.45951 ], [ 120.48137, 23.45926 ] ] ] ] } },
{ "type": "Feature", "properties": { "days": 30, "type": "high", "color_hint": "Reds" }, "geometry": { "type": "MultiPolygon", "coordinates": [ [ [ [ 120.44187, 23.44047 ], [ 120.44224, 23.44055 ], [ 120.44207, 23.44047 ], [ 120.44187, 23.44047 ] ] ] ] } },
{ "type": "Feature", "properties": { "days": 26, "type": "high", "color_hint": "Reds" }, "geometry": { "type": "MultiPolygon", "coordinates": [ [ [ [ 120.45265, 23.44502 ], [ 120.45253, 23.44593 ], [ 120.45248, 23.44683 ], [ 120.45246, 23.44773 ], [ 120.45253, 23.44863 ], [ 120.45276, 23.44954 ], [ 120.45303, 23.45003 ], [ 120.45326, 23.45044 ], [ 120.454, 23.45125 ], [ 120.45409, 23.45135 ], [ 120.45497, 23.45208 ], [ 120.4552, 23.45226 ], [ 120.45595, 23.45277 ], [ 120.45654, 23.45316 ], [ 120.45693, 23.4534 ], [ 120.4579, 23.45398 ], [ 120.45806, 23.45407 ], [ 120.45888, 23.45454 ], [ 120.45968, 23.45498 ], [ 120.45986, 23.45508 ], [ 120.46083, 23.4556 ], [ 120.4614, 23.45589 ], [ 120.46181, 23.4561 ], [ 120.46279, 23.45658 ], [ 120.46322, 23.4568 ], [ 120.46376, 23.45708 ], [ 120.46471, 23.45755 ], [ 120.46471, 23.45754 ], [ 120.46472, 23.45736 ], [ 120.46473, 23.45719 ], [ 120.46471, 23.45709 ], [ 120.4647, 23.45696 ], [ 120.46468, 23.45683 ], [ 120.46466, 23.45664 ], [ 120.46461, 23.45647 ], [ 120.46457, 23.45629 ], [ 120.46455, 23.45623 ], [ 120.46382, 23.4559 ], [ 120.46377, 23.45587 ], [ 120.46279, 23.4554 ], [ 120.46268, 23.45535 ], [ 120.46263, 23.45535 ], [ 120.4625, 23.45533 ], [ 120.46235, 23.45529 ], [ 120.46226, 23.45526 ], [ 120.46218, 23.45527 ], [ 120.46172, 23.45531 ], [ 120.46152, 23.45532 ], [ 120.46124, 23.45532 ], [ 120.46106, 23.45534 ], [ 120.46101, 23.45532 ], [ 120.46093, 23.45526 ], [ 120.46079, 23.45509 ], [ 120.46066, 23.45494 ], [ 120.46051, 23.4548 ], [ 120.46042, 23.45467 ], [ 120.4603, 23.45454 ], [ 120.46024, 23.4545 ], [ 120.46013, 23.45447 ], [ 120.45998, 23.45444 ], [ 120.45959, 23.45436 ], [ 120.45954, 23.45435 ], [ 120.4593, 23.4543 ], [ 120.4591, 23.45424 ], [ 120.45899, 23.4542 ], [ 120.45889, 23.45414 ], [ 120.45882, 23.45403 ], [ 120.45875, 23.45393 ], [ 120.45869, 23.45388 ], [ 120.45846, 23.45364 ], [ 120.4583, 23.45354 ], [ 120.45809, 23.45339 ], [ 120.45809, 23.45336 ], [ 120.45808, 23.45335 ], [ 120.45806, 23.45333 ], [ 120.45786, 23.45314 ], [ 120.45773, 23.45305 ], [ 120.45757, 23.45298 ], [ 120.45744, 23.45292 ], [ 120.45735, 23.45288 ], [ 120.45731, 23.45285 ], [ 120.4573, 23.45278 ], [ 120.45731, 23.45271 ], [ 120.45733, 23.45267 ], [ 120.45741, 23.45265 ], [ 120.45751, 23.45263 ], [ 120.45758, 23.45261 ], [ 120.45764, 23.45256 ], [ 120.45766, 23.45253 ], [ 120.45761, 23.45244 ], [ 120.45757, 23.45241 ], [ 120.45753, 23.45237 ], [ 120.45745, 23.45232 ], [ 120.45737, 23.45229 ], [ 120.45726, 23.45224 ], [ 120.45717, 23.45221 ], [ 120.45709, 23.45219 ], [ 120.457, 23.45219 ], [ 120.45695, 23.45218 ], [ 120.45685, 23.45214 ], [ 120.4568, 23.45206 ], [ 120.45656, 23.45176 ], [ 120.45643, 23.45161 ], [ 120.45624, 23.45137 ], [ 120.45623, 23.45136 ], [ 120.45596, 23.4511 ], [ 120.4553, 23.45045 ], [ 120.45521, 23.45033 ], [ 120.45511, 23.45033 ], [ 120.45497, 23.45035 ], [ 120.4548, 23.45036 ], [ 120.45476, 23.45035 ], [ 120.45471, 23.45032 ], [ 120.45469, 23.45021 ], [ 120.45465, 23.44992 ], [ 120.45465, 23.44974 ], [ 120.45461, 23.44949 ], [ 120.45423, 23.44864 ], [ 120.45401, 23.44782 ], [ 120.45399, 23.44774 ], [ 120.45387, 23.44683 ], [ 120.45387, 23.44669 ], [ 120.45378, 23.4465 ], [ 120.4535, 23.44598 ], [ 120.45335, 23.44573 ], [ 120.45319, 23.44546 ], [ 120.45311, 23.44529 ], [ 120.45298, 23.44504 ], [ 120.45286, 23.44487 ], [ 120.45274, 23.44474 ], [ 120.45265, 23.44502 ] ] ], [ [ [ 120.48547, 23.45597 ], [ 120.48537, 23.45687 ], [ 120.4853, 23.45713 ], [ 120.48508, 23.45778 ], [ 120.48474, 23.45868 ], [ 120.48433, 23.45958 ], [ 120.48431, 23.45963 ], [ 120.48383, 23.46048 ], [ 120.48342, 23.46138 ], [ 120.48332, 23.46162 ], [ 120.48234, 23.46224 ], [ 120.48136, 23.46202 ], [ 120.48038, 23.46179 ], [ 120.4794, 23.46198 ], [ 120.47883, 23.46227 ], [ 120.47842, 23.46246 ], [ 120.47744, 23.46294 ], [ 120.47692, 23.46317 ], [ 120.47646, 23.46338 ], [ 120.47548, 23.46379 ], [ 120.47484, 23.46406 ], [ 120.4745, 23.46422 ], [ 120.47352, 23.4647 ], [ 120.47307, 23.46496 ], [ 120.47254, 23.46533 ], [ 120.47199, 23.46586 ], [ 120.47156, 23.46639 ], [ 120.47136, 23.46676 ], [ 120.4709, 23.46766 ], [ 120.47057, 23.46839 ], [ 120.47051, 23.46856 ], [ 120.47019, 23.46946 ], [ 120.46989, 23.47037 ], [ 120.46958, 23.47114 ], [ 120.46953, 23.47127 ], [ 120.4692, 23.47217 ], [ 120.46886, 23.47307 ], [ 120.46859, 23.47373 ], [ 120.46851, 23.47397 ], [ 120.46823, 23.47488 ], [ 120.46799, 23.47578 ], [ 120.46782, 23.47668 ], [ 120.46775, 23.47758 ], [ 120.46781, 23.47849 ], [ 120.46803, 23.47939 ], [ 120.46844, 23.48029 ], [ 120.46856, 23.48046 ], [ 120.46931, 23.4812 ], [ 120.46954, 23.48137 ], [ 120.47051, 23.48201 ], [ 120.47066, 23.48211 ], [ 120.47149, 23.48258 ], [ 120.4723, 23.48302 ], [ 120.47247, 23.4831 ], [ 120.47345, 23.48352 ], [ 120.47442, 23.48388 ], [ 120.47464, 23.48393 ], [ 120.4754, 23.48409 ], [ 120.47638, 23.48419 ], [ 120.47736, 23.48416 ], [ 120.47834, 23.48416 ], [ 120.47932, 23.48434 ], [ 120.48023, 23.48485 ], [ 120.48029, 23.48489 ], [ 120.48125, 23.48576 ], [ 120.48127, 23.48578 ], [ 120.48202, 23.48666 ], [ 120.48224, 23.48688 ], [ 120.48308, 23.48757 ], [ 120.48322, 23.48766 ], [ 120.4842, 23.48817 ], [ 120.48485, 23.48848 ], [ 120.48517, 23.48862 ], [ 120.48615, 23.489 ], [ 120.48713, 23.48933 ], [ 120.48732, 23.48939 ], [ 120.48811, 23.48961 ], [ 120.48909, 23.48984 ], [ 120.49006, 23.49001 ], [ 120.49104, 23.49012 ], [ 120.49202, 23.49017 ], [ 120.493, 23.49016 ], [ 120.49398, 23.49012 ], [ 120.49496, 23.49005 ], [ 120.49594, 23.48995 ], [ 120.49692, 23.48983 ], [ 120.4979, 23.48969 ], [ 120.49888, 23.48953 ], [ 120.49946, 23.48943 ], [ 120.49986, 23.48936 ], [ 120.49997, 23.48932 ], [ 120.50084, 23.48853 ], [ 120.50107, 23.48831 ], [ 120.50084, 23.48838 ], [ 120.50038, 23.48853 ], [ 120.49986, 23.48869 ], [ 120.49888, 23.48886 ], [ 120.4979, 23.48899 ], [ 120.49692, 23.4891 ], [ 120.49594, 23.48919 ], [ 120.49496, 23.48926 ], [ 120.49398, 23.48929 ], [ 120.493, 23.48929 ], [ 120.49202, 23.48925 ], [ 120.49105, 23.48911 ], [ 120.49007, 23.48891 ], [ 120.48909, 23.48872 ], [ 120.48818, 23.48849 ], [ 120.48811, 23.48847 ], [ 120.48713, 23.48815 ], [ 120.48616, 23.48777 ], [ 120.4857, 23.48758 ], [ 120.48518, 23.48732 ], [ 120.4842, 23.48678 ], [ 120.48404, 23.48667 ], [ 120.48323, 23.48594 ], [ 120.48307, 23.48576 ], [ 120.48243, 23.48486 ], [ 120.48225, 23.48459 ], [ 120.48175, 23.48395 ], [ 120.48128, 23.48339 ], [ 120.48089, 23.48305 ], [ 120.4803, 23.48255 ], [ 120.47945, 23.48214 ], [ 120.47933, 23.48208 ], [ 120.47835, 23.48196 ], [ 120.47737, 23.48201 ], [ 120.47639, 23.48209 ], [ 120.47551, 23.48212 ], [ 120.47541, 23.48213 ], [ 120.47532, 23.48212 ], [ 120.47443, 23.48207 ], [ 120.47345, 23.48188 ], [ 120.47247, 23.48154 ], [ 120.47177, 23.48121 ], [ 120.4715, 23.48107 ], [ 120.47052, 23.48042 ], [ 120.47037, 23.4803 ], [ 120.46955, 23.47947 ], [ 120.4695, 23.47939 ], [ 120.46913, 23.47849 ], [ 120.46899, 23.47759 ], [ 120.46902, 23.47668 ], [ 120.46919, 23.47578 ], [ 120.46944, 23.47488 ], [ 120.46957, 23.47453 ], [ 120.46985, 23.47398 ], [ 120.47036, 23.47308 ], [ 120.47055, 23.47273 ], [ 120.47109, 23.47218 ], [ 120.47146, 23.47127 ], [ 120.47149, 23.47037 ], [ 120.47154, 23.47022 ], [ 120.47179, 23.46947 ], [ 120.47243, 23.46857 ], [ 120.47253, 23.46845 ], [ 120.47322, 23.46767 ], [ 120.47351, 23.46738 ], [ 120.47417, 23.46677 ], [ 120.47449, 23.4665 ], [ 120.4753, 23.46587 ], [ 120.47547, 23.46574 ], [ 120.47646, 23.46506 ], [ 120.47658, 23.46497 ], [ 120.47744, 23.4644 ], [ 120.47799, 23.46407 ], [ 120.47842, 23.46381 ], [ 120.4794, 23.46338 ], [ 120.48038, 23.46325 ], [ 120.48136, 23.46351 ], [ 120.48233, 23.46406 ], [ 120.48238, 23.46409 ], [ 120.48331, 23.46465 ], [ 120.48384, 23.465 ], [ 120.48429, 23.4653 ], [ 120.48513, 23.4659 ], [ 120.48526, 23.466 ], [ 120.48624, 23.46673 ], [ 120.48634, 23.46681 ], [ 120.48721, 23.46749 ], [ 120.48749, 23.46772 ], [ 120.48819, 23.46831 ], [ 120.48854, 23.46862 ], [ 120.48916, 23.46918 ], [ 120.48952, 23.46953 ], [ 120.49014, 23.47008 ], [ 120.49052, 23.47044 ], [ 120.49112, 23.47077 ], [ 120.49209, 23.47119 ], [ 120.49238, 23.47134 ], [ 120.49307, 23.47164 ], [ 120.49405, 23.47201 ], [ 120.49461, 23.47225 ], [ 120.49503, 23.47241 ], [ 120.496, 23.47275 ], [ 120.49698, 23.47308 ], [ 120.49727, 23.47317 ], [ 120.49796, 23.47335 ], [ 120.49894, 23.47352 ], [ 120.49992, 23.47352 ], [ 120.5009, 23.47333 ], [ 120.50133, 23.47318 ], [ 120.50188, 23.47297 ], [ 120.50286, 23.4725 ], [ 120.50331, 23.47228 ], [ 120.50384, 23.47199 ], [ 120.50482, 23.47146 ], [ 120.50496, 23.47138 ], [ 120.5058, 23.4708 ], [ 120.50632, 23.47049 ], [ 120.50659, 23.47013 ], [ 120.50656, 23.47009 ], [ 120.50643, 23.47005 ], [ 120.50633, 23.47005 ], [ 120.50623, 23.47001 ], [ 120.50615, 23.46998 ], [ 120.50607, 23.46995 ], [ 120.50599, 23.46988 ], [ 120.50593, 23.46981 ], [ 120.50585, 23.4697 ], [ 120.50582, 23.46964 ], [ 120.50568, 23.46962 ], [ 120.50544, 23.46961 ], [ 120.50527, 23.4696 ], [ 120.50514, 23.4696 ], [ 120.50505, 23.4696 ], [ 120.50494, 23.46956 ], [ 120.50486, 23.46951 ], [ 120.50479, 23.4694 ], [ 120.50476, 23.4693 ], [ 120.50474, 23.46919 ], [ 120.50473, 23.46902 ], [ 120.50471, 23.46895 ], [ 120.50467, 23.4688 ], [ 120.50451, 23.46854 ], [ 120.50439, 23.46838 ], [ 120.50437, 23.46826 ], [ 120.50434, 23.46815 ], [ 120.5043, 23.46797 ], [ 120.50424, 23.46784 ], [ 120.50418, 23.46778 ], [ 120.50408, 23.46765 ], [ 120.50401, 23.46758 ], [ 120.50396, 23.46749 ], [ 120.50393, 23.46742 ], [ 120.50388, 23.46732 ], [ 120.50384, 23.46725 ], [ 120.50375, 23.46718 ], [ 120.50356, 23.46722 ], [ 120.50335, 23.46723 ], [ 120.50295, 23.46722 ], [ 120.50277, 23.46721 ], [ 120.50239, 23.4671 ], [ 120.50222, 23.46705 ], [ 120.5019, 23.46697 ], [ 120.50176, 23.46692 ], [ 120.50171, 23.46682 ], [ 120.50165, 23.46671 ], [ 120.50158, 23.4666 ], [ 120.50148, 23.46646 ], [ 120.50141, 23.46629 ], [ 120.50131, 23.46615 ], [ 120.50122, 23.46604 ], [ 120.50114, 23.46599 ], [ 120.50102, 23.46588 ], [ 120.5009, 23.46578 ], [ 120.50073, 23.46571 ], [ 120.5004, 23.46564 ], [ 120.5002, 23.4656 ], [ 120.50008, 23.46557 ], [ 120.49996, 23.46554 ], [ 120.49982, 23.46549 ], [ 120.49971, 23.46539 ], [ 120.49968, 23.4653 ], [ 120.49964, 23.46521 ], [ 120.49962, 23.46514 ], [ 120.49964, 23.46504 ], [ 120.49968, 23.46494 ], [ 120.49973, 23.46489 ], [ 120.49992, 23.46464 ], [ 120.49994, 23.46457 ], [ 120.49996, 23.46445 ], [ 120.49999, 23.46432 ], [ 120.50005, 23.46408 ], [ 120.50008, 23.46401 ], [ 120.49995, 23.46396 ], [ 120.49897, 23.46393 ], [ 120.49815, 23.46414 ], [ 120.49799, 23.46418 ], [ 120.49701, 23.46451 ], [ 120.49603, 23.46473 ], [ 120.49506, 23.46461 ], [ 120.49408, 23.46437 ], [ 120.4931, 23.46435 ], [ 120.49212, 23.46441 ], [ 120.49114, 23.46443 ], [ 120.49016, 23.46439 ], [ 120.48918, 23.46412 ], [ 120.48917, 23.46411 ], [ 120.48821, 23.46333 ], [ 120.48811, 23.4632 ], [ 120.48752, 23.4623 ], [ 120.48724, 23.46167 ], [ 120.48713, 23.46139 ], [ 120.48697, 23.46049 ], [ 120.48699, 23.45959 ], [ 120.48703, 23.45868 ], [ 120.48708, 23.45778 ], [ 120.48716, 23.45688 ], [ 120.48725, 23.45598 ], [ 120.48726, 23.45594 ], [ 120.48737, 23.45507 ], [ 120.48742, 23.45417 ], [ 120.48739, 23.45406 ], [ 120.48725, 23.45418 ], [ 120.4868, 23.45453 ], [ 120.48642, 23.45487 ], [ 120.48625, 23.455 ], [ 120.48599, 23.45524 ], [ 120.48581, 23.45538 ], [ 120.48554, 23.45559 ], [ 120.48539, 23.4557 ], [ 120.48547, 23.45597 ] ] ] ] } },
{ "type": "Feature", "properties": { "days": 25, "type": "high", "color_hint": "Reds" }, "geometry": { "type": "MultiPolygon", "coordinates": [ [ [ [ 120.45387, 23.44683 ], [ 120.45399, 23.44774 ], [ 120.45401, 23.44782 ], [ 120.45423, 23.44864 ], [ 120.45461, 23.44949 ], [ 120.4546, 23.44941 ], [ 120.4546, 23.44926 ], [ 120.4546, 23.44893 ], [ 120.4546, 23.44875 ], [ 120.45461, 23.44841 ], [ 120.45461, 23.44833 ], [ 120.4546, 23.44832 ], [ 120.45456, 23.44822 ], [ 120.45444, 23.44792 ], [ 120.45435, 23.44776 ], [ 120.45421, 23.44745 ], [ 120.45401, 23.44699 ], [ 120.45387, 23.44669 ], [ 120.45387, 23.44683 ] ] ], [ [ [ 120.4553, 23.45045 ], [ 120.45596, 23.4511 ], [ 120.45623, 23.45136 ], [ 120.45624, 23.45137 ], [ 120.45622, 23.45134 ], [ 120.45596, 23.45099 ], [ 120.45582, 23.45084 ], [ 120.45565, 23.45065 ], [ 120.45562, 23.45057 ], [ 120.45554, 23.45044 ], [ 120.45549, 23.45038 ], [ 120.45542, 23.45033 ], [ 120.45529, 23.45034 ], [ 120.45521, 23.45033 ], [ 120.4553, 23.45045 ] ] ], [ [ [ 120.46279, 23.4554 ], [ 120.46377, 23.45587 ], [ 120.46382, 23.4559 ], [ 120.46455, 23.45623 ], [ 120.46454, 23.45619 ], [ 120.46451, 23.45609 ], [ 120.4645, 23.45601 ], [ 120.46451, 23.45592 ], [ 120.46454, 23.45583 ], [ 120.46457, 23.45575 ], [ 120.46458, 23.45571 ], [ 120.46457, 23.45567 ], [ 120.46452, 23.45561 ], [ 120.46447, 23.45558 ], [ 120.46433, 23.45553 ], [ 120.46412, 23.45549 ], [ 120.46394, 23.45548 ], [ 120.46382, 23.45547 ], [ 120.46365, 23.45538 ], [ 120.46348, 23.45534 ], [ 120.46332, 23.45531 ], [ 120.46318, 23.4553 ], [ 120.46304, 23.45531 ], [ 120.46291, 23.45534 ], [ 120.46281, 23.45534 ], [ 120.46273, 23.45535 ], [ 120.46268, 23.45535 ], [ 120.46279, 23.4554 ] ] ], [ [ [ 120.48742, 23.45417 ], [ 120.48737, 23.45507 ], [ 120.48726, 23.45594 ], [ 120.48725, 23.45598 ], [ 120.48716, 23.45688 ], [ 120.48708, 23.45778 ], [ 120.48703, 23.45868 ], [ 120.48699, 23.45959 ], [ 120.48697, 23.46049 ], [ 120.48713, 23.46139 ], [ 120.48724, 23.46167 ], [ 120.48752, 23.4623 ], [ 120.48811, 23.4632 ], [ 120.48821, 23.46333 ], [ 120.48917, 23.46411 ], [ 120.48918, 23.46412 ], [ 120.49016, 23.46439 ], [ 120.49114, 23.46443 ], [ 120.49212, 23.46441 ], [ 120.4931, 23.46435 ], [ 120.49408, 23.46437 ], [ 120.49506, 23.46461 ], [ 120.49603, 23.46473 ], [ 120.49701, 23.46451 ], [ 120.49799, 23.46418 ], [ 120.49815, 23.46414 ], [ 120.49897, 23.46393 ], [ 120.49995, 23.46396 ], [ 120.50008, 23.46401 ], [ 120.50012, 23.46392 ], [ 120.50028, 23.46355 ], [ 120.50034, 23.46339 ], [ 120.50044, 23.46304 ], [ 120.49996, 23.46285 ], [ 120.49898, 23.46282 ], [ 120.498, 23.46301 ], [ 120.49702, 23.46295 ], [ 120.49604, 23.4626 ], [ 120.49506, 23.46243 ], [ 120.49433, 23.46232 ], [ 120.49409, 23.46228 ], [ 120.49311, 23.46206 ], [ 120.49213, 23.46173 ], [ 120.49146, 23.46141 ], [ 120.49115, 23.46121 ], [ 120.49035, 23.4605 ], [ 120.49018, 23.46025 ], [ 120.48983, 23.4596 ], [ 120.4895, 23.45869 ], [ 120.4893, 23.45779 ], [ 120.48921, 23.45701 ], [ 120.4892, 23.45689 ], [ 120.4892, 23.45598 ], [ 120.48922, 23.4557 ], [ 120.48927, 23.45508 ], [ 120.48941, 23.45418 ], [ 120.48959, 23.45328 ], [ 120.48978, 23.45237 ], [ 120.48983, 23.45216 ], [ 120.48961, 23.45225 ], [ 120.4894, 23.45235 ], [ 120.48924, 23.45247 ], [ 120.48914, 23.45259 ], [ 120.48894, 23.45274 ], [ 120.48881, 23.45283 ], [ 120.48862, 23.45298 ], [ 120.48835, 23.45323 ], [ 120.48805, 23.45347 ], [ 120.48761, 23.45385 ], [ 120.48739, 23.45406 ], [ 120.48742, 23.45417 ] ] ], [ [ [ 120.50632, 23.47049 ], [ 120.5058, 23.4708 ], [ 120.50496, 23.47138 ], [ 120.50482, 23.47146 ], [ 120.50384, 23.47199 ], [ 120.50331, 23.47228 ], [ 120.50286, 23.4725 ], [ 120.50188, 23.47297 ], [ 120.50133, 23.47318 ], [ 120.5009, 23.47333 ], [ 120.49992, 23.47352 ], [ 120.49894, 23.47352 ], [ 120.49796, 23.47335 ], [ 120.49727, 23.47317 ], [ 120.49698, 23.47308 ], [ 120.496, 23.47275 ], [ 120.49503, 23.47241 ], [ 120.49461, 23.47225 ], [ 120.49405, 23.47201 ], [ 120.49307, 23.47164 ], [ 120.49238, 23.47134 ], [ 120.49209, 23.47119 ], [ 120.49112, 23.47077 ], [ 120.49052, 23.47044 ], [ 120.49014, 23.47008 ], [ 120.48952, 23.46953 ], [ 120.48916, 23.46918 ], [ 120.48854, 23.46862 ], [ 120.48819, 23.46831 ], [ 120.48749, 23.46772 ], [ 120.48721, 23.46749 ], [ 120.48634, 23.46681 ], [ 120.48624, 23.46673 ], [ 120.48526, 23.466 ], [ 120.48513, 23.4659 ], [ 120.48429, 23.4653 ], [ 120.48384, 23.465 ], [ 120.48331, 23.46465 ], [ 120.48238, 23.46409 ], [ 120.48233, 23.46406 ], [ 120.48136, 23.46351 ], [ 120.48038, 23.46325 ], [ 120.4794, 23.46338 ], [ 120.47842, 23.46381 ], [ 120.47799, 23.46407 ], [ 120.47744, 23.4644 ], [ 120.47658, 23.46497 ], [ 120.47646, 23.46506 ], [ 120.47547, 23.46574 ], [ 120.4753, 23.46587 ], [ 120.47449, 23.4665 ], [ 120.47417, 23.46677 ], [ 120.47351, 23.46738 ], [ 120.47322, 23.46767 ], [ 120.47253, 23.46845 ], [ 120.47243, 23.46857 ], [ 120.47179, 23.46947 ], [ 120.47154, 23.47022 ], [ 120.47149, 23.47037 ], [ 120.47146, 23.47127 ], [ 120.47109, 23.47218 ], [ 120.47055, 23.47273 ], [ 120.47036, 23.47308 ], [ 120.46985, 23.47398 ], [ 120.46957, 23.47453 ], [ 120.46944, 23.47488 ], [ 120.46919, 23.47578 ], [ 120.46902, 23.47668 ], [ 120.46899, 23.47759 ], [ 120.46913, 23.47849 ], [ 120.4695, 23.47939 ], [ 120.46955, 23.47947 ], [ 120.47037, 23.4803 ], [ 120.47052, 23.48042 ], [ 120.4715, 23.48107 ], [ 120.47177, 23.48121 ], [ 120.47247, 23.48154 ], [ 120.47345, 23.48188 ], [ 120.47443, 23.48207 ], [ 120.47532, 23.48212 ], [ 120.47541, 23.48213 ], [ 120.47551, 23.48212 ], [ 120.47639, 23.48209 ], [ 120.47737, 23.48201 ], [ 120.47835, 23.48196 ], [ 120.47933, 23.48208 ], [ 120.47945, 23.48214 ], [ 120.4803, 23.48255 ], [ 120.48089, 23.48305 ], [ 120.48128, 23.48339 ], [ 120.48175, 23.48395 ], [ 120.48225, 23.48459 ], [ 120.48243, 23.48486 ], [ 120.48307, 23.48576 ], [ 120.48323, 23.48594 ], [ 120.48404, 23.48667 ], [ 120.4842, 23.48678 ], [ 120.48518, 23.48732 ], [ 120.4857, 23.48758 ], [ 120.48616, 23.48777 ], [ 120.48713, 23.48815 ], [ 120.48811, 23.48847 ], [ 120.48818, 23.48849 ], [ 120.48909, 23.48872 ], [ 120.49007, 23.48891 ], [ 120.49105, 23.48911 ], [ 120.49202, 23.48925 ], [ 120.493, 23.48929 ], [ 120.49398, 23.48929 ], [ 120.49496, 23.48926 ], [ 120.49594, 23.48919 ], [ 120.49692, 23.4891 ], [ 120.4979, 23.48899 ], [ 120.49888, 23.48886 ], [ 120.49986, 23.48869 ], [ 120.50038, 23.48853 ], [ 120.50084, 23.48838 ], [ 120.50107, 23.48831 ], [ 120.50121, 23.48819 ], [ 120.50123, 23.48808 ], [ 120.50123, 23.48798 ], [ 120.50133, 23.48782 ], [ 120.50146, 23.48767 ], [ 120.50162, 23.48753 ], [ 120.50172, 23.48742 ], [ 120.50175, 23.48737 ], [ 120.50104, 23.48763 ], [ 120.50084, 23.48768 ], [ 120.49986, 23.488 ], [ 120.49888, 23.48819 ], [ 120.4979, 23.48831 ], [ 120.49692, 23.4884 ], [ 120.49594, 23.48846 ], [ 120.49496, 23.4885 ], [ 120.49399, 23.4885 ], [ 120.49301, 23.48846 ], [ 120.49203, 23.4883 ], [ 120.49105, 23.488 ], [ 120.49007, 23.48776 ], [ 120.4892, 23.48759 ], [ 120.48909, 23.48757 ], [ 120.48812, 23.48727 ], [ 120.48714, 23.48689 ], [ 120.48665, 23.48668 ], [ 120.48616, 23.48643 ], [ 120.48518, 23.48583 ], [ 120.48509, 23.48577 ], [ 120.48421, 23.48489 ], [ 120.48418, 23.48486 ], [ 120.48362, 23.48396 ], [ 120.48324, 23.48326 ], [ 120.48311, 23.48305 ], [ 120.48251, 23.48215 ], [ 120.48226, 23.48181 ], [ 120.48173, 23.48124 ], [ 120.48129, 23.48081 ], [ 120.48061, 23.48034 ], [ 120.48031, 23.48016 ], [ 120.47933, 23.47972 ], [ 120.47837, 23.47942 ], [ 120.47836, 23.47942 ], [ 120.47738, 23.47922 ], [ 120.4764, 23.47919 ], [ 120.47542, 23.47929 ], [ 120.47444, 23.47936 ], [ 120.47346, 23.47926 ], [ 120.47249, 23.47895 ], [ 120.47163, 23.4785 ], [ 120.47151, 23.4784 ], [ 120.47107, 23.47759 ], [ 120.47106, 23.47669 ], [ 120.47144, 23.47579 ], [ 120.47152, 23.47568 ], [ 120.4725, 23.47527 ], [ 120.47348, 23.47503 ], [ 120.47358, 23.47489 ], [ 120.47371, 23.47399 ], [ 120.47354, 23.47309 ], [ 120.47349, 23.47293 ], [ 120.47326, 23.47218 ], [ 120.47302, 23.47128 ], [ 120.47296, 23.47038 ], [ 120.47325, 23.46947 ], [ 120.4735, 23.46912 ], [ 120.47389, 23.46857 ], [ 120.47449, 23.46798 ], [ 120.4748, 23.46767 ], [ 120.47547, 23.4671 ], [ 120.47587, 23.46677 ], [ 120.47645, 23.46633 ], [ 120.4771, 23.46588 ], [ 120.47743, 23.46565 ], [ 120.47841, 23.46508 ], [ 120.47868, 23.46498 ], [ 120.47939, 23.4647 ], [ 120.48037, 23.4646 ], [ 120.48135, 23.46486 ], [ 120.48157, 23.46499 ], [ 120.48233, 23.46542 ], [ 120.48299, 23.4659 ], [ 120.4833, 23.46613 ], [ 120.48416, 23.4668 ], [ 120.48428, 23.4669 ], [ 120.48525, 23.46771 ], [ 120.48526, 23.46771 ], [ 120.48623, 23.46859 ], [ 120.48626, 23.46862 ], [ 120.48717, 23.46952 ], [ 120.48721, 23.46956 ], [ 120.48801, 23.47043 ], [ 120.48818, 23.47059 ], [ 120.489, 23.47133 ], [ 120.48916, 23.47146 ], [ 120.49013, 23.4721 ], [ 120.49047, 23.47224 ], [ 120.49111, 23.47248 ], [ 120.49209, 23.47264 ], [ 120.49307, 23.47272 ], [ 120.49405, 23.4729 ], [ 120.49494, 23.47316 ], [ 120.49502, 23.47318 ], [ 120.496, 23.47351 ], [ 120.49698, 23.47383 ], [ 120.49778, 23.47407 ], [ 120.49796, 23.47412 ], [ 120.49893, 23.4743 ], [ 120.49991, 23.47432 ], [ 120.50089, 23.47413 ], [ 120.50103, 23.47408 ], [ 120.50187, 23.47376 ], [ 120.50285, 23.47331 ], [ 120.5031, 23.47318 ], [ 120.50383, 23.47281 ], [ 120.50482, 23.47233 ], [ 120.50491, 23.47229 ], [ 120.5058, 23.47182 ], [ 120.50672, 23.47139 ], [ 120.50678, 23.47135 ], [ 120.50688, 23.4713 ], [ 120.50684, 23.47122 ], [ 120.50677, 23.47106 ], [ 120.50672, 23.47091 ], [ 120.50669, 23.47078 ], [ 120.50667, 23.47065 ], [ 120.50669, 23.47054 ], [ 120.50668, 23.47043 ], [ 120.50662, 23.47025 ], [ 120.50662, 23.47016 ], [ 120.50659, 23.47013 ], [ 120.50632, 23.47049 ] ] ] ] } },
{ "type": "Feature", "properties": { "days": 27, "type": "high", "color_hint": "Reds" }, "geometry": { "type": "MultiPolygon", "coordinates": [ [ [ [ 120.49234, 23.46954 ], [ 120.49303, 23.47044 ], [ 120.49308, 23.47047 ], [ 120.49405, 23.47103 ], [ 120.4946, 23.47135 ], [ 120.49503, 23.47153 ], [ 120.49601, 23.47191 ], [ 120.49697, 23.47226 ], [ 120.49698, 23.47227 ], [ 120.49796, 23.47251 ], [ 120.49894, 23.47266 ], [ 120.49992, 23.47266 ], [ 120.5009, 23.47246 ], [ 120.50139, 23.47228 ], [ 120.50188, 23.47207 ], [ 120.50286, 23.47157 ], [ 120.50321, 23.47138 ], [ 120.50384, 23.47093 ], [ 120.50447, 23.47048 ], [ 120.50482, 23.46997 ], [ 120.50508, 23.4696 ], [ 120.50505, 23.4696 ], [ 120.50494, 23.46956 ], [ 120.50486, 23.46951 ], [ 120.50479, 23.4694 ], [ 120.50476, 23.4693 ], [ 120.50474, 23.46919 ], [ 120.50473, 23.46902 ], [ 120.50471, 23.46895 ], [ 120.50467, 23.4688 ], [ 120.50451, 23.46854 ], [ 120.50439, 23.46838 ], [ 120.50437, 23.46826 ], [ 120.50434, 23.46815 ], [ 120.50431, 23.46801 ], [ 120.5041, 23.46777 ], [ 120.50385, 23.46758 ], [ 120.50344, 23.46722 ], [ 120.50335, 23.46723 ], [ 120.50295, 23.46722 ], [ 120.50277, 23.46721 ], [ 120.50239, 23.4671 ], [ 120.50222, 23.46705 ], [ 120.5019, 23.46697 ], [ 120.50176, 23.46692 ], [ 120.50171, 23.46682 ], [ 120.50165, 23.46671 ], [ 120.50158, 23.4666 ], [ 120.50148, 23.46646 ], [ 120.50141, 23.46629 ], [ 120.50131, 23.46615 ], [ 120.50122, 23.46604 ], [ 120.50114, 23.46599 ], [ 120.50102, 23.46588 ], [ 120.5009, 23.46578 ], [ 120.50073, 23.46571 ], [ 120.5004, 23.46564 ], [ 120.5002, 23.4656 ], [ 120.50008, 23.46557 ], [ 120.49996, 23.46554 ], [ 120.49982, 23.46549 ], [ 120.49971, 23.46539 ], [ 120.49968, 23.4653 ], [ 120.49964, 23.46521 ], [ 120.49962, 23.46514 ], [ 120.49963, 23.46507 ], [ 120.49897, 23.46505 ], [ 120.49799, 23.46528 ], [ 120.49701, 23.46569 ], [ 120.49646, 23.46594 ], [ 120.49603, 23.46616 ], [ 120.49505, 23.46666 ], [ 120.49471, 23.46684 ], [ 120.49407, 23.46724 ], [ 120.49338, 23.46774 ], [ 120.49308, 23.46803 ], [ 120.49257, 23.46864 ], [ 120.49234, 23.46954 ] ] ] ] } },
{ "type": "Feature", "properties": { "days": 26, "type": "high", "color_hint": "Reds" }, "geometry": { "type": "MultiPolygon", "coordinates": [ [ [ [ 120.49257, 23.46864 ], [ 120.49234, 23.46954 ], [ 120.49303, 23.47044 ], [ 120.49308, 23.47047 ], [ 120.49405, 23.47103 ], [ 120.4946, 23.47135 ], [ 120.49503, 23.47153 ], [ 120.49601, 23.47191 ], [ 120.49697, 23.47226 ], [ 120.49698, 23.47227 ], [ 120.49796, 23.47251 ], [ 120.49894, 23.47266 ], [ 120.49992, 23.47266 ], [ 120.5009, 23.47246 ], [ 120.50139, 23.47228 ], [ 120.50188, 23.47207 ], [ 120.50286, 23.47157 ], [ 120.50321, 23.47138 ], [ 120.50384, 23.47093 ], [ 120.50447, 23.47048 ], [ 120.50482, 23.46997 ], [ 120.50508, 23.4696 ], [ 120.50505, 23.4696 ], [ 120.50494, 23.46956 ], [ 120.50486, 23.46951 ], [ 120.50479, 23.4694 ], [ 120.50476, 23.4693 ], [ 120.50474, 23.46919 ], [ 120.50473, 23.46902 ], [ 120.50471, 23.46895 ], [ 120.50467, 23.4688 ], [ 120.50451, 23.46854 ], [ 120.50439, 23.46838 ], [ 120.50437, 23.46826 ], [ 120.50434, 23.46815 ], [ 120.50431, 23.46801 ], [ 120.5041, 23.46777 ], [ 120.50385, 23.46758 ], [ 120.50344, 23.46722 ], [ 120.50335, 23.46723 ], [ 120.50295, 23.46722 ], [ 120.50277, 23.46721 ], [ 120.50239, 23.4671 ], [ 120.50222, 23.46705 ], [ 120.5019, 23.46697 ], [ 120.50176, 23.46692 ], [ 120.50171, 23.46682 ], [ 120.50165, 23.46671 ], [ 120.50158, 23.4666 ], [ 120.50148, 23.46646 ], [ 120.50141, 23.46629 ], [ 120.50131, 23.46615 ], [ 120.50122, 23.46604 ], [ 120.50114, 23.46599 ], [ 120.50102, 23.46588 ], [ 120.5009, 23.46578 ], [ 120.50073, 23.46571 ], [ 120.5004, 23.46564 ], [ 120.5002, 23.4656 ], [ 120.50008, 23.46557 ], [ 120.49996, 23.46554 ], [ 120.49982, 23.46549 ], [ 120.49971, 23.46539 ], [ 120.49968, 23.4653 ], [ 120.49964, 23.46521 ], [ 120.49962, 23.46514 ], [ 120.49963, 23.46507 ], [ 120.49897, 23.46505 ], [ 120.49799, 23.46528 ], [ 120.49701, 23.46569 ], [ 120.49646, 23.46594 ], [ 120.49603, 23.46616 ], [ 120.49505, 23.46666 ], [ 120.49471, 23.46684 ], [ 120.49407, 23.46724 ], [ 120.49338, 23.46774 ], [ 120.49308, 23.46803 ], [ 120.49257, 23.46864 ] ] ] ] } },
{ "type": "Feature", "properties": { "days": 28, "type": "high", "color_hint": "Reds" }, "geometry": { "type": "MultiPolygon", "coordinates": [ [ [ [ 120.49463, 23.46955 ], [ 120.49503, 23.47006 ], [ 120.49537, 23.47045 ], [ 120.49601, 23.47078 ], [ 120.49699, 23.47123 ], [ 120.49736, 23.47136 ], [ 120.49797, 23.47152 ], [ 120.49894, 23.47166 ], [ 120.49992, 23.47164 ], [ 120.5009, 23.47141 ], [ 120.50098, 23.47137 ], [ 120.50188, 23.47089 ], [ 120.50253, 23.47047 ], [ 120.50287, 23.47004 ], [ 120.50319, 23.46957 ], [ 120.50305, 23.46867 ], [ 120.50287, 23.46845 ], [ 120.5023, 23.46776 ], [ 120.5019, 23.46743 ], [ 120.50113, 23.46686 ], [ 120.50092, 23.46672 ], [ 120.49994, 23.46636 ], [ 120.49896, 23.46631 ], [ 120.49798, 23.46654 ], [ 120.49726, 23.46684 ], [ 120.497, 23.46697 ], [ 120.49602, 23.46756 ], [ 120.49574, 23.46774 ], [ 120.49504, 23.46843 ], [ 120.49483, 23.46864 ], [ 120.49463, 23.46955 ] ] ] ] } },
{ "type": "Feature", "properties": { "days": 27, "type": "high", "color_hint": "Reds" }, "geometry": { "type": "MultiPolygon", "coordinates": [ [ [ [ 120.49483, 23.46864 ], [ 120.49463, 23.46955 ], [ 120.49503, 23.47006 ], [ 120.49537, 23.47045 ], [ 120.49601, 23.47078 ], [ 120.49699, 23.47123 ], [ 120.49736, 23.47136 ], [ 120.49797, 23.47152 ], [ 120.49894, 23.47166 ], [ 120.49992, 23.47164 ], [ 120.5009, 23.47141 ], [ 120.50098, 23.47137 ], [ 120.50188, 23.47089 ], [ 120.50253, 23.47047 ], [ 120.50287, 23.47004 ], [ 120.50319, 23.46957 ], [ 120.50305, 23.46867 ], [ 120.50287, 23.46845 ], [ 120.5023, 23.46776 ], [ 120.5019, 23.46743 ], [ 120.50113, 23.46686 ], [ 120.50092, 23.46672 ], [ 120.49994, 23.46636 ], [ 120.49896, 23.46631 ], [ 120.49798, 23.46654 ], [ 120.49726, 23.46684 ], [ 120.497, 23.46697 ], [ 120.49602, 23.46756 ], [ 120.49574, 23.46774 ], [ 120.49504, 23.46843 ], [ 120.49483, 23.46864 ] ] ] ] } },
{ "type": "Feature", "properties": { "days": 29, "type": "high", "color_hint": "Reds" }, "geometry": { "type": "MultiPolygon", "coordinates": [ [ [ [ 120.49774, 23.46956 ], [ 120.49797, 23.46972 ], [ 120.49895, 23.47002 ], [ 120.49993, 23.4699 ], [ 120.50047, 23.46956 ], [ 120.50036, 23.46866 ], [ 120.49994, 23.46835 ], [ 120.49896, 23.46822 ], [ 120.49798, 23.46859 ], [ 120.49789, 23.46865 ], [ 120.49774, 23.46956 ] ] ] ] } },
{ "type": "Feature", "properties": { "days": 28, "type": "high", "color_hint": "Reds" }, "geometry": { "type": "MultiPolygon", "coordinates": [ [ [ [ 120.49789, 23.46865 ], [ 120.49774, 23.46956 ], [ 120.49797, 23.46972 ], [ 120.49895, 23.47002 ], [ 120.49993, 23.4699 ], [ 120.50047, 23.46956 ], [ 120.50036, 23.46866 ], [ 120.49994, 23.46835 ], [ 120.49896, 23.46822 ], [ 120.49798, 23.46859 ], [ 120.49789, 23.46865 ] ] ] ] } },
{ "type": "Feature", "properties": { "days": 24, "type": "high", "color_hint": "Reds" }, "geometry": { "type": "MultiPolygon", "coordinates": [ [ [ [ 120.47106, 23.47669 ], [ 120.47107, 23.47759 ], [ 120.47151, 23.4784 ], [ 120.47163, 23.4785 ], [ 120.47249, 23.47895 ], [ 120.47346, 23.47926 ], [ 120.47444, 23.47936 ], [ 120.47542, 23.47929 ], [ 120.4764, 23.47919 ], [ 120.47738, 23.47922 ], [ 120.47836, 23.47942 ], [ 120.47837, 23.47942 ], [ 120.47933, 23.47972 ], [ 120.48031, 23.48016 ], [ 120.48061, 23.48034 ], [ 120.48129, 23.48081 ], [ 120.48173, 23.48124 ], [ 120.48226, 23.48181 ], [ 120.48251, 23.48215 ], [ 120.48311, 23.48305 ], [ 120.48324, 23.48326 ], [ 120.48362, 23.48396 ], [ 120.48418, 23.48486 ], [ 120.48421, 23.48489 ], [ 120.48509, 23.48577 ], [ 120.48518, 23.48583 ], [ 120.48616, 23.48643 ], [ 120.48665, 23.48668 ], [ 120.48714, 23.48689 ], [ 120.48812, 23.48727 ], [ 120.48909, 23.48757 ], [ 120.4892, 23.48759 ], [ 120.49007, 23.48776 ], [ 120.49105, 23.488 ], [ 120.49203, 23.4883 ], [ 120.49301, 23.48846 ], [ 120.49399, 23.4885 ], [ 120.49496, 23.4885 ], [ 120.49594, 23.48846 ], [ 120.49692, 23.4884 ], [ 120.4979, 23.48831 ], [ 120.49888, 23.48819 ], [ 120.49986, 23.488 ], [ 120.50084, 23.48768 ], [ 120.50104, 23.48763 ], [ 120.50175, 23.48737 ], [ 120.50184, 23.48722 ], [ 120.50188, 23.48711 ], [ 120.50184, 23.487 ], [ 120.50178, 23.4869 ], [ 120.50175, 23.48681 ], [ 120.50179, 23.48666 ], [ 120.50185, 23.4865 ], [ 120.50183, 23.4865 ], [ 120.50136, 23.48672 ], [ 120.50084, 23.48696 ], [ 120.49986, 23.4873 ], [ 120.49888, 23.4875 ], [ 120.49796, 23.48762 ], [ 120.49791, 23.48762 ], [ 120.49693, 23.48769 ], [ 120.49595, 23.48772 ], [ 120.49497, 23.48773 ], [ 120.49399, 23.48769 ], [ 120.49339, 23.4876 ], [ 120.49301, 23.48752 ], [ 120.49203, 23.48714 ], [ 120.49106, 23.4868 ], [ 120.49064, 23.48669 ], [ 120.49008, 23.48653 ], [ 120.4891, 23.48629 ], [ 120.48812, 23.48593 ], [ 120.48778, 23.48578 ], [ 120.48714, 23.48544 ], [ 120.48627, 23.48487 ], [ 120.48617, 23.48478 ], [ 120.48541, 23.48396 ], [ 120.48519, 23.4836 ], [ 120.48491, 23.48306 ], [ 120.48451, 23.48215 ], [ 120.48422, 23.48155 ], [ 120.48406, 23.48125 ], [ 120.48349, 23.48034 ], [ 120.48325, 23.48003 ], [ 120.4827, 23.47944 ], [ 120.48227, 23.47909 ], [ 120.48136, 23.47853 ], [ 120.4813, 23.4785 ], [ 120.48032, 23.47802 ], [ 120.47958, 23.47762 ], [ 120.47934, 23.47749 ], [ 120.47837, 23.47677 ], [ 120.4783, 23.47672 ], [ 120.47739, 23.47586 ], [ 120.47734, 23.47581 ], [ 120.47655, 23.4749 ], [ 120.47642, 23.47474 ], [ 120.47587, 23.474 ], [ 120.47544, 23.47333 ], [ 120.47531, 23.47309 ], [ 120.47483, 23.47219 ], [ 120.47451, 23.47128 ], [ 120.47448, 23.47058 ], [ 120.47447, 23.47038 ], [ 120.47448, 23.47035 ], [ 120.47478, 23.46948 ], [ 120.47544, 23.46858 ], [ 120.47546, 23.46856 ], [ 120.47643, 23.46768 ], [ 120.47645, 23.46766 ], [ 120.47743, 23.46697 ], [ 120.47775, 23.46678 ], [ 120.47841, 23.46641 ], [ 120.47939, 23.46606 ], [ 120.48037, 23.46598 ], [ 120.48135, 23.46627 ], [ 120.48223, 23.4668 ], [ 120.48232, 23.46686 ], [ 120.4833, 23.46764 ], [ 120.48337, 23.4677 ], [ 120.48427, 23.46852 ], [ 120.48437, 23.46861 ], [ 120.48525, 23.4695 ], [ 120.48526, 23.46951 ], [ 120.48606, 23.47042 ], [ 120.48622, 23.47058 ], [ 120.48696, 23.47133 ], [ 120.4872, 23.47154 ], [ 120.48798, 23.47223 ], [ 120.48817, 23.47239 ], [ 120.48915, 23.47309 ], [ 120.48923, 23.47314 ], [ 120.49013, 23.47361 ], [ 120.4911, 23.4739 ], [ 120.49207, 23.47405 ], [ 120.49208, 23.47405 ], [ 120.49306, 23.4741 ], [ 120.49342, 23.47406 ], [ 120.49404, 23.47399 ], [ 120.49502, 23.47402 ], [ 120.49519, 23.47406 ], [ 120.496, 23.47426 ], [ 120.49698, 23.47455 ], [ 120.49795, 23.47485 ], [ 120.49856, 23.47498 ], [ 120.49893, 23.47505 ], [ 120.49991, 23.47508 ], [ 120.5004, 23.47498 ], [ 120.50089, 23.47489 ], [ 120.50187, 23.47451 ], [ 120.50276, 23.47409 ], [ 120.50285, 23.47404 ], [ 120.50383, 23.47355 ], [ 120.50458, 23.47319 ], [ 120.50481, 23.47308 ], [ 120.50579, 23.47266 ], [ 120.5067, 23.47229 ], [ 120.50677, 23.47226 ], [ 120.50775, 23.47207 ], [ 120.50873, 23.47204 ], [ 120.50911, 23.472 ], [ 120.50905, 23.4719 ], [ 120.50897, 23.47175 ], [ 120.50886, 23.47167 ], [ 120.50874, 23.47157 ], [ 120.50865, 23.4715 ], [ 120.50862, 23.47144 ], [ 120.50861, 23.47137 ], [ 120.50856, 23.47136 ], [ 120.50849, 23.4714 ], [ 120.5084, 23.47148 ], [ 120.50829, 23.47155 ], [ 120.50812, 23.47166 ], [ 120.50806, 23.47167 ], [ 120.50776, 23.47173 ], [ 120.50757, 23.47177 ], [ 120.50726, 23.47179 ], [ 120.50718, 23.47176 ], [ 120.5071, 23.47169 ], [ 120.50698, 23.47154 ], [ 120.50691, 23.47138 ], [ 120.50688, 23.4713 ], [ 120.50678, 23.47135 ], [ 120.50672, 23.47139 ], [ 120.5058, 23.47182 ], [ 120.50491, 23.47229 ], [ 120.50482, 23.47233 ], [ 120.50383, 23.47281 ], [ 120.5031, 23.47318 ], [ 120.50285, 23.47331 ], [ 120.50187, 23.47376 ], [ 120.50103, 23.47408 ], [ 120.50089, 23.47413 ], [ 120.49991, 23.47432 ], [ 120.49893, 23.4743 ], [ 120.49796, 23.47412 ], [ 120.49778, 23.47407 ], [ 120.49698, 23.47383 ], [ 120.496, 23.47351 ], [ 120.49502, 23.47318 ], [ 120.49494, 23.47316 ], [ 120.49405, 23.4729 ], [ 120.49307, 23.47272 ], [ 120.49209, 23.47264 ], [ 120.49111, 23.47248 ], [ 120.49047, 23.47224 ], [ 120.49013, 23.4721 ], [ 120.48916, 23.47146 ], [ 120.489, 23.47133 ], [ 120.48818, 23.47059 ], [ 120.48801, 23.47043 ], [ 120.48721, 23.46956 ], [ 120.48717, 23.46952 ], [ 120.48626, 23.46862 ], [ 120.48623, 23.46859 ], [ 120.48526, 23.46771 ], [ 120.48525, 23.46771 ], [ 120.48428, 23.4669 ], [ 120.48416, 23.4668 ], [ 120.4833, 23.46613 ], [ 120.48299, 23.4659 ], [ 120.48233, 23.46542 ], [ 120.48157, 23.46499 ], [ 120.48135, 23.46486 ], [ 120.48037, 23.4646 ], [ 120.47939, 23.4647 ], [ 120.47868, 23.46498 ], [ 120.47841, 23.46508 ], [ 120.47743, 23.46565 ], [ 120.4771, 23.46588 ], [ 120.47645, 23.46633 ], [ 120.47587, 23.46677 ], [ 120.47547, 23.4671 ], [ 120.4748, 23.46767 ], [ 120.47449, 23.46798 ], [ 120.47389, 23.46857 ], [ 120.4735, 23.46912 ], [ 120.47325, 23.46947 ], [ 120.47296, 23.47038 ], [ 120.47302, 23.47128 ], [ 120.47326, 23.47218 ], [ 120.47349, 23.47293 ], [ 120.47354, 23.47309 ], [ 120.47371, 23.47399 ], [ 120.47358, 23.47489 ], [ 120.47348, 23.47503 ], [ 120.4725, 23.47527 ], [ 120.47152, 23.47568 ], [ 120.47144, 23.47579 ], [ 120.47106, 23.47669 ] ] ] ] } },
{ "type": "Feature", "properties": { "days": 23, "type": "high", "color_hint": "Reds" }, "geometry": { "type": "MultiPolygon", "coordinates": [ [ [ [ 120.47448, 23.47058 ], [ 120.47451, 23.47128 ], [ 120.47483, 23.47219 ], [ 120.47531, 23.47309 ], [ 120.47544, 23.47333 ], [ 120.47587, 23.474 ], [ 120.47642, 23.47474 ], [ 120.47655, 23.4749 ], [ 120.47734, 23.47581 ], [ 120.47739, 23.47586 ], [ 120.4783, 23.47672 ], [ 120.47837, 23.47677 ], [ 120.47934, 23.47749 ], [ 120.47958, 23.47762 ], [ 120.48032, 23.47802 ], [ 120.4813, 23.4785 ], [ 120.48136, 23.47853 ], [ 120.48227, 23.47909 ], [ 120.4827, 23.47944 ], [ 120.48325, 23.48003 ], [ 120.48349, 23.48034 ], [ 120.48406, 23.48125 ], [ 120.48422, 23.48155 ], [ 120.48451, 23.48215 ], [ 120.48491, 23.48306 ], [ 120.48519, 23.4836 ], [ 120.48541, 23.48396 ], [ 120.48617, 23.48478 ], [ 120.48627, 23.48487 ], [ 120.48714, 23.48544 ], [ 120.48778, 23.48578 ], [ 120.48812, 23.48593 ], [ 120.4891, 23.48629 ], [ 120.49008, 23.48653 ], [ 120.49064, 23.48669 ], [ 120.49106, 23.4868 ], [ 120.49203, 23.48714 ], [ 120.49301, 23.48752 ], [ 120.49339, 23.4876 ], [ 120.49399, 23.48769 ], [ 120.49497, 23.48773 ], [ 120.49595, 23.48772 ], [ 120.49693, 23.48769 ], [ 120.49791, 23.48762 ], [ 120.49796, 23.48762 ], [ 120.49888, 23.4875 ], [ 120.49986, 23.4873 ], [ 120.50084, 23.48696 ], [ 120.50136, 23.48672 ], [ 120.50183, 23.4865 ], [ 120.50185, 23.4865 ], [ 120.50186, 23.48647 ], [ 120.5019, 23.48633 ], [ 120.50197, 23.48621 ], [ 120.50206, 23.48614 ], [ 120.50214, 23.48615 ], [ 120.50225, 23.48621 ], [ 120.50229, 23.48617 ], [ 120.50226, 23.48601 ], [ 120.50227, 23.48588 ], [ 120.50232, 23.48578 ], [ 120.50241, 23.48573 ], [ 120.50246, 23.48565 ], [ 120.50257, 23.48548 ], [ 120.50277, 23.48537 ], [ 120.50292, 23.48539 ], [ 120.50316, 23.48544 ], [ 120.50337, 23.48543 ], [ 120.50354, 23.4853 ], [ 120.50359, 23.48526 ], [ 120.50281, 23.4853 ], [ 120.50183, 23.48575 ], [ 120.50168, 23.48582 ], [ 120.50085, 23.48621 ], [ 120.49987, 23.48656 ], [ 120.49916, 23.48672 ], [ 120.49889, 23.48677 ], [ 120.49791, 23.48688 ], [ 120.49693, 23.48693 ], [ 120.49595, 23.48694 ], [ 120.49497, 23.48689 ], [ 120.49399, 23.48673 ], [ 120.4939, 23.4867 ], [ 120.49302, 23.48629 ], [ 120.49204, 23.48586 ], [ 120.49185, 23.48579 ], [ 120.49106, 23.48547 ], [ 120.49008, 23.48515 ], [ 120.48923, 23.48488 ], [ 120.4891, 23.48483 ], [ 120.48813, 23.4843 ], [ 120.48765, 23.48397 ], [ 120.48715, 23.4835 ], [ 120.4868, 23.48306 ], [ 120.48634, 23.48216 ], [ 120.48618, 23.48167 ], [ 120.48604, 23.48126 ], [ 120.48568, 23.48035 ], [ 120.48521, 23.47947 ], [ 120.48519, 23.47945 ], [ 120.4844, 23.47854 ], [ 120.48423, 23.47839 ], [ 120.4833, 23.47764 ], [ 120.48326, 23.4776 ], [ 120.48228, 23.47696 ], [ 120.48186, 23.47673 ], [ 120.48131, 23.47639 ], [ 120.48033, 23.47587 ], [ 120.48024, 23.47582 ], [ 120.47935, 23.47529 ], [ 120.47887, 23.47491 ], [ 120.47838, 23.47449 ], [ 120.47791, 23.47401 ], [ 120.4774, 23.47343 ], [ 120.47716, 23.4731 ], [ 120.47657, 23.47219 ], [ 120.47643, 23.47185 ], [ 120.47623, 23.47129 ], [ 120.4762, 23.47039 ], [ 120.47644, 23.46978 ], [ 120.47657, 23.46949 ], [ 120.47742, 23.46859 ], [ 120.47742, 23.46858 ], [ 120.4784, 23.46797 ], [ 120.47911, 23.46769 ], [ 120.47938, 23.46759 ], [ 120.48036, 23.46754 ], [ 120.4808, 23.46769 ], [ 120.48134, 23.46793 ], [ 120.48225, 23.4686 ], [ 120.48231, 23.46866 ], [ 120.48322, 23.46951 ], [ 120.48329, 23.46957 ], [ 120.48407, 23.47041 ], [ 120.48426, 23.4706 ], [ 120.48498, 23.47132 ], [ 120.48524, 23.47155 ], [ 120.48598, 23.47223 ], [ 120.48622, 23.47243 ], [ 120.48704, 23.47313 ], [ 120.48719, 23.47326 ], [ 120.48817, 23.47402 ], [ 120.4882, 23.47404 ], [ 120.48914, 23.47463 ], [ 120.48988, 23.47495 ], [ 120.49012, 23.47505 ], [ 120.4911, 23.47525 ], [ 120.49208, 23.47532 ], [ 120.49306, 23.47534 ], [ 120.49404, 23.47531 ], [ 120.49502, 23.47514 ], [ 120.49599, 23.4751 ], [ 120.49697, 23.4753 ], [ 120.49795, 23.47558 ], [ 120.49893, 23.4758 ], [ 120.49991, 23.47584 ], [ 120.50089, 23.47564 ], [ 120.50187, 23.47525 ], [ 120.50237, 23.47499 ], [ 120.50285, 23.47475 ], [ 120.50383, 23.47428 ], [ 120.50429, 23.47409 ], [ 120.50481, 23.47387 ], [ 120.50579, 23.47359 ], [ 120.50677, 23.47353 ], [ 120.50775, 23.47363 ], [ 120.50873, 23.47364 ], [ 120.5092, 23.47354 ], [ 120.5092, 23.47345 ], [ 120.50918, 23.47333 ], [ 120.50917, 23.47323 ], [ 120.50924, 23.47323 ], [ 120.50931, 23.47307 ], [ 120.50936, 23.47293 ], [ 120.50936, 23.47284 ], [ 120.50934, 23.47267 ], [ 120.50929, 23.47255 ], [ 120.50925, 23.47239 ], [ 120.50924, 23.47226 ], [ 120.5092, 23.47213 ], [ 120.50913, 23.47203 ], [ 120.50911, 23.472 ], [ 120.50873, 23.47204 ], [ 120.50775, 23.47207 ], [ 120.50677, 23.47226 ], [ 120.5067, 23.47229 ], [ 120.50579, 23.47266 ], [ 120.50481, 23.47308 ], [ 120.50458, 23.47319 ], [ 120.50383, 23.47355 ], [ 120.50285, 23.47404 ], [ 120.50276, 23.47409 ], [ 120.50187, 23.47451 ], [ 120.50089, 23.47489 ], [ 120.5004, 23.47498 ], [ 120.49991, 23.47508 ], [ 120.49893, 23.47505 ], [ 120.49856, 23.47498 ], [ 120.49795, 23.47485 ], [ 120.49698, 23.47455 ], [ 120.496, 23.47426 ], [ 120.49519, 23.47406 ], [ 120.49502, 23.47402 ], [ 120.49404, 23.47399 ], [ 120.49342, 23.47406 ], [ 120.49306, 23.4741 ], [ 120.49208, 23.47405 ], [ 120.49207, 23.47405 ], [ 120.4911, 23.4739 ], [ 120.49013, 23.47361 ], [ 120.48923, 23.47314 ], [ 120.48915, 23.47309 ], [ 120.48817, 23.47239 ], [ 120.48798, 23.47223 ], [ 120.4872, 23.47154 ], [ 120.48696, 23.47133 ], [ 120.48622, 23.47058 ], [ 120.48606, 23.47042 ], [ 120.48526, 23.46951 ], [ 120.48525, 23.4695 ], [ 120.48437, 23.46861 ], [ 120.48427, 23.46852 ], [ 120.48337, 23.4677 ], [ 120.4833, 23.46764 ], [ 120.48232, 23.46686 ], [ 120.48223, 23.4668 ], [ 120.48135, 23.46627 ], [ 120.48037, 23.46598 ], [ 120.47939, 23.46606 ], [ 120.47841, 23.46641 ], [ 120.47775, 23.46678 ], [ 120.47743, 23.46697 ], [ 120.47645, 23.46766 ], [ 120.47643, 23.46768 ], [ 120.47546, 23.46856 ], [ 120.47544, 23.46858 ], [ 120.47478, 23.46948 ], [ 120.47448, 23.47035 ], [ 120.47447, 23.47038 ], [ 120.47448, 23.47058 ] ] ] ] } },
{ "type": "Feature", "properties": { "days": 22, "type": "high", "color_hint": "Reds" }, "geometry": { "type": "MultiPolygon", "coordinates": [ [ [ [ 120.47623, 23.47129 ], [ 120.47643, 23.47185 ], [ 120.47657, 23.47219 ], [ 120.47716, 23.4731 ], [ 120.4774, 23.47343 ], [ 120.47791, 23.47401 ], [ 120.47838, 23.47449 ], [ 120.47887, 23.47491 ], [ 120.47935, 23.47529 ], [ 120.48024, 23.47582 ], [ 120.48033, 23.47587 ], [ 120.48131, 23.47639 ], [ 120.48186, 23.47673 ], [ 120.48228, 23.47696 ], [ 120.48326, 23.4776 ], [ 120.4833, 23.47764 ], [ 120.48423, 23.47839 ], [ 120.4844, 23.47854 ], [ 120.48519, 23.47945 ], [ 120.48521, 23.47947 ], [ 120.48568, 23.48035 ], [ 120.48604, 23.48126 ], [ 120.48618, 23.48167 ], [ 120.48634, 23.48216 ], [ 120.4868, 23.48306 ], [ 120.48715, 23.4835 ], [ 120.48765, 23.48397 ], [ 120.48813, 23.4843 ], [ 120.4891, 23.48483 ], [ 120.48923, 23.48488 ], [ 120.49008, 23.48515 ], [ 120.49106, 23.48547 ], [ 120.49185, 23.48579 ], [ 120.49204, 23.48586 ], [ 120.49302, 23.48629 ], [ 120.4939, 23.4867 ], [ 120.49399, 23.48673 ], [ 120.49497, 23.48689 ], [ 120.49595, 23.48694 ], [ 120.49693, 23.48693 ], [ 120.49791, 23.48688 ], [ 120.49889, 23.48677 ], [ 120.49916, 23.48672 ], [ 120.49987, 23.48656 ], [ 120.50085, 23.48621 ], [ 120.50168, 23.48582 ], [ 120.50183, 23.48575 ], [ 120.50281, 23.4853 ], [ 120.50359, 23.48526 ], [ 120.50368, 23.48516 ], [ 120.50373, 23.485 ], [ 120.50371, 23.48485 ], [ 120.50362, 23.48479 ], [ 120.50348, 23.48473 ], [ 120.50337, 23.48461 ], [ 120.50332, 23.48451 ], [ 120.50339, 23.48434 ], [ 120.50338, 23.48424 ], [ 120.50281, 23.48445 ], [ 120.5019, 23.48492 ], [ 120.50183, 23.48495 ], [ 120.50085, 23.4854 ], [ 120.49987, 23.48577 ], [ 120.49966, 23.48582 ], [ 120.49889, 23.48598 ], [ 120.49791, 23.48608 ], [ 120.49693, 23.4861 ], [ 120.49595, 23.48606 ], [ 120.49497, 23.48589 ], [ 120.49475, 23.4858 ], [ 120.494, 23.48538 ], [ 120.49303, 23.48489 ], [ 120.49302, 23.48489 ], [ 120.49204, 23.4844 ], [ 120.49115, 23.48398 ], [ 120.49107, 23.48394 ], [ 120.49009, 23.48346 ], [ 120.48937, 23.48307 ], [ 120.48911, 23.48288 ], [ 120.48843, 23.48217 ], [ 120.48814, 23.48162 ], [ 120.48799, 23.48126 ], [ 120.48777, 23.48036 ], [ 120.48744, 23.47945 ], [ 120.48717, 23.47904 ], [ 120.48683, 23.47855 ], [ 120.48619, 23.4778 ], [ 120.48605, 23.47764 ], [ 120.48522, 23.47679 ], [ 120.48516, 23.47674 ], [ 120.48424, 23.47589 ], [ 120.48417, 23.47583 ], [ 120.48327, 23.47505 ], [ 120.4831, 23.47493 ], [ 120.48229, 23.47425 ], [ 120.48196, 23.47402 ], [ 120.48132, 23.47347 ], [ 120.48078, 23.47311 ], [ 120.48034, 23.47272 ], [ 120.47971, 23.47221 ], [ 120.47937, 23.47177 ], [ 120.4791, 23.4713 ], [ 120.47916, 23.4704 ], [ 120.47937, 23.47022 ], [ 120.48035, 23.47013 ], [ 120.48089, 23.4704 ], [ 120.48133, 23.47062 ], [ 120.4823, 23.47123 ], [ 120.4824, 23.47131 ], [ 120.48328, 23.47201 ], [ 120.48353, 23.47222 ], [ 120.48426, 23.47282 ], [ 120.48462, 23.47312 ], [ 120.48523, 23.47364 ], [ 120.48571, 23.47403 ], [ 120.48621, 23.47444 ], [ 120.48685, 23.47494 ], [ 120.48718, 23.47519 ], [ 120.48815, 23.47585 ], [ 120.48816, 23.47585 ], [ 120.48914, 23.47638 ], [ 120.49012, 23.47663 ], [ 120.49109, 23.47667 ], [ 120.49207, 23.47662 ], [ 120.49305, 23.47655 ], [ 120.49403, 23.47651 ], [ 120.49501, 23.47644 ], [ 120.49599, 23.47625 ], [ 120.49697, 23.47617 ], [ 120.49795, 23.47635 ], [ 120.49893, 23.47658 ], [ 120.4999, 23.47663 ], [ 120.50088, 23.47641 ], [ 120.50186, 23.47598 ], [ 120.50205, 23.47589 ], [ 120.50285, 23.4755 ], [ 120.50383, 23.47509 ], [ 120.50423, 23.47499 ], [ 120.50481, 23.47486 ], [ 120.50578, 23.47494 ], [ 120.50626, 23.475 ], [ 120.50676, 23.47506 ], [ 120.50774, 23.47514 ], [ 120.50872, 23.4751 ], [ 120.50905, 23.47501 ], [ 120.50913, 23.47499 ], [ 120.50917, 23.47493 ], [ 120.50923, 23.47484 ], [ 120.50928, 23.47471 ], [ 120.50931, 23.47444 ], [ 120.50935, 23.47436 ], [ 120.50937, 23.47426 ], [ 120.50937, 23.47417 ], [ 120.50933, 23.47395 ], [ 120.50927, 23.47377 ], [ 120.50921, 23.4736 ], [ 120.5092, 23.47354 ], [ 120.50873, 23.47364 ], [ 120.50775, 23.47363 ], [ 120.50677, 23.47353 ], [ 120.50579, 23.47359 ], [ 120.50481, 23.47387 ], [ 120.50429, 23.47409 ], [ 120.50383, 23.47428 ], [ 120.50285, 23.47475 ], [ 120.50237, 23.47499 ], [ 120.50187, 23.47525 ], [ 120.50089, 23.47564 ], [ 120.49991, 23.47584 ], [ 120.49893, 23.4758 ], [ 120.49795, 23.47558 ], [ 120.49697, 23.4753 ], [ 120.49599, 23.4751 ], [ 120.49502, 23.47514 ], [ 120.49404, 23.47531 ], [ 120.49306, 23.47534 ], [ 120.49208, 23.47532 ], [ 120.4911, 23.47525 ], [ 120.49012, 23.47505 ], [ 120.48988, 23.47495 ], [ 120.48914, 23.47463 ], [ 120.4882, 23.47404 ], [ 120.48817, 23.47402 ], [ 120.48719, 23.47326 ], [ 120.48704, 23.47313 ], [ 120.48622, 23.47243 ], [ 120.48598, 23.47223 ], [ 120.48524, 23.47155 ], [ 120.48498, 23.47132 ], [ 120.48426, 23.4706 ], [ 120.48407, 23.47041 ], [ 120.48329, 23.46957 ], [ 120.48322, 23.46951 ], [ 120.48231, 23.46866 ], [ 120.48225, 23.4686 ], [ 120.48134, 23.46793 ], [ 120.4808, 23.46769 ], [ 120.48036, 23.46754 ], [ 120.47938, 23.46759 ], [ 120.47911, 23.46769 ], [ 120.4784, 23.46797 ], [ 120.47742, 23.46858 ], [ 120.47742, 23.46859 ], [ 120.47657, 23.46949 ], [ 120.47644, 23.46978 ], [ 120.4762, 23.47039 ], [ 120.47623, 23.47129 ] ] ] ] } },
{ "type": "Feature", "properties": { "days": 30, "type": "high", "color_hint": "Reds" }, "geometry": { "type": "MultiPolygon", "coordinates": [ [ [ [ 120.3991, 23.47022 ], [ 120.39966, 23.47011 ], [ 120.40008, 23.46997 ], [ 120.40054, 23.47012 ], [ 120.40106, 23.47022 ], [ 120.40204, 23.47069 ], [ 120.40243, 23.47103 ], [ 120.40301, 23.47135 ], [ 120.4039, 23.47193 ], [ 120.40399, 23.47199 ], [ 120.40497, 23.47261 ], [ 120.40532, 23.47284 ], [ 120.40594, 23.47328 ], [ 120.40665, 23.47375 ], [ 120.40692, 23.47396 ], [ 120.40789, 23.4746 ], [ 120.40814, 23.47466 ], [ 120.40887, 23.47488 ], [ 120.40913, 23.47466 ], [ 120.40986, 23.47385 ], [ 120.40988, 23.47376 ], [ 120.41009, 23.47286 ], [ 120.4102, 23.47196 ], [ 120.41018, 23.47105 ], [ 120.41002, 23.47015 ], [ 120.40987, 23.46976 ], [ 120.40957, 23.46925 ], [ 120.4089, 23.46854 ], [ 120.40859, 23.46834 ], [ 120.40792, 23.46803 ], [ 120.40695, 23.46785 ], [ 120.40597, 23.46786 ], [ 120.40499, 23.46802 ], [ 120.40401, 23.46823 ], [ 120.40367, 23.46832 ], [ 120.40303, 23.46858 ], [ 120.40205, 23.46884 ], [ 120.40116, 23.46831 ], [ 120.40114, 23.46741 ], [ 120.40108, 23.46658 ], [ 120.40107, 23.46651 ], [ 120.40091, 23.4656 ], [ 120.40072, 23.4647 ], [ 120.40054, 23.46379 ], [ 120.40044, 23.46323 ], [ 120.40025, 23.46324 ], [ 120.40017, 23.46324 ], [ 120.39972, 23.46312 ], [ 120.39967, 23.4631 ], [ 120.3995, 23.46306 ], [ 120.39943, 23.46304 ], [ 120.39922, 23.46301 ], [ 120.39909, 23.463 ], [ 120.39907, 23.46299 ], [ 120.3989, 23.46292 ], [ 120.39878, 23.46289 ], [ 120.39869, 23.46287 ], [ 120.39837, 23.46282 ], [ 120.39822, 23.46279 ], [ 120.39765, 23.46268 ], [ 120.39717, 23.46259 ], [ 120.39693, 23.46257 ], [ 120.39633, 23.46256 ], [ 120.39627, 23.46256 ], [ 120.39561, 23.46255 ], [ 120.39531, 23.46255 ], [ 120.39523, 23.46255 ], [ 120.39468, 23.46254 ], [ 120.39458, 23.46254 ], [ 120.39417, 23.46252 ], [ 120.39415, 23.46303 ], [ 120.39415, 23.46369 ], [ 120.39416, 23.46436 ], [ 120.39418, 23.46502 ], [ 120.39419, 23.46563 ], [ 120.39422, 23.4662 ], [ 120.39424, 23.46637 ], [ 120.39427, 23.46647 ], [ 120.39436, 23.46658 ], [ 120.39481, 23.46703 ], [ 120.39506, 23.46727 ], [ 120.39518, 23.46739 ], [ 120.39527, 23.46745 ], [ 120.39529, 23.46746 ], [ 120.39552, 23.46751 ], [ 120.39608, 23.46764 ], [ 120.39641, 23.4677 ], [ 120.39664, 23.46775 ], [ 120.39675, 23.46785 ], [ 120.39688, 23.46803 ], [ 120.39706, 23.46838 ], [ 120.39709, 23.46843 ], [ 120.39714, 23.46852 ], [ 120.39739, 23.46897 ], [ 120.3975, 23.46919 ], [ 120.39759, 23.46939 ], [ 120.39766, 23.46961 ], [ 120.3977, 23.46979 ], [ 120.3978, 23.47012 ], [ 120.39789, 23.47026 ], [ 120.39794, 23.47031 ], [ 120.39799, 23.47036 ], [ 120.39815, 23.47045 ], [ 120.39824, 23.4705 ], [ 120.3991, 23.47022 ] ] ] ] } },
{ "type": "Feature", "properties": { "days": 29, "type": "high", "color_hint": "Reds" }, "geometry": { "type": "MultiPolygon", "coordinates": [ [ [ [ 120.39431, 23.48815 ], [ 120.3951, 23.48903 ], [ 120.39513, 23.48906 ], [ 120.39608, 23.48978 ], [ 120.39643, 23.48996 ], [ 120.39705, 23.49024 ], [ 120.39803, 23.49045 ], [ 120.39901, 23.49038 ], [ 120.39999, 23.49 ], [ 120.40003, 23.48998 ], [ 120.40098, 23.48926 ], [ 120.40118, 23.48908 ], [ 120.40196, 23.48829 ], [ 120.40205, 23.48818 ], [ 120.40276, 23.48728 ], [ 120.40294, 23.48698 ], [ 120.40333, 23.48638 ], [ 120.40384, 23.48548 ], [ 120.40393, 23.48533 ], [ 120.4044, 23.48458 ], [ 120.40492, 23.48372 ], [ 120.40494, 23.48368 ], [ 120.40559, 23.48278 ], [ 120.4059, 23.48236 ], [ 120.40633, 23.48188 ], [ 120.40689, 23.48126 ], [ 120.40724, 23.48098 ], [ 120.40787, 23.48042 ], [ 120.40863, 23.48008 ], [ 120.40885, 23.47993 ], [ 120.40983, 23.47993 ], [ 120.41012, 23.48008 ], [ 120.41081, 23.4803 ], [ 120.41178, 23.48072 ], [ 120.41225, 23.481 ], [ 120.41276, 23.48122 ], [ 120.41374, 23.48168 ], [ 120.41415, 23.48191 ], [ 120.41471, 23.48216 ], [ 120.41569, 23.48262 ], [ 120.41611, 23.48282 ], [ 120.41667, 23.48306 ], [ 120.41764, 23.48348 ], [ 120.41829, 23.48373 ], [ 120.41862, 23.48385 ], [ 120.4196, 23.48414 ], [ 120.42058, 23.48435 ], [ 120.42156, 23.48453 ], [ 120.42236, 23.48465 ], [ 120.42253, 23.48467 ], [ 120.42351, 23.48476 ], [ 120.42449, 23.48484 ], [ 120.42547, 23.48491 ], [ 120.42645, 23.48494 ], [ 120.42743, 23.48492 ], [ 120.42841, 23.48486 ], [ 120.42939, 23.48475 ], [ 120.42979, 23.48467 ], [ 120.43037, 23.48455 ], [ 120.43135, 23.48432 ], [ 120.43233, 23.48409 ], [ 120.43321, 23.48378 ], [ 120.43331, 23.48373 ], [ 120.4339, 23.48288 ], [ 120.43395, 23.48198 ], [ 120.43398, 23.48108 ], [ 120.43414, 23.48017 ], [ 120.4343, 23.47966 ], [ 120.43442, 23.47927 ], [ 120.43475, 23.47837 ], [ 120.43512, 23.47747 ], [ 120.43529, 23.47712 ], [ 120.43564, 23.47657 ], [ 120.43628, 23.47598 ], [ 120.43726, 23.47571 ], [ 120.43808, 23.47567 ], [ 120.43824, 23.47567 ], [ 120.43921, 23.47565 ], [ 120.44019, 23.47566 ], [ 120.4405, 23.47568 ], [ 120.44117, 23.47573 ], [ 120.44215, 23.47586 ], [ 120.44313, 23.47606 ], [ 120.44411, 23.47628 ], [ 120.44508, 23.47648 ], [ 120.44606, 23.47652 ], [ 120.44705, 23.47587 ], [ 120.44716, 23.47571 ], [ 120.44763, 23.4748 ], [ 120.44802, 23.4739 ], [ 120.44803, 23.47387 ], [ 120.44843, 23.473 ], [ 120.44885, 23.4721 ], [ 120.44902, 23.47176 ], [ 120.44931, 23.4712 ], [ 120.44982, 23.4703 ], [ 120.45001, 23.47001 ], [ 120.4504, 23.4694 ], [ 120.45095, 23.46849 ], [ 120.45099, 23.46843 ], [ 120.45155, 23.46759 ], [ 120.45198, 23.46694 ], [ 120.45215, 23.46669 ], [ 120.45277, 23.46579 ], [ 120.45296, 23.46553 ], [ 120.45345, 23.46489 ], [ 120.45395, 23.46425 ], [ 120.45416, 23.46399 ], [ 120.45493, 23.4631 ], [ 120.45494, 23.46309 ], [ 120.45584, 23.46219 ], [ 120.45591, 23.46212 ], [ 120.45689, 23.4613 ], [ 120.4569, 23.46129 ], [ 120.45788, 23.46058 ], [ 120.45832, 23.46039 ], [ 120.45886, 23.46009 ], [ 120.45984, 23.46 ], [ 120.46081, 23.46022 ], [ 120.46121, 23.4604 ], [ 120.46179, 23.46071 ], [ 120.46262, 23.46131 ], [ 120.46277, 23.46144 ], [ 120.46349, 23.46222 ], [ 120.46374, 23.46255 ], [ 120.46411, 23.46312 ], [ 120.46452, 23.46403 ], [ 120.46471, 23.46478 ], [ 120.46474, 23.46493 ], [ 120.46489, 23.46583 ], [ 120.46503, 23.46674 ], [ 120.46514, 23.46764 ], [ 120.46521, 23.46854 ], [ 120.46517, 23.46945 ], [ 120.46504, 23.47035 ], [ 120.46488, 23.47125 ], [ 120.46471, 23.47215 ], [ 120.46468, 23.4723 ], [ 120.46454, 23.47306 ], [ 120.46445, 23.47396 ], [ 120.46446, 23.47486 ], [ 120.46457, 23.47577 ], [ 120.46454, 23.47667 ], [ 120.46444, 23.47757 ], [ 120.46437, 23.47847 ], [ 120.46441, 23.47938 ], [ 120.46457, 23.48028 ], [ 120.46465, 23.48052 ], [ 120.46487, 23.48119 ], [ 120.46531, 23.48209 ], [ 120.46562, 23.48256 ], [ 120.46595, 23.48299 ], [ 120.46659, 23.4836 ], [ 120.46702, 23.4839 ], [ 120.46757, 23.48424 ], [ 120.46855, 23.48479 ], [ 120.46858, 23.48481 ], [ 120.46952, 23.48528 ], [ 120.4705, 23.48571 ], [ 120.47051, 23.48572 ], [ 120.47148, 23.48613 ], [ 120.47245, 23.48655 ], [ 120.47265, 23.48663 ], [ 120.47343, 23.48696 ], [ 120.47441, 23.48737 ], [ 120.4748, 23.48754 ], [ 120.47539, 23.4878 ], [ 120.47636, 23.48822 ], [ 120.47687, 23.48845 ], [ 120.47734, 23.48867 ], [ 120.47832, 23.48912 ], [ 120.4788, 23.48936 ], [ 120.4793, 23.48962 ], [ 120.48027, 23.49015 ], [ 120.48049, 23.49027 ], [ 120.48125, 23.49068 ], [ 120.48223, 23.49116 ], [ 120.48226, 23.49118 ], [ 120.4832, 23.49161 ], [ 120.48418, 23.49202 ], [ 120.48436, 23.49209 ], [ 120.48516, 23.49239 ], [ 120.48614, 23.49272 ], [ 120.48692, 23.49297 ], [ 120.48702, 23.49294 ], [ 120.48712, 23.49285 ], [ 120.48725, 23.4927 ], [ 120.48726, 23.49259 ], [ 120.48732, 23.49235 ], [ 120.48733, 23.49223 ], [ 120.48733, 23.49223 ], [ 120.48739, 23.49215 ], [ 120.48747, 23.4921 ], [ 120.4878, 23.49194 ], [ 120.48798, 23.49194 ], [ 120.48806, 23.49196 ], [ 120.48818, 23.49205 ], [ 120.48832, 23.4921 ], [ 120.48846, 23.49208 ], [ 120.4885, 23.49204 ], [ 120.4881, 23.49197 ], [ 120.48712, 23.49172 ], [ 120.48614, 23.49143 ], [ 120.48543, 23.49119 ], [ 120.48516, 23.4911 ], [ 120.48419, 23.49072 ], [ 120.48321, 23.4903 ], [ 120.48317, 23.49028 ], [ 120.48223, 23.48983 ], [ 120.48134, 23.48937 ], [ 120.48126, 23.48932 ], [ 120.48028, 23.48867 ], [ 120.47986, 23.48846 ], [ 120.4793, 23.48816 ], [ 120.47832, 23.48783 ], [ 120.47751, 23.48755 ], [ 120.47735, 23.48749 ], [ 120.47637, 23.48711 ], [ 120.47539, 23.48672 ], [ 120.4752, 23.48664 ], [ 120.47441, 23.48631 ], [ 120.47344, 23.48589 ], [ 120.47306, 23.48573 ], [ 120.47246, 23.48546 ], [ 120.47148, 23.48502 ], [ 120.47104, 23.48482 ], [ 120.4705, 23.48456 ], [ 120.46953, 23.48409 ], [ 120.46918, 23.48391 ], [ 120.46855, 23.48355 ], [ 120.46768, 23.483 ], [ 120.46757, 23.48292 ], [ 120.4667, 23.48209 ], [ 120.4666, 23.48195 ], [ 120.46614, 23.48119 ], [ 120.46577, 23.48029 ], [ 120.46563, 23.4796 ], [ 120.46559, 23.47938 ], [ 120.46552, 23.47848 ], [ 120.46557, 23.47758 ], [ 120.46564, 23.47714 ], [ 120.46571, 23.47667 ], [ 120.46588, 23.47577 ], [ 120.46603, 23.47487 ], [ 120.4661, 23.47397 ], [ 120.46615, 23.47306 ], [ 120.46628, 23.47216 ], [ 120.46649, 23.47126 ], [ 120.46664, 23.47062 ], [ 120.46671, 23.47036 ], [ 120.46688, 23.46945 ], [ 120.46695, 23.46855 ], [ 120.46699, 23.46765 ], [ 120.46706, 23.46674 ], [ 120.46705, 23.46584 ], [ 120.46692, 23.46494 ], [ 120.46668, 23.46403 ], [ 120.46667, 23.46401 ], [ 120.46632, 23.46313 ], [ 120.46583, 23.46223 ], [ 120.4657, 23.46204 ], [ 120.46516, 23.46132 ], [ 120.46473, 23.46085 ], [ 120.46429, 23.46041 ], [ 120.46375, 23.45997 ], [ 120.46313, 23.45951 ], [ 120.46278, 23.45929 ], [ 120.4618, 23.45875 ], [ 120.46146, 23.4586 ], [ 120.46082, 23.45832 ], [ 120.45984, 23.45794 ], [ 120.45917, 23.45769 ], [ 120.45887, 23.45757 ], [ 120.45789, 23.4573 ], [ 120.45691, 23.45728 ], [ 120.45637, 23.45768 ], [ 120.45603, 23.45858 ], [ 120.45593, 23.4588 ], [ 120.45568, 23.45948 ], [ 120.45519, 23.46038 ], [ 120.45494, 23.46071 ], [ 120.45454, 23.46128 ], [ 120.45395, 23.462 ], [ 120.45381, 23.46218 ], [ 120.45308, 23.46308 ], [ 120.45297, 23.46322 ], [ 120.45238, 23.46398 ], [ 120.45199, 23.46451 ], [ 120.45171, 23.46489 ], [ 120.45105, 23.46579 ], [ 120.451, 23.46585 ], [ 120.45035, 23.46669 ], [ 120.45002, 23.46712 ], [ 120.44965, 23.46759 ], [ 120.44903, 23.46837 ], [ 120.44894, 23.46849 ], [ 120.44828, 23.46939 ], [ 120.44805, 23.46975 ], [ 120.4477, 23.47029 ], [ 120.44717, 23.47119 ], [ 120.44706, 23.4714 ], [ 120.44669, 23.47209 ], [ 120.44625, 23.47299 ], [ 120.44608, 23.47336 ], [ 120.44578, 23.47389 ], [ 120.44509, 23.47471 ], [ 120.44493, 23.47479 ], [ 120.44411, 23.47499 ], [ 120.44313, 23.4749 ], [ 120.44252, 23.47479 ], [ 120.44216, 23.47472 ], [ 120.44118, 23.47457 ], [ 120.4402, 23.47449 ], [ 120.43922, 23.47446 ], [ 120.43824, 23.47446 ], [ 120.43726, 23.47444 ], [ 120.43628, 23.47442 ], [ 120.4353, 23.47453 ], [ 120.43483, 23.47476 ], [ 120.43432, 23.47528 ], [ 120.43411, 23.47566 ], [ 120.43375, 23.47656 ], [ 120.43343, 23.47746 ], [ 120.43333, 23.47774 ], [ 120.4331, 23.47836 ], [ 120.43275, 23.47927 ], [ 120.43241, 23.48017 ], [ 120.43234, 23.48042 ], [ 120.43211, 23.48107 ], [ 120.43139, 23.48197 ], [ 120.43136, 23.48199 ], [ 120.43038, 23.48239 ], [ 120.42939, 23.48275 ], [ 120.42893, 23.48286 ], [ 120.42842, 23.48297 ], [ 120.42744, 23.48309 ], [ 120.42646, 23.48314 ], [ 120.42548, 23.48315 ], [ 120.4245, 23.48314 ], [ 120.42352, 23.48307 ], [ 120.42254, 23.48294 ], [ 120.42202, 23.48284 ], [ 120.42156, 23.48274 ], [ 120.42059, 23.48248 ], [ 120.41961, 23.48217 ], [ 120.41899, 23.48192 ], [ 120.41863, 23.48176 ], [ 120.41765, 23.48126 ], [ 120.41721, 23.48101 ], [ 120.41668, 23.48065 ], [ 120.41596, 23.48011 ], [ 120.4157, 23.47986 ], [ 120.41507, 23.4792 ], [ 120.41473, 23.47875 ], [ 120.41439, 23.47829 ], [ 120.41387, 23.47739 ], [ 120.41376, 23.47719 ], [ 120.4133, 23.47648 ], [ 120.41306, 23.47558 ], [ 120.41309, 23.47468 ], [ 120.41319, 23.47378 ], [ 120.41331, 23.47287 ], [ 120.41341, 23.47197 ], [ 120.41348, 23.47107 ], [ 120.41351, 23.47016 ], [ 120.41343, 23.46926 ], [ 120.41318, 23.46836 ], [ 120.41282, 23.46754 ], [ 120.41278, 23.46745 ], [ 120.41224, 23.46655 ], [ 120.41185, 23.46597 ], [ 120.41157, 23.46564 ], [ 120.41087, 23.46489 ], [ 120.4107, 23.46476 ], [ 120.4105, 23.46473 ], [ 120.4102, 23.46468 ], [ 120.41006, 23.46467 ], [ 120.40987, 23.46462 ], [ 120.40969, 23.46452 ], [ 120.40952, 23.46441 ], [ 120.40936, 23.46433 ], [ 120.40926, 23.46429 ], [ 120.40911, 23.46426 ], [ 120.40888, 23.46426 ], [ 120.40813, 23.46437 ], [ 120.40806, 23.46435 ], [ 120.40787, 23.46431 ], [ 120.40779, 23.46426 ], [ 120.40772, 23.46423 ], [ 120.40765, 23.46416 ], [ 120.4076, 23.46409 ], [ 120.40754, 23.46397 ], [ 120.40746, 23.46388 ], [ 120.40738, 23.46384 ], [ 120.40698, 23.46374 ], [ 120.40668, 23.46366 ], [ 120.40651, 23.4636 ], [ 120.40632, 23.46358 ], [ 120.40594, 23.46354 ], [ 120.40559, 23.4635 ], [ 120.40509, 23.46341 ], [ 120.40465, 23.46337 ], [ 120.40444, 23.46337 ], [ 120.40411, 23.46337 ], [ 120.40397, 23.46336 ], [ 120.40373, 23.46331 ], [ 120.40351, 23.46335 ], [ 120.40327, 23.4634 ], [ 120.40304, 23.46337 ], [ 120.40263, 23.46335 ], [ 120.40234, 23.46335 ], [ 120.40211, 23.46336 ], [ 120.40186, 23.46342 ], [ 120.40177, 23.4634 ], [ 120.40162, 23.46338 ], [ 120.40156, 23.46335 ], [ 120.40139, 23.4633 ], [ 120.40125, 23.46325 ], [ 120.40105, 23.46322 ], [ 120.40097, 23.4632 ], [ 120.4009, 23.46319 ], [ 120.4008, 23.46318 ], [ 120.40051, 23.46323 ], [ 120.40044, 23.46323 ], [ 120.40054, 23.46379 ], [ 120.40072, 23.4647 ], [ 120.40091, 23.4656 ], [ 120.40107, 23.46651 ], [ 120.40108, 23.46658 ], [ 120.40114, 23.46741 ], [ 120.40116, 23.46831 ], [ 120.40205, 23.46884 ], [ 120.40303, 23.46858 ], [ 120.40367, 23.46832 ], [ 120.40401, 23.46823 ], [ 120.40499, 23.46802 ], [ 120.40597, 23.46786 ], [ 120.40695, 23.46785 ], [ 120.40792, 23.46803 ], [ 120.40859, 23.46834 ], [ 120.4089, 23.46854 ], [ 120.40957, 23.46925 ], [ 120.40987, 23.46976 ], [ 120.41002, 23.47015 ], [ 120.41018, 23.47105 ], [ 120.4102, 23.47196 ], [ 120.41009, 23.47286 ], [ 120.40988, 23.47376 ], [ 120.40986, 23.47385 ], [ 120.40913, 23.47466 ], [ 120.40887, 23.47488 ], [ 120.40814, 23.47466 ], [ 120.40789, 23.4746 ], [ 120.40692, 23.47396 ], [ 120.40665, 23.47375 ], [ 120.40594, 23.47328 ], [ 120.40532, 23.47284 ], [ 120.40497, 23.47261 ], [ 120.40399, 23.47199 ], [ 120.4039, 23.47193 ], [ 120.40301, 23.47135 ], [ 120.40243, 23.47103 ], [ 120.40204, 23.47069 ], [ 120.40106, 23.47022 ], [ 120.40054, 23.47012 ], [ 120.40008, 23.46997 ], [ 120.39966, 23.47011 ], [ 120.3991, 23.47022 ], [ 120.39824, 23.4705 ], [ 120.39851, 23.47064 ], [ 120.3987, 23.47073 ], [ 120.39902, 23.47089 ], [ 120.39919, 23.47098 ], [ 120.39926, 23.47103 ], [ 120.39927, 23.47107 ], [ 120.39925, 23.47113 ], [ 120.39919, 23.47125 ], [ 120.39913, 23.47145 ], [ 120.39908, 23.4718 ], [ 120.39895, 23.47237 ], [ 120.39885, 23.47273 ], [ 120.39878, 23.4729 ], [ 120.39872, 23.47308 ], [ 120.39871, 23.47313 ], [ 120.39869, 23.47321 ], [ 120.39867, 23.47325 ], [ 120.39863, 23.47331 ], [ 120.39863, 23.47333 ], [ 120.39856, 23.47357 ], [ 120.39852, 23.47378 ], [ 120.3985, 23.47401 ], [ 120.39851, 23.47412 ], [ 120.39853, 23.47419 ], [ 120.39857, 23.47438 ], [ 120.39865, 23.4747 ], [ 120.39871, 23.47488 ], [ 120.39887, 23.47546 ], [ 120.39888, 23.47556 ], [ 120.39884, 23.47561 ], [ 120.39879, 23.47569 ], [ 120.39871, 23.47575 ], [ 120.39861, 23.47578 ], [ 120.39855, 23.4758 ], [ 120.39853, 23.47586 ], [ 120.39848, 23.47596 ], [ 120.39849, 23.476 ], [ 120.39852, 23.47605 ], [ 120.39858, 23.47616 ], [ 120.39866, 23.47631 ], [ 120.39894, 23.47678 ], [ 120.39908, 23.47699 ], [ 120.39913, 23.47711 ], [ 120.39909, 23.47716 ], [ 120.399, 23.47722 ], [ 120.39893, 23.47726 ], [ 120.39884, 23.47735 ], [ 120.3988, 23.47743 ], [ 120.39875, 23.47756 ], [ 120.39875, 23.47759 ], [ 120.39879, 23.4777 ], [ 120.39882, 23.47779 ], [ 120.39895, 23.47805 ], [ 120.39902, 23.47829 ], [ 120.39912, 23.4786 ], [ 120.39913, 23.47871 ], [ 120.3991, 23.4788 ], [ 120.39908, 23.47884 ], [ 120.39901, 23.47899 ], [ 120.39892, 23.4791 ], [ 120.39879, 23.47925 ], [ 120.39851, 23.47949 ], [ 120.39836, 23.47966 ], [ 120.39802, 23.47997 ], [ 120.3977, 23.48027 ], [ 120.3977, 23.48027 ], [ 120.39774, 23.4806 ], [ 120.39777, 23.48092 ], [ 120.39777, 23.48097 ], [ 120.39773, 23.48098 ], [ 120.39754, 23.48099 ], [ 120.39718, 23.48099 ], [ 120.39665, 23.48099 ], [ 120.39602, 23.48098 ], [ 120.39537, 23.48097 ], [ 120.39515, 23.48096 ], [ 120.39491, 23.48094 ], [ 120.39478, 23.48096 ], [ 120.39474, 23.48098 ], [ 120.39468, 23.48105 ], [ 120.39465, 23.48111 ], [ 120.39462, 23.48119 ], [ 120.39455, 23.48146 ], [ 120.3945, 23.4817 ], [ 120.39436, 23.48204 ], [ 120.39429, 23.48218 ], [ 120.39425, 23.48229 ], [ 120.39415, 23.48237 ], [ 120.39402, 23.48244 ], [ 120.39382, 23.4825 ], [ 120.39367, 23.48261 ], [ 120.39357, 23.48271 ], [ 120.39356, 23.48275 ], [ 120.39359, 23.4828 ], [ 120.39366, 23.48287 ], [ 120.39374, 23.48297 ], [ 120.39378, 23.48306 ], [ 120.39382, 23.48316 ], [ 120.39382, 23.48327 ], [ 120.39379, 23.48343 ], [ 120.39378, 23.48375 ], [ 120.39377, 23.48397 ], [ 120.39375, 23.48414 ], [ 120.39375, 23.48443 ], [ 120.39376, 23.48479 ], [ 120.39377, 23.48533 ], [ 120.39376, 23.48583 ], [ 120.39376, 23.48609 ], [ 120.39377, 23.48622 ], [ 120.39381, 23.48626 ], [ 120.39386, 23.4863 ], [ 120.39402, 23.48643 ], [ 120.39413, 23.48652 ], [ 120.3942, 23.48659 ], [ 120.39425, 23.48669 ], [ 120.39434, 23.48686 ], [ 120.3944, 23.48699 ], [ 120.3944, 23.4871 ], [ 120.39437, 23.48722 ], [ 120.39432, 23.48742 ], [ 120.39428, 23.48775 ], [ 120.39424, 23.48797 ], [ 120.39423, 23.48806 ], [ 120.39431, 23.48815 ] ] ] ] } },
{ "type": "Feature", "properties": { "days": 27, "type": "high", "color_hint": "Reds" }, "geometry": { "type": "MultiPolygon", "coordinates": [ [ [ [ 120.41947, 23.47109 ], [ 120.41929, 23.47199 ], [ 120.41921, 23.47289 ], [ 120.41925, 23.4738 ], [ 120.41943, 23.4747 ], [ 120.41964, 23.47525 ], [ 120.41982, 23.47561 ], [ 120.4205, 23.47651 ], [ 120.42061, 23.47662 ], [ 120.42156, 23.47742 ], [ 120.42159, 23.47744 ], [ 120.42256, 23.47796 ], [ 120.42353, 23.47833 ], [ 120.42354, 23.47833 ], [ 120.42452, 23.4785 ], [ 120.4255, 23.47852 ], [ 120.42648, 23.47837 ], [ 120.42656, 23.47834 ], [ 120.42746, 23.47796 ], [ 120.42818, 23.47744 ], [ 120.42844, 23.47715 ], [ 120.42886, 23.47654 ], [ 120.42933, 23.47564 ], [ 120.42943, 23.47538 ], [ 120.42965, 23.47474 ], [ 120.42987, 23.47384 ], [ 120.43, 23.47293 ], [ 120.43005, 23.47203 ], [ 120.43001, 23.47113 ], [ 120.43011, 23.47023 ], [ 120.42945, 23.46996 ], [ 120.42847, 23.46945 ], [ 120.42828, 23.46932 ], [ 120.4275, 23.46912 ], [ 120.42652, 23.46886 ], [ 120.42554, 23.46864 ], [ 120.42456, 23.4685 ], [ 120.42358, 23.46847 ], [ 120.4226, 23.46858 ], [ 120.42162, 23.46883 ], [ 120.42073, 23.46929 ], [ 120.42064, 23.46935 ], [ 120.41991, 23.47019 ], [ 120.41966, 23.47062 ], [ 120.41947, 23.47109 ] ] ] ] } },
{ "type": "Feature", "properties": { "days": 26, "type": "high", "color_hint": "Reds" }, "geometry": { "type": "MultiPolygon", "coordinates": [ [ [ [ 120.41929, 23.47199 ], [ 120.41921, 23.47289 ], [ 120.41925, 23.4738 ], [ 120.41943, 23.4747 ], [ 120.41964, 23.47525 ], [ 120.41982, 23.47561 ], [ 120.4205, 23.47651 ], [ 120.42061, 23.47662 ], [ 120.42156, 23.47742 ], [ 120.42159, 23.47744 ], [ 120.42256, 23.47796 ], [ 120.42353, 23.47833 ], [ 120.42354, 23.47833 ], [ 120.42452, 23.4785 ], [ 120.4255, 23.47852 ], [ 120.42648, 23.47837 ], [ 120.42656, 23.47834 ], [ 120.42746, 23.47796 ], [ 120.42818, 23.47744 ], [ 120.42844, 23.47715 ], [ 120.42886, 23.47654 ], [ 120.42933, 23.47564 ], [ 120.42943, 23.47538 ], [ 120.42965, 23.47474 ], [ 120.42987, 23.47384 ], [ 120.43, 23.47293 ], [ 120.43005, 23.47203 ], [ 120.43001, 23.47113 ], [ 120.43011, 23.47023 ], [ 120.42945, 23.46996 ], [ 120.42847, 23.46945 ], [ 120.42828, 23.46932 ], [ 120.4275, 23.46912 ], [ 120.42652, 23.46886 ], [ 120.42554, 23.46864 ], [ 120.42456, 23.4685 ], [ 120.42358, 23.46847 ], [ 120.4226, 23.46858 ], [ 120.42162, 23.46883 ], [ 120.42073, 23.46929 ], [ 120.42064, 23.46935 ], [ 120.41991, 23.47019 ], [ 120.41966, 23.47062 ], [ 120.41947, 23.47109 ], [ 120.41929, 23.47199 ] ] ] ] } },
{ "type": "Feature", "properties": { "days": 30, "type": "high", "color_hint": "Reds" }, "geometry": { "type": "MultiPolygon", "coordinates": [ [ [ [ 120.39118, 23.49135 ], [ 120.39162, 23.49175 ], [ 120.39215, 23.49222 ], [ 120.39275, 23.49266 ], [ 120.39313, 23.49293 ], [ 120.3941, 23.4935 ], [ 120.39422, 23.49357 ], [ 120.39508, 23.49403 ], [ 120.39606, 23.49445 ], [ 120.39614, 23.49448 ], [ 120.39703, 23.49481 ], [ 120.39801, 23.49507 ], [ 120.39899, 23.4951 ], [ 120.39997, 23.49485 ], [ 120.4006, 23.4945 ], [ 120.40095, 23.4943 ], [ 120.40186, 23.4936 ], [ 120.40193, 23.49354 ], [ 120.40285, 23.4927 ], [ 120.40292, 23.49264 ], [ 120.40376, 23.4918 ], [ 120.4039, 23.49166 ], [ 120.40462, 23.4909 ], [ 120.40489, 23.49061 ], [ 120.40542, 23.49 ], [ 120.40587, 23.48945 ], [ 120.40614, 23.4891 ], [ 120.40681, 23.4882 ], [ 120.40685, 23.48814 ], [ 120.40746, 23.4873 ], [ 120.40784, 23.48681 ], [ 120.40821, 23.4864 ], [ 120.40882, 23.48578 ], [ 120.40925, 23.4855 ], [ 120.4098, 23.48516 ], [ 120.41078, 23.4849 ], [ 120.41176, 23.4848 ], [ 120.41274, 23.48479 ], [ 120.41372, 23.4848 ], [ 120.4147, 23.48479 ], [ 120.41568, 23.48491 ], [ 120.41666, 23.48515 ], [ 120.41764, 23.48545 ], [ 120.41788, 23.48553 ], [ 120.41861, 23.48576 ], [ 120.41959, 23.486 ], [ 120.42057, 23.48614 ], [ 120.42155, 23.48626 ], [ 120.42253, 23.48635 ], [ 120.42344, 23.48646 ], [ 120.4235, 23.48646 ], [ 120.42448, 23.48655 ], [ 120.42546, 23.48659 ], [ 120.42644, 23.4866 ], [ 120.42742, 23.4866 ], [ 120.4284, 23.4866 ], [ 120.42938, 23.48656 ], [ 120.43022, 23.48648 ], [ 120.43036, 23.48646 ], [ 120.43134, 23.48635 ], [ 120.43232, 23.48624 ], [ 120.4333, 23.48613 ], [ 120.43428, 23.48596 ], [ 120.43526, 23.48565 ], [ 120.43534, 23.4856 ], [ 120.43582, 23.48469 ], [ 120.43577, 23.48379 ], [ 120.43564, 23.48289 ], [ 120.43555, 23.48198 ], [ 120.43557, 23.48108 ], [ 120.43574, 23.48018 ], [ 120.43606, 23.47928 ], [ 120.43626, 23.47881 ], [ 120.43649, 23.47838 ], [ 120.43716, 23.47748 ], [ 120.43725, 23.4774 ], [ 120.43823, 23.47702 ], [ 120.43921, 23.47691 ], [ 120.44019, 23.47686 ], [ 120.44117, 23.47689 ], [ 120.44215, 23.47699 ], [ 120.44312, 23.47716 ], [ 120.4441, 23.47739 ], [ 120.44453, 23.4775 ], [ 120.44508, 23.47766 ], [ 120.44606, 23.47792 ], [ 120.44704, 23.47811 ], [ 120.44802, 23.47806 ], [ 120.4487, 23.47752 ], [ 120.449, 23.47707 ], [ 120.44932, 23.47662 ], [ 120.44983, 23.47571 ], [ 120.44998, 23.47538 ], [ 120.45028, 23.47481 ], [ 120.45067, 23.47391 ], [ 120.45097, 23.47316 ], [ 120.45103, 23.47301 ], [ 120.4514, 23.47211 ], [ 120.45178, 23.47121 ], [ 120.45196, 23.47086 ], [ 120.45227, 23.47031 ], [ 120.45285, 23.4694 ], [ 120.45295, 23.46925 ], [ 120.45344, 23.4685 ], [ 120.45393, 23.4677 ], [ 120.454, 23.4676 ], [ 120.45462, 23.4667 ], [ 120.45492, 23.46628 ], [ 120.4553, 23.4658 ], [ 120.4559, 23.46509 ], [ 120.45609, 23.4649 ], [ 120.45688, 23.46416 ], [ 120.45711, 23.464 ], [ 120.45786, 23.46351 ], [ 120.45883, 23.4631 ], [ 120.45884, 23.4631 ], [ 120.45982, 23.46306 ], [ 120.45994, 23.46311 ], [ 120.4608, 23.4635 ], [ 120.46134, 23.46402 ], [ 120.46178, 23.46451 ], [ 120.46203, 23.46492 ], [ 120.46249, 23.46583 ], [ 120.46275, 23.46646 ], [ 120.46283, 23.46673 ], [ 120.46305, 23.46763 ], [ 120.46318, 23.46854 ], [ 120.4632, 23.46944 ], [ 120.46312, 23.47034 ], [ 120.463, 23.47125 ], [ 120.46288, 23.47215 ], [ 120.46279, 23.47305 ], [ 120.46274, 23.47395 ], [ 120.46273, 23.47486 ], [ 120.46278, 23.47576 ], [ 120.46293, 23.47666 ], [ 120.4631, 23.47757 ], [ 120.46313, 23.47847 ], [ 120.46317, 23.47937 ], [ 120.46333, 23.48028 ], [ 120.46362, 23.48118 ], [ 120.46367, 23.48128 ], [ 120.46402, 23.48209 ], [ 120.46453, 23.48299 ], [ 120.46464, 23.48315 ], [ 120.46522, 23.4839 ], [ 120.46561, 23.48425 ], [ 120.46639, 23.4848 ], [ 120.46659, 23.48492 ], [ 120.46756, 23.48546 ], [ 120.46805, 23.48571 ], [ 120.46854, 23.48596 ], [ 120.46952, 23.48642 ], [ 120.47, 23.48662 ], [ 120.4705, 23.48683 ], [ 120.47147, 23.48722 ], [ 120.47224, 23.48753 ], [ 120.47245, 23.48762 ], [ 120.47343, 23.48802 ], [ 120.47441, 23.48844 ], [ 120.47441, 23.48844 ], [ 120.47538, 23.48889 ], [ 120.47636, 23.48935 ], [ 120.47636, 23.48935 ], [ 120.47734, 23.48987 ], [ 120.47806, 23.49026 ], [ 120.47831, 23.4904 ], [ 120.47929, 23.49096 ], [ 120.47965, 23.49117 ], [ 120.48027, 23.49154 ], [ 120.48124, 23.49205 ], [ 120.4813, 23.49208 ], [ 120.48222, 23.49254 ], [ 120.4832, 23.49298 ], [ 120.48322, 23.49299 ], [ 120.48418, 23.49339 ], [ 120.48515, 23.49377 ], [ 120.48548, 23.4939 ], [ 120.48557, 23.49393 ], [ 120.48561, 23.4939 ], [ 120.4858, 23.49374 ], [ 120.48593, 23.49356 ], [ 120.48604, 23.49341 ], [ 120.4861, 23.49334 ], [ 120.48625, 23.4933 ], [ 120.48639, 23.49325 ], [ 120.4865, 23.49316 ], [ 120.48658, 23.49306 ], [ 120.4867, 23.49299 ], [ 120.48686, 23.49298 ], [ 120.48692, 23.49297 ], [ 120.48614, 23.49272 ], [ 120.48516, 23.49239 ], [ 120.48436, 23.49209 ], [ 120.48418, 23.49202 ], [ 120.4832, 23.49161 ], [ 120.48226, 23.49118 ], [ 120.48223, 23.49116 ], [ 120.48125, 23.49068 ], [ 120.48049, 23.49027 ], [ 120.48027, 23.49015 ], [ 120.4793, 23.48962 ], [ 120.4788, 23.48936 ], [ 120.47832, 23.48912 ], [ 120.47734, 23.48867 ], [ 120.47687, 23.48845 ], [ 120.47636, 23.48822 ], [ 120.47539, 23.4878 ], [ 120.4748, 23.48754 ], [ 120.47441, 23.48737 ], [ 120.47343, 23.48696 ], [ 120.47265, 23.48663 ], [ 120.47245, 23.48655 ], [ 120.47148, 23.48613 ], [ 120.47051, 23.48572 ], [ 120.4705, 23.48571 ], [ 120.46952, 23.48528 ], [ 120.46858, 23.48481 ], [ 120.46855, 23.48479 ], [ 120.46757, 23.48424 ], [ 120.46702, 23.4839 ], [ 120.46659, 23.4836 ], [ 120.46595, 23.48299 ], [ 120.46562, 23.48256 ], [ 120.46531, 23.48209 ], [ 120.46487, 23.48119 ], [ 120.46465, 23.48052 ], [ 120.46457, 23.48028 ], [ 120.46441, 23.47938 ], [ 120.46437, 23.47847 ], [ 120.46444, 23.47757 ], [ 120.46454, 23.47667 ], [ 120.46457, 23.47577 ], [ 120.46446, 23.47486 ], [ 120.46445, 23.47396 ], [ 120.46454, 23.47306 ], [ 120.46468, 23.4723 ], [ 120.46471, 23.47215 ], [ 120.46488, 23.47125 ], [ 120.46504, 23.47035 ], [ 120.46517, 23.46945 ], [ 120.46521, 23.46854 ], [ 120.46514, 23.46764 ], [ 120.46503, 23.46674 ], [ 120.46489, 23.46583 ], [ 120.46474, 23.46493 ], [ 120.46471, 23.46478 ], [ 120.46452, 23.46403 ], [ 120.46411, 23.46312 ], [ 120.46374, 23.46255 ], [ 120.46349, 23.46222 ], [ 120.46277, 23.46144 ], [ 120.46262, 23.46131 ], [ 120.46179, 23.46071 ], [ 120.46121, 23.4604 ], [ 120.46081, 23.46022 ], [ 120.45984, 23.46 ], [ 120.45886, 23.46009 ], [ 120.45832, 23.46039 ], [ 120.45788, 23.46058 ], [ 120.4569, 23.46129 ], [ 120.45689, 23.4613 ], [ 120.45591, 23.46212 ], [ 120.45584, 23.46219 ], [ 120.45494, 23.46309 ], [ 120.45493, 23.4631 ], [ 120.45416, 23.46399 ], [ 120.45395, 23.46425 ], [ 120.45345, 23.46489 ], [ 120.45296, 23.46553 ], [ 120.45277, 23.46579 ], [ 120.45215, 23.46669 ], [ 120.45198, 23.46694 ], [ 120.45155, 23.46759 ], [ 120.45099, 23.46843 ], [ 120.45095, 23.46849 ], [ 120.4504, 23.4694 ], [ 120.45001, 23.47001 ], [ 120.44982, 23.4703 ], [ 120.44931, 23.4712 ], [ 120.44902, 23.47176 ], [ 120.44885, 23.4721 ], [ 120.44843, 23.473 ], [ 120.44803, 23.47387 ], [ 120.44802, 23.4739 ], [ 120.44763, 23.4748 ], [ 120.44716, 23.47571 ], [ 120.44705, 23.47587 ], [ 120.44606, 23.47652 ], [ 120.44508, 23.47648 ], [ 120.44411, 23.47628 ], [ 120.44313, 23.47606 ], [ 120.44215, 23.47586 ], [ 120.44117, 23.47573 ], [ 120.4405, 23.47568 ], [ 120.44019, 23.47566 ], [ 120.43921, 23.47565 ], [ 120.43824, 23.47567 ], [ 120.43808, 23.47567 ], [ 120.43726, 23.47571 ], [ 120.43628, 23.47598 ], [ 120.43564, 23.47657 ], [ 120.43529, 23.47712 ], [ 120.43512, 23.47747 ], [ 120.43475, 23.47837 ], [ 120.43442, 23.47927 ], [ 120.4343, 23.47966 ], [ 120.43414, 23.48017 ], [ 120.43398, 23.48108 ], [ 120.43395, 23.48198 ], [ 120.4339, 23.48288 ], [ 120.43331, 23.48373 ], [ 120.43321, 23.48378 ], [ 120.43233, 23.48409 ], [ 120.43135, 23.48432 ], [ 120.43037, 23.48455 ], [ 120.42979, 23.48467 ], [ 120.42939, 23.48475 ], [ 120.42841, 23.48486 ], [ 120.42743, 23.48492 ], [ 120.42645, 23.48494 ], [ 120.42547, 23.48491 ], [ 120.42449, 23.48484 ], [ 120.42351, 23.48476 ], [ 120.42253, 23.48467 ], [ 120.42236, 23.48465 ], [ 120.42156, 23.48453 ], [ 120.42058, 23.48435 ], [ 120.4196, 23.48414 ], [ 120.41862, 23.48385 ], [ 120.41829, 23.48373 ], [ 120.41764, 23.48348 ], [ 120.41667, 23.48306 ], [ 120.41611, 23.48282 ], [ 120.41569, 23.48262 ], [ 120.41471, 23.48216 ], [ 120.41415, 23.48191 ], [ 120.41374, 23.48168 ], [ 120.41276, 23.48122 ], [ 120.41225, 23.481 ], [ 120.41178, 23.48072 ], [ 120.41081, 23.4803 ], [ 120.41012, 23.48008 ], [ 120.40983, 23.47993 ], [ 120.40885, 23.47993 ], [ 120.40863, 23.48008 ], [ 120.40787, 23.48042 ], [ 120.40724, 23.48098 ], [ 120.40689, 23.48126 ], [ 120.40633, 23.48188 ], [ 120.4059, 23.48236 ], [ 120.40559, 23.48278 ], [ 120.40494, 23.48368 ], [ 120.40492, 23.48372 ], [ 120.4044, 23.48458 ], [ 120.40393, 23.48533 ], [ 120.40384, 23.48548 ], [ 120.40333, 23.48638 ], [ 120.40294, 23.48698 ], [ 120.40276, 23.48728 ], [ 120.40205, 23.48818 ], [ 120.40196, 23.48829 ], [ 120.40118, 23.48908 ], [ 120.40098, 23.48926 ], [ 120.40003, 23.48998 ], [ 120.39999, 23.49 ], [ 120.39901, 23.49038 ], [ 120.39803, 23.49045 ], [ 120.39705, 23.49024 ], [ 120.39643, 23.48996 ], [ 120.39608, 23.48978 ], [ 120.39513, 23.48906 ], [ 120.3951, 23.48903 ], [ 120.39431, 23.48815 ], [ 120.39423, 23.48806 ], [ 120.39421, 23.48822 ], [ 120.39421, 23.48846 ], [ 120.39424, 23.48867 ], [ 120.39426, 23.48886 ], [ 120.3943, 23.48903 ], [ 120.39444, 23.48937 ], [ 120.39455, 23.48959 ], [ 120.39467, 23.48977 ], [ 120.39473, 23.4899 ], [ 120.39478, 23.4901 ], [ 120.39478, 23.49024 ], [ 120.39478, 23.49036 ], [ 120.39476, 23.49049 ], [ 120.39473, 23.49067 ], [ 120.39472, 23.49075 ], [ 120.39462, 23.49081 ], [ 120.39453, 23.49085 ], [ 120.39444, 23.49086 ], [ 120.39436, 23.49087 ], [ 120.39409, 23.49091 ], [ 120.39376, 23.49094 ], [ 120.39352, 23.49097 ], [ 120.39301, 23.49104 ], [ 120.39244, 23.49107 ], [ 120.39185, 23.49113 ], [ 120.39106, 23.49122 ], [ 120.39118, 23.49135 ] ] ] ] } },
{ "type": "Feature", "properties": { "days": 29, "type": "high", "color_hint": "Reds" }, "geometry": { "type": "MultiPolygon", "coordinates": [ [ [ [ 120.39514, 23.48141 ], [ 120.39612, 23.48147 ], [ 120.39709, 23.48145 ], [ 120.39807, 23.4814 ], [ 120.39905, 23.48123 ], [ 120.3994, 23.48095 ], [ 120.39998, 23.48005 ], [ 120.3997, 23.47914 ], [ 120.39911, 23.47876 ], [ 120.3991, 23.4788 ], [ 120.39908, 23.47884 ], [ 120.39901, 23.47899 ], [ 120.39892, 23.4791 ], [ 120.39879, 23.47925 ], [ 120.39851, 23.47949 ], [ 120.39836, 23.47966 ], [ 120.39802, 23.47997 ], [ 120.3977, 23.48027 ], [ 120.3977, 23.48027 ], [ 120.39774, 23.4806 ], [ 120.39777, 23.48092 ], [ 120.39777, 23.48097 ], [ 120.39773, 23.48098 ], [ 120.39754, 23.48099 ], [ 120.39718, 23.48099 ], [ 120.39665, 23.48099 ], [ 120.39602, 23.48098 ], [ 120.39537, 23.48097 ], [ 120.39515, 23.48096 ], [ 120.39491, 23.48094 ], [ 120.39478, 23.48096 ], [ 120.39474, 23.48098 ], [ 120.39468, 23.48105 ], [ 120.39465, 23.48111 ], [ 120.39462, 23.48119 ], [ 120.39459, 23.48133 ], [ 120.39514, 23.48141 ] ] ] ] } },
{ "type": "Feature", "properties": { "days": 28, "type": "high", "color_hint": "Reds" }, "geometry": { "type": "MultiPolygon", "coordinates": [ [ [ [ 120.39514, 23.48141 ], [ 120.39612, 23.48147 ], [ 120.39709, 23.48145 ], [ 120.39807, 23.4814 ], [ 120.39905, 23.48123 ], [ 120.3994, 23.48095 ], [ 120.39998, 23.48005 ], [ 120.3997, 23.47914 ], [ 120.39911, 23.47876 ], [ 120.3991, 23.4788 ], [ 120.39908, 23.47884 ], [ 120.39901, 23.47899 ], [ 120.39892, 23.4791 ], [ 120.39879, 23.47925 ], [ 120.39851, 23.47949 ], [ 120.39836, 23.47966 ], [ 120.39802, 23.47997 ], [ 120.3977, 23.48027 ], [ 120.3977, 23.48027 ], [ 120.39774, 23.4806 ], [ 120.39777, 23.48092 ], [ 120.39777, 23.48097 ], [ 120.39773, 23.48098 ], [ 120.39754, 23.48099 ], [ 120.39718, 23.48099 ], [ 120.39665, 23.48099 ], [ 120.39602, 23.48098 ], [ 120.39537, 23.48097 ], [ 120.39515, 23.48096 ], [ 120.39491, 23.48094 ], [ 120.39478, 23.48096 ], [ 120.39474, 23.48098 ], [ 120.39468, 23.48105 ], [ 120.39465, 23.48111 ], [ 120.39462, 23.48119 ], [ 120.39459, 23.48133 ], [ 120.39514, 23.48141 ] ] ] ] } },
{ "type": "Feature", "properties": { "days": 33, "type": "high", "color_hint": "Reds" }, "geometry": { "type": "MultiPolygon", "coordinates": [ [ [ [ 120.43882, 23.482 ], [ 120.43882, 23.4829 ], [ 120.43897, 23.4838 ], [ 120.43918, 23.48453 ], [ 120.43927, 23.48471 ], [ 120.43982, 23.48561 ], [ 120.44015, 23.48615 ], [ 120.44113, 23.48608 ], [ 120.44153, 23.48562 ], [ 120.44211, 23.48508 ], [ 120.44238, 23.48472 ], [ 120.4431, 23.48384 ], [ 120.44311, 23.48382 ], [ 120.44377, 23.48292 ], [ 120.44408, 23.4824 ], [ 120.44432, 23.48202 ], [ 120.44443, 23.48111 ], [ 120.44409, 23.48066 ], [ 120.44365, 23.48021 ], [ 120.44311, 23.47997 ], [ 120.44213, 23.47972 ], [ 120.44116, 23.47969 ], [ 120.44018, 23.47995 ], [ 120.43979, 23.48019 ], [ 120.43919, 23.48085 ], [ 120.43905, 23.48109 ], [ 120.43882, 23.482 ] ] ] ] } },
{ "type": "Feature", "properties": { "days": 32, "type": "high", "color_hint": "Reds" }, "geometry": { "type": "MultiPolygon", "coordinates": [ [ [ [ 120.43905, 23.48109 ], [ 120.43882, 23.482 ], [ 120.43882, 23.4829 ], [ 120.43897, 23.4838 ], [ 120.43918, 23.48453 ], [ 120.43927, 23.48471 ], [ 120.43982, 23.48561 ], [ 120.44015, 23.48615 ], [ 120.44113, 23.48608 ], [ 120.44153, 23.48562 ], [ 120.44211, 23.48508 ], [ 120.44238, 23.48472 ], [ 120.4431, 23.48384 ], [ 120.44311, 23.48382 ], [ 120.44377, 23.48292 ], [ 120.44408, 23.4824 ], [ 120.44432, 23.48202 ], [ 120.44443, 23.48111 ], [ 120.44409, 23.48066 ], [ 120.44365, 23.48021 ], [ 120.44311, 23.47997 ], [ 120.44213, 23.47972 ], [ 120.44116, 23.47969 ], [ 120.44018, 23.47995 ], [ 120.43979, 23.48019 ], [ 120.43919, 23.48085 ], [ 120.43905, 23.48109 ] ] ] ] } },
{ "type": "Feature", "properties": { "days": 28, "type": "high", "color_hint": "Reds" }, "geometry": { "type": "MultiPolygon", "coordinates": [ [ [ [ 120.41087, 23.46489 ], [ 120.41157, 23.46564 ], [ 120.41185, 23.46597 ], [ 120.41224, 23.46655 ], [ 120.41278, 23.46745 ], [ 120.41282, 23.46754 ], [ 120.41318, 23.46836 ], [ 120.41343, 23.46926 ], [ 120.41351, 23.47016 ], [ 120.41348, 23.47107 ], [ 120.41341, 23.47197 ], [ 120.41331, 23.47287 ], [ 120.41319, 23.47378 ], [ 120.41309, 23.47468 ], [ 120.41306, 23.47558 ], [ 120.4133, 23.47648 ], [ 120.41376, 23.47719 ], [ 120.41387, 23.47739 ], [ 120.41439, 23.47829 ], [ 120.41473, 23.47875 ], [ 120.41507, 23.4792 ], [ 120.4157, 23.47986 ], [ 120.41596, 23.48011 ], [ 120.41668, 23.48065 ], [ 120.41721, 23.48101 ], [ 120.41765, 23.48126 ], [ 120.41863, 23.48176 ], [ 120.41899, 23.48192 ], [ 120.41961, 23.48217 ], [ 120.42059, 23.48248 ], [ 120.42156, 23.48274 ], [ 120.42202, 23.48284 ], [ 120.42254, 23.48294 ], [ 120.42352, 23.48307 ], [ 120.4245, 23.48314 ], [ 120.42548, 23.48315 ], [ 120.42646, 23.48314 ], [ 120.42744, 23.48309 ], [ 120.42842, 23.48297 ], [ 120.42893, 23.48286 ], [ 120.42939, 23.48275 ], [ 120.43038, 23.48239 ], [ 120.43136, 23.48199 ], [ 120.43139, 23.48197 ], [ 120.43211, 23.48107 ], [ 120.43234, 23.48042 ], [ 120.43241, 23.48017 ], [ 120.43275, 23.47927 ], [ 120.4331, 23.47836 ], [ 120.43333, 23.47774 ], [ 120.43343, 23.47746 ], [ 120.43375, 23.47656 ], [ 120.43411, 23.47566 ], [ 120.43432, 23.47528 ], [ 120.43483, 23.47476 ], [ 120.4353, 23.47453 ], [ 120.43628, 23.47442 ], [ 120.43726, 23.47444 ], [ 120.43824, 23.47446 ], [ 120.43922, 23.47446 ], [ 120.4402, 23.47449 ], [ 120.44118, 23.47457 ], [ 120.44216, 23.47472 ], [ 120.44252, 23.47479 ], [ 120.44313, 23.4749 ], [ 120.44411, 23.47499 ], [ 120.44493, 23.47479 ], [ 120.44509, 23.47471 ], [ 120.44578, 23.47389 ], [ 120.44608, 23.47336 ], [ 120.44625, 23.47299 ], [ 120.44669, 23.47209 ], [ 120.44706, 23.4714 ], [ 120.44717, 23.47119 ], [ 120.4477, 23.47029 ], [ 120.44805, 23.46975 ], [ 120.44828, 23.46939 ], [ 120.44894, 23.46849 ], [ 120.44903, 23.46837 ], [ 120.44965, 23.46759 ], [ 120.45002, 23.46712 ], [ 120.45035, 23.46669 ], [ 120.451, 23.46585 ], [ 120.45105, 23.46579 ], [ 120.45171, 23.46489 ], [ 120.45199, 23.46451 ], [ 120.45238, 23.46398 ], [ 120.45297, 23.46322 ], [ 120.45308, 23.46308 ], [ 120.45381, 23.46218 ], [ 120.45395, 23.462 ], [ 120.45454, 23.46128 ], [ 120.45494, 23.46071 ], [ 120.45519, 23.46038 ], [ 120.45568, 23.45948 ], [ 120.45593, 23.4588 ], [ 120.45603, 23.45858 ], [ 120.45637, 23.45768 ], [ 120.45691, 23.45728 ], [ 120.45789, 23.4573 ], [ 120.45887, 23.45757 ], [ 120.45917, 23.45769 ], [ 120.45984, 23.45794 ], [ 120.46082, 23.45832 ], [ 120.46146, 23.4586 ], [ 120.4618, 23.45875 ], [ 120.46278, 23.45929 ], [ 120.46313, 23.45951 ], [ 120.46375, 23.45997 ], [ 120.46429, 23.46041 ], [ 120.46473, 23.46085 ], [ 120.46516, 23.46132 ], [ 120.4657, 23.46204 ], [ 120.46583, 23.46223 ], [ 120.46632, 23.46313 ], [ 120.46667, 23.46401 ], [ 120.46668, 23.46403 ], [ 120.46692, 23.46494 ], [ 120.46705, 23.46584 ], [ 120.46706, 23.46674 ], [ 120.46699, 23.46765 ], [ 120.46695, 23.46855 ], [ 120.46688, 23.46945 ], [ 120.46671, 23.47036 ], [ 120.46664, 23.47062 ], [ 120.46649, 23.47126 ], [ 120.46628, 23.47216 ], [ 120.46615, 23.47306 ], [ 120.4661, 23.47397 ], [ 120.46603, 23.47487 ], [ 120.46588, 23.47577 ], [ 120.46571, 23.47667 ], [ 120.46564, 23.47714 ], [ 120.46557, 23.47758 ], [ 120.46552, 23.47848 ], [ 120.46559, 23.47938 ], [ 120.46563, 23.4796 ], [ 120.46577, 23.48029 ], [ 120.46614, 23.48119 ], [ 120.4666, 23.48195 ], [ 120.4667, 23.48209 ], [ 120.46757, 23.48292 ], [ 120.46768, 23.483 ], [ 120.46855, 23.48355 ], [ 120.46918, 23.48391 ], [ 120.46953, 23.48409 ], [ 120.4705, 23.48456 ], [ 120.47104, 23.48482 ], [ 120.47148, 23.48502 ], [ 120.47246, 23.48546 ], [ 120.47306, 23.48573 ], [ 120.47344, 23.48589 ], [ 120.47441, 23.48631 ], [ 120.4752, 23.48664 ], [ 120.47539, 23.48672 ], [ 120.47637, 23.48711 ], [ 120.47735, 23.48749 ], [ 120.47751, 23.48755 ], [ 120.47832, 23.48783 ], [ 120.4793, 23.48816 ], [ 120.47986, 23.48846 ], [ 120.48028, 23.48867 ], [ 120.48126, 23.48932 ], [ 120.48134, 23.48937 ], [ 120.48223, 23.48983 ], [ 120.48317, 23.49028 ], [ 120.48321, 23.4903 ], [ 120.48419, 23.49072 ], [ 120.48516, 23.4911 ], [ 120.48543, 23.49119 ], [ 120.48614, 23.49143 ], [ 120.48712, 23.49172 ], [ 120.4881, 23.49197 ], [ 120.4885, 23.49204 ], [ 120.48855, 23.49197 ], [ 120.48864, 23.4919 ], [ 120.48884, 23.49183 ], [ 120.48895, 23.49172 ], [ 120.48906, 23.49157 ], [ 120.48923, 23.49145 ], [ 120.48942, 23.49137 ], [ 120.48948, 23.49147 ], [ 120.48958, 23.49144 ], [ 120.48983, 23.49136 ], [ 120.49004, 23.4913 ], [ 120.49025, 23.49131 ], [ 120.49063, 23.49135 ], [ 120.49092, 23.49136 ], [ 120.49138, 23.49119 ], [ 120.49156, 23.49115 ], [ 120.49198, 23.49128 ], [ 120.49219, 23.49135 ], [ 120.49255, 23.49134 ], [ 120.49281, 23.4913 ], [ 120.49325, 23.49121 ], [ 120.49361, 23.49113 ], [ 120.49366, 23.49103 ], [ 120.49366, 23.49102 ], [ 120.493, 23.49108 ], [ 120.49202, 23.49113 ], [ 120.49104, 23.49114 ], [ 120.49006, 23.49109 ], [ 120.48908, 23.49097 ], [ 120.4881, 23.49076 ], [ 120.48712, 23.49051 ], [ 120.48642, 23.49029 ], [ 120.48615, 23.4902 ], [ 120.48517, 23.48985 ], [ 120.48419, 23.48945 ], [ 120.48403, 23.48938 ], [ 120.48321, 23.489 ], [ 120.48224, 23.4885 ], [ 120.48218, 23.48847 ], [ 120.48126, 23.48778 ], [ 120.481, 23.48756 ], [ 120.48029, 23.48693 ], [ 120.47977, 23.48665 ], [ 120.47931, 23.48639 ], [ 120.47833, 23.48617 ], [ 120.47735, 23.48605 ], [ 120.47637, 23.48585 ], [ 120.47602, 23.48574 ], [ 120.4754, 23.48554 ], [ 120.47442, 23.48518 ], [ 120.47355, 23.48483 ], [ 120.47344, 23.48478 ], [ 120.47246, 23.48433 ], [ 120.47161, 23.48392 ], [ 120.47149, 23.48385 ], [ 120.47051, 23.48335 ], [ 120.46987, 23.48301 ], [ 120.46953, 23.48281 ], [ 120.46856, 23.48219 ], [ 120.46843, 23.4821 ], [ 120.46758, 23.48128 ], [ 120.46752, 23.48119 ], [ 120.46703, 23.48029 ], [ 120.46677, 23.47939 ], [ 120.46665, 23.47848 ], [ 120.46665, 23.47758 ], [ 120.46676, 23.47668 ], [ 120.46695, 23.47577 ], [ 120.46717, 23.47487 ], [ 120.46743, 23.47397 ], [ 120.46761, 23.47334 ], [ 120.46769, 23.47307 ], [ 120.46784, 23.47217 ], [ 120.46804, 23.47126 ], [ 120.46828, 23.47036 ], [ 120.4685, 23.46946 ], [ 120.46861, 23.46888 ], [ 120.46868, 23.46856 ], [ 120.46883, 23.46765 ], [ 120.4689, 23.46675 ], [ 120.46891, 23.46585 ], [ 120.46884, 23.46494 ], [ 120.46868, 23.46404 ], [ 120.46863, 23.46389 ], [ 120.46842, 23.46314 ], [ 120.46803, 23.46223 ], [ 120.46766, 23.46165 ], [ 120.46746, 23.46133 ], [ 120.46669, 23.46046 ], [ 120.46665, 23.46042 ], [ 120.46571, 23.45962 ], [ 120.46559, 23.45952 ], [ 120.46473, 23.45896 ], [ 120.4642, 23.45861 ], [ 120.46376, 23.45836 ], [ 120.46278, 23.45783 ], [ 120.46252, 23.4577 ], [ 120.4618, 23.45735 ], [ 120.46083, 23.45688 ], [ 120.46064, 23.45679 ], [ 120.45985, 23.45642 ], [ 120.45887, 23.45594 ], [ 120.45874, 23.45588 ], [ 120.4579, 23.45548 ], [ 120.45692, 23.45499 ], [ 120.45687, 23.45497 ], [ 120.45594, 23.45456 ], [ 120.45497, 23.45412 ], [ 120.45474, 23.45406 ], [ 120.45399, 23.45382 ], [ 120.45301, 23.45398 ], [ 120.45296, 23.45405 ], [ 120.45291, 23.45496 ], [ 120.453, 23.45573 ], [ 120.45302, 23.45586 ], [ 120.45313, 23.45676 ], [ 120.45322, 23.45767 ], [ 120.45322, 23.45857 ], [ 120.45311, 23.45947 ], [ 120.45298, 23.45988 ], [ 120.45284, 23.46037 ], [ 120.45236, 23.46128 ], [ 120.452, 23.46182 ], [ 120.45176, 23.46218 ], [ 120.45112, 23.46308 ], [ 120.45101, 23.46323 ], [ 120.45044, 23.46398 ], [ 120.45003, 23.46452 ], [ 120.44975, 23.46488 ], [ 120.44905, 23.46576 ], [ 120.44903, 23.46578 ], [ 120.44833, 23.46668 ], [ 120.44806, 23.46703 ], [ 120.44763, 23.46758 ], [ 120.44708, 23.46827 ], [ 120.44691, 23.46848 ], [ 120.44622, 23.46938 ], [ 120.44609, 23.46957 ], [ 120.44558, 23.47028 ], [ 120.44511, 23.47102 ], [ 120.445, 23.47118 ], [ 120.44444, 23.47208 ], [ 120.44412, 23.47258 ], [ 120.44376, 23.47298 ], [ 120.44314, 23.47335 ], [ 120.44216, 23.47343 ], [ 120.44118, 23.47333 ], [ 120.4402, 23.47326 ], [ 120.43922, 23.47326 ], [ 120.43825, 23.47325 ], [ 120.43727, 23.47323 ], [ 120.43629, 23.47316 ], [ 120.43531, 23.47305 ], [ 120.43433, 23.47297 ], [ 120.43335, 23.47317 ], [ 120.4328, 23.47385 ], [ 120.43249, 23.47475 ], [ 120.43236, 23.47522 ], [ 120.43225, 23.47565 ], [ 120.43198, 23.47655 ], [ 120.43166, 23.47746 ], [ 120.43137, 23.47814 ], [ 120.43126, 23.47836 ], [ 120.43068, 23.47926 ], [ 120.43039, 23.47965 ], [ 120.42975, 23.48016 ], [ 120.42941, 23.48037 ], [ 120.42842, 23.48079 ], [ 120.42758, 23.48105 ], [ 120.42744, 23.48109 ], [ 120.42646, 23.48124 ], [ 120.42549, 23.48131 ], [ 120.42451, 23.48129 ], [ 120.42353, 23.48119 ], [ 120.42274, 23.48103 ], [ 120.42255, 23.48099 ], [ 120.42157, 23.48068 ], [ 120.42059, 23.48029 ], [ 120.42025, 23.48012 ], [ 120.41962, 23.47976 ], [ 120.41884, 23.47921 ], [ 120.41864, 23.47905 ], [ 120.41789, 23.47831 ], [ 120.41767, 23.47803 ], [ 120.41722, 23.4774 ], [ 120.41675, 23.4765 ], [ 120.4167, 23.47634 ], [ 120.41643, 23.47559 ], [ 120.41613, 23.47469 ], [ 120.41579, 23.47379 ], [ 120.41576, 23.47288 ], [ 120.41592, 23.47198 ], [ 120.41611, 23.47108 ], [ 120.41627, 23.47017 ], [ 120.41631, 23.46927 ], [ 120.41614, 23.46837 ], [ 120.41581, 23.46746 ], [ 120.41576, 23.46731 ], [ 120.41549, 23.46656 ], [ 120.41523, 23.46566 ], [ 120.41516, 23.46475 ], [ 120.41577, 23.46449 ], [ 120.41675, 23.46472 ], [ 120.41685, 23.46476 ], [ 120.41772, 23.46503 ], [ 120.4187, 23.46519 ], [ 120.41968, 23.46514 ], [ 120.42066, 23.46496 ], [ 120.42164, 23.46483 ], [ 120.42212, 23.46478 ], [ 120.42262, 23.46473 ], [ 120.4236, 23.46464 ], [ 120.42458, 23.46462 ], [ 120.42556, 23.46471 ], [ 120.42617, 23.46479 ], [ 120.42654, 23.46484 ], [ 120.42751, 23.46494 ], [ 120.42849, 23.46495 ], [ 120.42925, 23.4648 ], [ 120.42947, 23.46476 ], [ 120.43045, 23.46429 ], [ 120.43106, 23.46391 ], [ 120.43143, 23.46367 ], [ 120.43236, 23.46301 ], [ 120.43242, 23.46297 ], [ 120.4334, 23.4622 ], [ 120.4335, 23.46211 ], [ 120.43438, 23.46131 ], [ 120.43448, 23.46121 ], [ 120.43524, 23.46031 ], [ 120.43537, 23.46007 ], [ 120.4357, 23.45941 ], [ 120.43576, 23.45851 ], [ 120.43546, 23.4576 ], [ 120.43538, 23.45745 ], [ 120.43496, 23.4567 ], [ 120.4344, 23.45598 ], [ 120.43425, 23.45579 ], [ 120.43343, 23.45503 ], [ 120.43326, 23.45489 ], [ 120.43245, 23.45432 ], [ 120.43188, 23.45398 ], [ 120.43148, 23.45377 ], [ 120.4305, 23.45352 ], [ 120.43004, 23.45354 ], [ 120.43003, 23.45359 ], [ 120.42988, 23.45524 ], [ 120.42976, 23.45639 ], [ 120.42964, 23.45761 ], [ 120.42955, 23.45864 ], [ 120.42944, 23.45969 ], [ 120.42938, 23.46044 ], [ 120.42929, 23.46104 ], [ 120.42789, 23.46091 ], [ 120.42702, 23.46084 ], [ 120.42638, 23.46077 ], [ 120.42604, 23.46075 ], [ 120.42578, 23.46077 ], [ 120.42551, 23.46086 ], [ 120.42535, 23.46091 ], [ 120.425, 23.4609 ], [ 120.42481, 23.46092 ], [ 120.42467, 23.46099 ], [ 120.4245, 23.46111 ], [ 120.42445, 23.46117 ], [ 120.42441, 23.4612 ], [ 120.42432, 23.46129 ], [ 120.42422, 23.46134 ], [ 120.42409, 23.46137 ], [ 120.42395, 23.46135 ], [ 120.42339, 23.46121 ], [ 120.42256, 23.46103 ], [ 120.42225, 23.46096 ], [ 120.42214, 23.46094 ], [ 120.42208, 23.46093 ], [ 120.422, 23.46095 ], [ 120.42175, 23.46109 ], [ 120.42174, 23.4611 ], [ 120.42155, 23.46108 ], [ 120.42114, 23.46103 ], [ 120.42037, 23.46092 ], [ 120.4194, 23.46081 ], [ 120.41828, 23.46066 ], [ 120.41739, 23.46056 ], [ 120.41637, 23.46043 ], [ 120.41559, 23.46033 ], [ 120.41529, 23.4603 ], [ 120.41516, 23.46028 ], [ 120.41505, 23.46035 ], [ 120.41473, 23.46063 ], [ 120.41424, 23.46099 ], [ 120.41382, 23.46136 ], [ 120.41346, 23.46173 ], [ 120.4133, 23.46193 ], [ 120.41318, 23.46207 ], [ 120.41309, 23.46221 ], [ 120.413, 23.46243 ], [ 120.41296, 23.46259 ], [ 120.41294, 23.46271 ], [ 120.41293, 23.46293 ], [ 120.41294, 23.46313 ], [ 120.41298, 23.4633 ], [ 120.413, 23.46348 ], [ 120.41304, 23.46361 ], [ 120.41303, 23.46366 ], [ 120.41295, 23.46377 ], [ 120.41279, 23.46396 ], [ 120.41251, 23.46426 ], [ 120.41234, 23.46441 ], [ 120.41214, 23.46455 ], [ 120.41202, 23.4646 ], [ 120.41201, 23.46461 ], [ 120.41181, 23.46468 ], [ 120.41161, 23.46473 ], [ 120.41145, 23.46476 ], [ 120.41127, 23.46479 ], [ 120.41102, 23.46478 ], [ 120.41077, 23.46477 ], [ 120.4107, 23.46476 ], [ 120.41087, 23.46489 ] ] ], [ [ [ 120.49887, 23.49033 ], [ 120.49902, 23.4902 ], [ 120.49887, 23.49022 ], [ 120.4983, 23.49033 ], [ 120.49789, 23.4904 ], [ 120.49705, 23.49056 ], [ 120.49716, 23.4906 ], [ 120.49738, 23.49063 ], [ 120.4976, 23.49066 ], [ 120.498, 23.49077 ], [ 120.49821, 23.49076 ], [ 120.49838, 23.49078 ], [ 120.49887, 23.49033 ] ] ], [ [ [ 120.43706, 23.44677 ], [ 120.43738, 23.44746 ], [ 120.43751, 23.44768 ], [ 120.43815, 23.44858 ], [ 120.43835, 23.44884 ], [ 120.43912, 23.44949 ], [ 120.43932, 23.44965 ], [ 120.4403, 23.45012 ], [ 120.44095, 23.4504 ], [ 120.44128, 23.45051 ], [ 120.44226, 23.45081 ], [ 120.44323, 23.45112 ], [ 120.44389, 23.45131 ], [ 120.44421, 23.45139 ], [ 120.44519, 23.4516 ], [ 120.44617, 23.45174 ], [ 120.44715, 23.4518 ], [ 120.44812, 23.4517 ], [ 120.4491, 23.45134 ], [ 120.44911, 23.45133 ], [ 120.44986, 23.45043 ], [ 120.45009, 23.44953 ], [ 120.45009, 23.44952 ], [ 120.45023, 23.44863 ], [ 120.4504, 23.44772 ], [ 120.45062, 23.44682 ], [ 120.45089, 23.44592 ], [ 120.45109, 23.44542 ], [ 120.45118, 23.44502 ], [ 120.45143, 23.44412 ], [ 120.45149, 23.44397 ], [ 120.45142, 23.44394 ], [ 120.45111, 23.44385 ], [ 120.45095, 23.44378 ], [ 120.45078, 23.4437 ], [ 120.45056, 23.4436 ], [ 120.45038, 23.44349 ], [ 120.45024, 23.44345 ], [ 120.45001, 23.44343 ], [ 120.44978, 23.44342 ], [ 120.44963, 23.44342 ], [ 120.44946, 23.44343 ], [ 120.44927, 23.44345 ], [ 120.44913, 23.44348 ], [ 120.44894, 23.44358 ], [ 120.44877, 23.44363 ], [ 120.44861, 23.44364 ], [ 120.44849, 23.44363 ], [ 120.44816, 23.44384 ], [ 120.44762, 23.4441 ], [ 120.44718, 23.44438 ], [ 120.4462, 23.44487 ], [ 120.44588, 23.445 ], [ 120.44522, 23.44531 ], [ 120.44424, 23.44548 ], [ 120.44326, 23.44539 ], [ 120.44228, 23.44514 ], [ 120.44185, 23.44498 ], [ 120.4413, 23.4448 ], [ 120.44033, 23.44444 ], [ 120.43963, 23.44407 ], [ 120.43935, 23.44393 ], [ 120.43868, 23.44317 ], [ 120.43837, 23.44287 ], [ 120.4374, 23.44249 ], [ 120.43708, 23.44251 ], [ 120.437, 23.44264 ], [ 120.4369, 23.44292 ], [ 120.43681, 23.44309 ], [ 120.43671, 23.44333 ], [ 120.43665, 23.44343 ], [ 120.43659, 23.44348 ], [ 120.43648, 23.4435 ], [ 120.43635, 23.44348 ], [ 120.43627, 23.4435 ], [ 120.43626, 23.44356 ], [ 120.43623, 23.4436 ], [ 120.43617, 23.44359 ], [ 120.43603, 23.44358 ], [ 120.43592, 23.44356 ], [ 120.43587, 23.44356 ], [ 120.43586, 23.44359 ], [ 120.43586, 23.44365 ], [ 120.4359, 23.44375 ], [ 120.43592, 23.44382 ], [ 120.43594, 23.44394 ], [ 120.43594, 23.44399 ], [ 120.4359, 23.44409 ], [ 120.43593, 23.44414 ], [ 120.43596, 23.4442 ], [ 120.43604, 23.44423 ], [ 120.43623, 23.44427 ], [ 120.43634, 23.4443 ], [ 120.43654, 23.44435 ], [ 120.43666, 23.44439 ], [ 120.43678, 23.44447 ], [ 120.43689, 23.44453 ], [ 120.43708, 23.44455 ], [ 120.43727, 23.44463 ], [ 120.43762, 23.44469 ], [ 120.43782, 23.44472 ], [ 120.43805, 23.44474 ], [ 120.43814, 23.44477 ], [ 120.43823, 23.44481 ], [ 120.43827, 23.44486 ], [ 120.43826, 23.44498 ], [ 120.43825, 23.4451 ], [ 120.43826, 23.4452 ], [ 120.4383, 23.44535 ], [ 120.43838, 23.44547 ], [ 120.43849, 23.44559 ], [ 120.43852, 23.44565 ], [ 120.43856, 23.44571 ], [ 120.43855, 23.44576 ], [ 120.43851, 23.44584 ], [ 120.43831, 23.44611 ], [ 120.43819, 23.4463 ], [ 120.43803, 23.44653 ], [ 120.43787, 23.44666 ], [ 120.43777, 23.4467 ], [ 120.43767, 23.44667 ], [ 120.43753, 23.44663 ], [ 120.43733, 23.44653 ], [ 120.43716, 23.44648 ], [ 120.43711, 23.44644 ], [ 120.43703, 23.44643 ], [ 120.437, 23.44644 ], [ 120.43695, 23.44649 ], [ 120.43694, 23.44649 ], [ 120.43706, 23.44677 ] ] ] ] } },
{ "type": "Feature", "properties": { "days": 27, "type": "high", "color_hint": "Reds" }, "geometry": { "type": "MultiPolygon", "coordinates": [ [ [ [ 120.4305, 23.45352 ], [ 120.43148, 23.45377 ], [ 120.43188, 23.45398 ], [ 120.43245, 23.45432 ], [ 120.43326, 23.45489 ], [ 120.43343, 23.45503 ], [ 120.43425, 23.45579 ], [ 120.4344, 23.45598 ], [ 120.43496, 23.4567 ], [ 120.43538, 23.45745 ], [ 120.43546, 23.4576 ], [ 120.43576, 23.45851 ], [ 120.4357, 23.45941 ], [ 120.43537, 23.46007 ], [ 120.43524, 23.46031 ], [ 120.43448, 23.46121 ], [ 120.43438, 23.46131 ], [ 120.4335, 23.46211 ], [ 120.4334, 23.4622 ], [ 120.43242, 23.46297 ], [ 120.43236, 23.46301 ], [ 120.43143, 23.46367 ], [ 120.43106, 23.46391 ], [ 120.43045, 23.46429 ], [ 120.42947, 23.46476 ], [ 120.42925, 23.4648 ], [ 120.42849, 23.46495 ], [ 120.42751, 23.46494 ], [ 120.42654, 23.46484 ], [ 120.42617, 23.46479 ], [ 120.42556, 23.46471 ], [ 120.42458, 23.46462 ], [ 120.4236, 23.46464 ], [ 120.42262, 23.46473 ], [ 120.42212, 23.46478 ], [ 120.42164, 23.46483 ], [ 120.42066, 23.46496 ], [ 120.41968, 23.46514 ], [ 120.4187, 23.46519 ], [ 120.41772, 23.46503 ], [ 120.41685, 23.46476 ], [ 120.41675, 23.46472 ], [ 120.41577, 23.46449 ], [ 120.41516, 23.46475 ], [ 120.41523, 23.46566 ], [ 120.41549, 23.46656 ], [ 120.41576, 23.46731 ], [ 120.41581, 23.46746 ], [ 120.41614, 23.46837 ], [ 120.41631, 23.46927 ], [ 120.41627, 23.47017 ], [ 120.41611, 23.47108 ], [ 120.41592, 23.47198 ], [ 120.41576, 23.47288 ], [ 120.41579, 23.47379 ], [ 120.41613, 23.47469 ], [ 120.41643, 23.47559 ], [ 120.4167, 23.47634 ], [ 120.41675, 23.4765 ], [ 120.41722, 23.4774 ], [ 120.41767, 23.47803 ], [ 120.41789, 23.47831 ], [ 120.41864, 23.47905 ], [ 120.41884, 23.47921 ], [ 120.41962, 23.47976 ], [ 120.42025, 23.48012 ], [ 120.42059, 23.48029 ], [ 120.42157, 23.48068 ], [ 120.42255, 23.48099 ], [ 120.42274, 23.48103 ], [ 120.42353, 23.48119 ], [ 120.42451, 23.48129 ], [ 120.42549, 23.48131 ], [ 120.42646, 23.48124 ], [ 120.42744, 23.48109 ], [ 120.42758, 23.48105 ], [ 120.42842, 23.48079 ], [ 120.42941, 23.48037 ], [ 120.42975, 23.48016 ], [ 120.43039, 23.47965 ], [ 120.43068, 23.47926 ], [ 120.43126, 23.47836 ], [ 120.43137, 23.47814 ], [ 120.43166, 23.47746 ], [ 120.43198, 23.47655 ], [ 120.43225, 23.47565 ], [ 120.43236, 23.47522 ], [ 120.43249, 23.47475 ], [ 120.4328, 23.47385 ], [ 120.43335, 23.47317 ], [ 120.43433, 23.47297 ], [ 120.43531, 23.47305 ], [ 120.43629, 23.47316 ], [ 120.43727, 23.47323 ], [ 120.43825, 23.47325 ], [ 120.43922, 23.47326 ], [ 120.4402, 23.47326 ], [ 120.44118, 23.47333 ], [ 120.44216, 23.47343 ], [ 120.44314, 23.47335 ], [ 120.44376, 23.47298 ], [ 120.44412, 23.47258 ], [ 120.44444, 23.47208 ], [ 120.445, 23.47118 ], [ 120.44511, 23.47102 ], [ 120.44558, 23.47028 ], [ 120.44609, 23.46957 ], [ 120.44622, 23.46938 ], [ 120.44691, 23.46848 ], [ 120.44708, 23.46827 ], [ 120.44763, 23.46758 ], [ 120.44806, 23.46703 ], [ 120.44833, 23.46668 ], [ 120.44903, 23.46578 ], [ 120.44905, 23.46576 ], [ 120.44975, 23.46488 ], [ 120.45003, 23.46452 ], [ 120.45044, 23.46398 ], [ 120.45101, 23.46323 ], [ 120.45112, 23.46308 ], [ 120.45176, 23.46218 ], [ 120.452, 23.46182 ], [ 120.45236, 23.46128 ], [ 120.45284, 23.46037 ], [ 120.45298, 23.45988 ], [ 120.45311, 23.45947 ], [ 120.45322, 23.45857 ], [ 120.45322, 23.45767 ], [ 120.45313, 23.45676 ], [ 120.45302, 23.45586 ], [ 120.453, 23.45573 ], [ 120.45291, 23.45496 ], [ 120.45296, 23.45405 ], [ 120.45301, 23.45398 ], [ 120.45399, 23.45382 ], [ 120.45474, 23.45406 ], [ 120.45497, 23.45412 ], [ 120.45594, 23.45456 ], [ 120.45687, 23.45497 ], [ 120.45692, 23.45499 ], [ 120.4579, 23.45548 ], [ 120.45874, 23.45588 ], [ 120.45887, 23.45594 ], [ 120.45985, 23.45642 ], [ 120.46064, 23.45679 ], [ 120.46083, 23.45688 ], [ 120.4618, 23.45735 ], [ 120.46252, 23.4577 ], [ 120.46278, 23.45783 ], [ 120.46376, 23.45836 ], [ 120.4642, 23.45861 ], [ 120.46473, 23.45896 ], [ 120.46559, 23.45952 ], [ 120.46571, 23.45962 ], [ 120.46665, 23.46042 ], [ 120.46669, 23.46046 ], [ 120.46746, 23.46133 ], [ 120.46766, 23.46165 ], [ 120.46803, 23.46223 ], [ 120.46842, 23.46314 ], [ 120.46863, 23.46389 ], [ 120.46868, 23.46404 ], [ 120.46884, 23.46494 ], [ 120.46891, 23.46585 ], [ 120.4689, 23.46675 ], [ 120.46883, 23.46765 ], [ 120.46868, 23.46856 ], [ 120.46861, 23.46888 ], [ 120.4685, 23.46946 ], [ 120.46828, 23.47036 ], [ 120.46804, 23.47126 ], [ 120.46784, 23.47217 ], [ 120.46769, 23.47307 ], [ 120.46761, 23.47334 ], [ 120.46743, 23.47397 ], [ 120.46717, 23.47487 ], [ 120.46695, 23.47577 ], [ 120.46676, 23.47668 ], [ 120.46665, 23.47758 ], [ 120.46665, 23.47848 ], [ 120.46677, 23.47939 ], [ 120.46703, 23.48029 ], [ 120.46752, 23.48119 ], [ 120.46758, 23.48128 ], [ 120.46843, 23.4821 ], [ 120.46856, 23.48219 ], [ 120.46953, 23.48281 ], [ 120.46987, 23.48301 ], [ 120.47051, 23.48335 ], [ 120.47149, 23.48385 ], [ 120.47161, 23.48392 ], [ 120.47246, 23.48433 ], [ 120.47344, 23.48478 ], [ 120.47355, 23.48483 ], [ 120.47442, 23.48518 ], [ 120.4754, 23.48554 ], [ 120.47602, 23.48574 ], [ 120.47637, 23.48585 ], [ 120.47735, 23.48605 ], [ 120.47833, 23.48617 ], [ 120.47931, 23.48639 ], [ 120.47977, 23.48665 ], [ 120.48029, 23.48693 ], [ 120.481, 23.48756 ], [ 120.48126, 23.48778 ], [ 120.48218, 23.48847 ], [ 120.48224, 23.4885 ], [ 120.48321, 23.489 ], [ 120.48403, 23.48938 ], [ 120.48419, 23.48945 ], [ 120.48517, 23.48985 ], [ 120.48615, 23.4902 ], [ 120.48642, 23.49029 ], [ 120.48712, 23.49051 ], [ 120.4881, 23.49076 ], [ 120.48908, 23.49097 ], [ 120.49006, 23.49109 ], [ 120.49104, 23.49114 ], [ 120.49202, 23.49113 ], [ 120.493, 23.49108 ], [ 120.49366, 23.49102 ], [ 120.49378, 23.49088 ], [ 120.49393, 23.49071 ], [ 120.49401, 23.49049 ], [ 120.49411, 23.49031 ], [ 120.49424, 23.49019 ], [ 120.49461, 23.49012 ], [ 120.49498, 23.4901 ], [ 120.49552, 23.49008 ], [ 120.49604, 23.4901 ], [ 120.49629, 23.49013 ], [ 120.49642, 23.49019 ], [ 120.49679, 23.49044 ], [ 120.49705, 23.49056 ], [ 120.49789, 23.4904 ], [ 120.4983, 23.49033 ], [ 120.49887, 23.49022 ], [ 120.49902, 23.4902 ], [ 120.49986, 23.48943 ], [ 120.49997, 23.48932 ], [ 120.49986, 23.48936 ], [ 120.49946, 23.48943 ], [ 120.49888, 23.48953 ], [ 120.4979, 23.48969 ], [ 120.49692, 23.48983 ], [ 120.49594, 23.48995 ], [ 120.49496, 23.49005 ], [ 120.49398, 23.49012 ], [ 120.493, 23.49016 ], [ 120.49202, 23.49017 ], [ 120.49104, 23.49012 ], [ 120.49006, 23.49001 ], [ 120.48909, 23.48984 ], [ 120.48811, 23.48961 ], [ 120.48732, 23.48939 ], [ 120.48713, 23.48933 ], [ 120.48615, 23.489 ], [ 120.48517, 23.48862 ], [ 120.48485, 23.48848 ], [ 120.4842, 23.48817 ], [ 120.48322, 23.48766 ], [ 120.48308, 23.48757 ], [ 120.48224, 23.48688 ], [ 120.48202, 23.48666 ], [ 120.48127, 23.48578 ], [ 120.48125, 23.48576 ], [ 120.48029, 23.48489 ], [ 120.48023, 23.48485 ], [ 120.47932, 23.48434 ], [ 120.47834, 23.48416 ], [ 120.47736, 23.48416 ], [ 120.47638, 23.48419 ], [ 120.4754, 23.48409 ], [ 120.47464, 23.48393 ], [ 120.47442, 23.48388 ], [ 120.47345, 23.48352 ], [ 120.47247, 23.4831 ], [ 120.4723, 23.48302 ], [ 120.47149, 23.48258 ], [ 120.47066, 23.48211 ], [ 120.47051, 23.48201 ], [ 120.46954, 23.48137 ], [ 120.46931, 23.4812 ], [ 120.46856, 23.48046 ], [ 120.46844, 23.48029 ], [ 120.46803, 23.47939 ], [ 120.46781, 23.47849 ], [ 120.46775, 23.47758 ], [ 120.46782, 23.47668 ], [ 120.46799, 23.47578 ], [ 120.46823, 23.47488 ], [ 120.46851, 23.47397 ], [ 120.46859, 23.47373 ], [ 120.46886, 23.47307 ], [ 120.4692, 23.47217 ], [ 120.46953, 23.47127 ], [ 120.46958, 23.47114 ], [ 120.46989, 23.47037 ], [ 120.47019, 23.46946 ], [ 120.47051, 23.46856 ], [ 120.47057, 23.46839 ], [ 120.4709, 23.46766 ], [ 120.47136, 23.46676 ], [ 120.47156, 23.46639 ], [ 120.47199, 23.46586 ], [ 120.47254, 23.46533 ], [ 120.47307, 23.46496 ], [ 120.47352, 23.4647 ], [ 120.4745, 23.46422 ], [ 120.47484, 23.46406 ], [ 120.47548, 23.46379 ], [ 120.47646, 23.46338 ], [ 120.47692, 23.46317 ], [ 120.47744, 23.46294 ], [ 120.47842, 23.46246 ], [ 120.47883, 23.46227 ], [ 120.4794, 23.46198 ], [ 120.48038, 23.46179 ], [ 120.48136, 23.46202 ], [ 120.48234, 23.46224 ], [ 120.48332, 23.46162 ], [ 120.48342, 23.46138 ], [ 120.48383, 23.46048 ], [ 120.48431, 23.45963 ], [ 120.48433, 23.45958 ], [ 120.48474, 23.45868 ], [ 120.48508, 23.45778 ], [ 120.4853, 23.45713 ], [ 120.48537, 23.45687 ], [ 120.48547, 23.45597 ], [ 120.48539, 23.4557 ], [ 120.48504, 23.45595 ], [ 120.48463, 23.45627 ], [ 120.48444, 23.45641 ], [ 120.48409, 23.4566 ], [ 120.48369, 23.45682 ], [ 120.48318, 23.4571 ], [ 120.48318, 23.45711 ], [ 120.48306, 23.45718 ], [ 120.48293, 23.45725 ], [ 120.48261, 23.45744 ], [ 120.48239, 23.45754 ], [ 120.48211, 23.45772 ], [ 120.48194, 23.45783 ], [ 120.48169, 23.45807 ], [ 120.48161, 23.45825 ], [ 120.48142, 23.45861 ], [ 120.48134, 23.45877 ], [ 120.48114, 23.45907 ], [ 120.48111, 23.45917 ], [ 120.48106, 23.45934 ], [ 120.48106, 23.45946 ], [ 120.48099, 23.45958 ], [ 120.48089, 23.45971 ], [ 120.48077, 23.45986 ], [ 120.4806, 23.46001 ], [ 120.48044, 23.46011 ], [ 120.48028, 23.46022 ], [ 120.48002, 23.4604 ], [ 120.47977, 23.46051 ], [ 120.47939, 23.46069 ], [ 120.47921, 23.4608 ], [ 120.47869, 23.46106 ], [ 120.47829, 23.46129 ], [ 120.47791, 23.46149 ], [ 120.47781, 23.46153 ], [ 120.47734, 23.46177 ], [ 120.47716, 23.46185 ], [ 120.47699, 23.46192 ], [ 120.4768, 23.46199 ], [ 120.47661, 23.46202 ], [ 120.47599, 23.46208 ], [ 120.4754, 23.46212 ], [ 120.47524, 23.46212 ], [ 120.47488, 23.46213 ], [ 120.47462, 23.46211 ], [ 120.47423, 23.4621 ], [ 120.47402, 23.46205 ], [ 120.47369, 23.46201 ], [ 120.4731, 23.46197 ], [ 120.47259, 23.46194 ], [ 120.47205, 23.46186 ], [ 120.47175, 23.46186 ], [ 120.47126, 23.46191 ], [ 120.47122, 23.46191 ], [ 120.4709, 23.46192 ], [ 120.47076, 23.46191 ], [ 120.47069, 23.46191 ], [ 120.47058, 23.46189 ], [ 120.47011, 23.46179 ], [ 120.46968, 23.46173 ], [ 120.46942, 23.4617 ], [ 120.46901, 23.46166 ], [ 120.46873, 23.46162 ], [ 120.46865, 23.4616 ], [ 120.46831, 23.46135 ], [ 120.46801, 23.46109 ], [ 120.46779, 23.46094 ], [ 120.46752, 23.46069 ], [ 120.46734, 23.46053 ], [ 120.467, 23.46028 ], [ 120.46682, 23.46016 ], [ 120.46667, 23.46007 ], [ 120.46644, 23.45995 ], [ 120.46633, 23.45986 ], [ 120.4662, 23.45969 ], [ 120.46596, 23.45937 ], [ 120.46576, 23.45912 ], [ 120.46562, 23.45895 ], [ 120.46549, 23.45881 ], [ 120.46521, 23.45859 ], [ 120.46506, 23.4585 ], [ 120.46495, 23.45841 ], [ 120.46486, 23.45836 ], [ 120.46475, 23.45836 ], [ 120.46464, 23.45834 ], [ 120.46455, 23.4583 ], [ 120.46452, 23.45824 ], [ 120.46451, 23.45816 ], [ 120.46452, 23.4581 ], [ 120.4646, 23.45793 ], [ 120.46466, 23.45773 ], [ 120.46471, 23.45755 ], [ 120.46376, 23.45708 ], [ 120.46322, 23.4568 ], [ 120.46279, 23.45658 ], [ 120.46181, 23.4561 ], [ 120.4614, 23.45589 ], [ 120.46083, 23.4556 ], [ 120.45986, 23.45508 ], [ 120.45968, 23.45498 ], [ 120.45888, 23.45454 ], [ 120.45806, 23.45407 ], [ 120.4579, 23.45398 ], [ 120.45693, 23.4534 ], [ 120.45654, 23.45316 ], [ 120.45595, 23.45277 ], [ 120.4552, 23.45226 ], [ 120.45497, 23.45208 ], [ 120.45409, 23.45135 ], [ 120.454, 23.45125 ], [ 120.45326, 23.45044 ], [ 120.45303, 23.45003 ], [ 120.45276, 23.44954 ], [ 120.45253, 23.44863 ], [ 120.45246, 23.44773 ], [ 120.45248, 23.44683 ], [ 120.45253, 23.44593 ], [ 120.45265, 23.44502 ], [ 120.45274, 23.44474 ], [ 120.45264, 23.44465 ], [ 120.45246, 23.4445 ], [ 120.45217, 23.44432 ], [ 120.45198, 23.4442 ], [ 120.45165, 23.44404 ], [ 120.45149, 23.44397 ], [ 120.45143, 23.44412 ], [ 120.45118, 23.44502 ], [ 120.45109, 23.44542 ], [ 120.45089, 23.44592 ], [ 120.45062, 23.44682 ], [ 120.4504, 23.44772 ], [ 120.45023, 23.44863 ], [ 120.45009, 23.44952 ], [ 120.45009, 23.44953 ], [ 120.44986, 23.45043 ], [ 120.44911, 23.45133 ], [ 120.4491, 23.45134 ], [ 120.44812, 23.4517 ], [ 120.44715, 23.4518 ], [ 120.44617, 23.45174 ], [ 120.44519, 23.4516 ], [ 120.44421, 23.45139 ], [ 120.44389, 23.45131 ], [ 120.44323, 23.45112 ], [ 120.44226, 23.45081 ], [ 120.44128, 23.45051 ], [ 120.44095, 23.4504 ], [ 120.4403, 23.45012 ], [ 120.43932, 23.44965 ], [ 120.43912, 23.44949 ], [ 120.43835, 23.44884 ], [ 120.43815, 23.44858 ], [ 120.43751, 23.44768 ], [ 120.43738, 23.44746 ], [ 120.43706, 23.44677 ], [ 120.43694, 23.44649 ], [ 120.43689, 23.44657 ], [ 120.43686, 23.44665 ], [ 120.43684, 23.44672 ], [ 120.43681, 23.44684 ], [ 120.43676, 23.44694 ], [ 120.43668, 23.447 ], [ 120.43655, 23.44711 ], [ 120.43647, 23.44719 ], [ 120.43642, 23.44729 ], [ 120.43639, 23.44737 ], [ 120.43632, 23.44751 ], [ 120.43628, 23.44766 ], [ 120.43617, 23.44777 ], [ 120.43614, 23.44784 ], [ 120.43609, 23.44795 ], [ 120.43607, 23.44803 ], [ 120.43606, 23.44809 ], [ 120.43602, 23.44816 ], [ 120.43582, 23.44821 ], [ 120.43567, 23.44825 ], [ 120.43561, 23.44833 ], [ 120.43555, 23.44842 ], [ 120.43525, 23.44877 ], [ 120.43515, 23.44891 ], [ 120.43505, 23.44908 ], [ 120.43493, 23.44929 ], [ 120.43487, 23.44945 ], [ 120.43471, 23.44977 ], [ 120.43461, 23.44993 ], [ 120.43455, 23.45012 ], [ 120.43453, 23.45028 ], [ 120.43449, 23.45045 ], [ 120.43446, 23.45069 ], [ 120.43439, 23.45067 ], [ 120.43416, 23.45062 ], [ 120.43379, 23.4505 ], [ 120.4336, 23.45044 ], [ 120.43324, 23.45036 ], [ 120.43311, 23.45028 ], [ 120.43311, 23.45031 ], [ 120.43306, 23.45027 ], [ 120.43284, 23.45011 ], [ 120.4327, 23.45022 ], [ 120.43224, 23.45069 ], [ 120.43182, 23.45107 ], [ 120.43135, 23.45146 ], [ 120.43089, 23.45187 ], [ 120.43067, 23.45206 ], [ 120.43041, 23.45209 ], [ 120.4303, 23.45211 ], [ 120.4302, 23.45218 ], [ 120.43015, 23.45231 ], [ 120.43014, 23.45255 ], [ 120.43004, 23.45354 ], [ 120.4305, 23.45352 ] ] ] ] } },
{ "type": "Feature", "properties": { "days": 32, "type": "high", "color_hint": "Reds" }, "geometry": { "type": "MultiPolygon", "coordinates": [ [ [ [ 120.40678, 23.50385 ], [ 120.40704, 23.50355 ], [ 120.40777, 23.50276 ], [ 120.40785, 23.50266 ], [ 120.40785, 23.50261 ], [ 120.40785, 23.50251 ], [ 120.40785, 23.50246 ], [ 120.40786, 23.50235 ], [ 120.40786, 23.50227 ], [ 120.40787, 23.50216 ], [ 120.40787, 23.50209 ], [ 120.40788, 23.50199 ], [ 120.4079, 23.50192 ], [ 120.40791, 23.50183 ], [ 120.40792, 23.50176 ], [ 120.40793, 23.50167 ], [ 120.40795, 23.50159 ], [ 120.40797, 23.50152 ], [ 120.40798, 23.50146 ], [ 120.40801, 23.50139 ], [ 120.40806, 23.50107 ], [ 120.40809, 23.50085 ], [ 120.40809, 23.50178 ], [ 120.40814, 23.50108 ], [ 120.40818, 23.50065 ], [ 120.40818, 23.50042 ], [ 120.40822, 23.50001 ], [ 120.40826, 23.49944 ], [ 120.40828, 23.499 ], [ 120.40831, 23.49871 ], [ 120.40839, 23.49853 ], [ 120.40845, 23.49844 ], [ 120.40846, 23.49844 ], [ 120.40858, 23.49843 ], [ 120.40873, 23.49841 ], [ 120.40899, 23.4984 ], [ 120.40928, 23.49841 ], [ 120.4096, 23.49845 ], [ 120.41021, 23.49856 ], [ 120.4107, 23.49867 ], [ 120.41095, 23.49872 ], [ 120.41133, 23.49815 ], [ 120.41171, 23.49754 ], [ 120.41188, 23.49725 ], [ 120.41241, 23.49635 ], [ 120.41269, 23.49586 ], [ 120.41293, 23.49545 ], [ 120.41347, 23.49454 ], [ 120.41368, 23.49424 ], [ 120.41406, 23.49364 ], [ 120.41444, 23.49274 ], [ 120.41467, 23.49206 ], [ 120.41475, 23.49184 ], [ 120.41558, 23.49094 ], [ 120.41565, 23.4909 ], [ 120.41663, 23.4905 ], [ 120.41761, 23.49023 ], [ 120.41859, 23.49007 ], [ 120.4189, 23.49005 ], [ 120.41957, 23.49001 ], [ 120.42055, 23.49 ], [ 120.42153, 23.48999 ], [ 120.42251, 23.48997 ], [ 120.42349, 23.48995 ], [ 120.42447, 23.48993 ], [ 120.42545, 23.48992 ], [ 120.42643, 23.48992 ], [ 120.42741, 23.48993 ], [ 120.42838, 23.48994 ], [ 120.42936, 23.48997 ], [ 120.43034, 23.49002 ], [ 120.43132, 23.49008 ], [ 120.43148, 23.4901 ], [ 120.4323, 23.49016 ], [ 120.43328, 23.49025 ], [ 120.43426, 23.49033 ], [ 120.43524, 23.4904 ], [ 120.43622, 23.49045 ], [ 120.43719, 23.49045 ], [ 120.43817, 23.49039 ], [ 120.43915, 23.49025 ], [ 120.43961, 23.49013 ], [ 120.44013, 23.4899 ], [ 120.44111, 23.48944 ], [ 120.44138, 23.48923 ], [ 120.4421, 23.48875 ], [ 120.44265, 23.48833 ], [ 120.44308, 23.48801 ], [ 120.44378, 23.48743 ], [ 120.44406, 23.48721 ], [ 120.44485, 23.48653 ], [ 120.44504, 23.48637 ], [ 120.44588, 23.48563 ], [ 120.44603, 23.48551 ], [ 120.44691, 23.48473 ], [ 120.44701, 23.48466 ], [ 120.44796, 23.48384 ], [ 120.44799, 23.48381 ], [ 120.44897, 23.48304 ], [ 120.44915, 23.48294 ], [ 120.44995, 23.48248 ], [ 120.45093, 23.4822 ], [ 120.45169, 23.48204 ], [ 120.45191, 23.48198 ], [ 120.4529, 23.48133 ], [ 120.45309, 23.48114 ], [ 120.45388, 23.48039 ], [ 120.45404, 23.48024 ], [ 120.45486, 23.47958 ], [ 120.45522, 23.47935 ], [ 120.45584, 23.47891 ], [ 120.45678, 23.47845 ], [ 120.45682, 23.47843 ], [ 120.4578, 23.47825 ], [ 120.45833, 23.47845 ], [ 120.45878, 23.47862 ], [ 120.45947, 23.47936 ], [ 120.45976, 23.47964 ], [ 120.46012, 23.48027 ], [ 120.46073, 23.48116 ], [ 120.46073, 23.48117 ], [ 120.46124, 23.48208 ], [ 120.4617, 23.4828 ], [ 120.4618, 23.48298 ], [ 120.46235, 23.48389 ], [ 120.46267, 23.48437 ], [ 120.46295, 23.48479 ], [ 120.46365, 23.48561 ], [ 120.46375, 23.4857 ], [ 120.46462, 23.4863 ], [ 120.46516, 23.4866 ], [ 120.4656, 23.48683 ], [ 120.46658, 23.4873 ], [ 120.46701, 23.48751 ], [ 120.46755, 23.48777 ], [ 120.46853, 23.48823 ], [ 120.46897, 23.48842 ], [ 120.46951, 23.48866 ], [ 120.47049, 23.48904 ], [ 120.47124, 23.48933 ], [ 120.47146, 23.48942 ], [ 120.47244, 23.48985 ], [ 120.47328, 23.49024 ], [ 120.47342, 23.49031 ], [ 120.4744, 23.49079 ], [ 120.4751, 23.49115 ], [ 120.47537, 23.49129 ], [ 120.47635, 23.4918 ], [ 120.47683, 23.49206 ], [ 120.47733, 23.49236 ], [ 120.47819, 23.49297 ], [ 120.4783, 23.49306 ], [ 120.47928, 23.49383 ], [ 120.47935, 23.49388 ], [ 120.48026, 23.49446 ], [ 120.48084, 23.49478 ], [ 120.48123, 23.49502 ], [ 120.48221, 23.49555 ], [ 120.48249, 23.49569 ], [ 120.48319, 23.4961 ], [ 120.48369, 23.49638 ], [ 120.48376, 23.49609 ], [ 120.48376, 23.49609 ], [ 120.48391, 23.49573 ], [ 120.48407, 23.49551 ], [ 120.48433, 23.49513 ], [ 120.48445, 23.49503 ], [ 120.48417, 23.49489 ], [ 120.48397, 23.49479 ], [ 120.48319, 23.49444 ], [ 120.48222, 23.49398 ], [ 120.48204, 23.49388 ], [ 120.48124, 23.49349 ], [ 120.48029, 23.49298 ], [ 120.48026, 23.49296 ], [ 120.47929, 23.49237 ], [ 120.47888, 23.49207 ], [ 120.47831, 23.49168 ], [ 120.47741, 23.49116 ], [ 120.47733, 23.49112 ], [ 120.47635, 23.49059 ], [ 120.4757, 23.49025 ], [ 120.47538, 23.49008 ], [ 120.4744, 23.48958 ], [ 120.47391, 23.48934 ], [ 120.47342, 23.48913 ], [ 120.47245, 23.4887 ], [ 120.47178, 23.48843 ], [ 120.47147, 23.48831 ], [ 120.47049, 23.48793 ], [ 120.46951, 23.48754 ], [ 120.46948, 23.48752 ], [ 120.46854, 23.4871 ], [ 120.46756, 23.48663 ], [ 120.46753, 23.48661 ], [ 120.46658, 23.48613 ], [ 120.46578, 23.4857 ], [ 120.46561, 23.4856 ], [ 120.46463, 23.48492 ], [ 120.46449, 23.4848 ], [ 120.46375, 23.48389 ], [ 120.46366, 23.48374 ], [ 120.4632, 23.48299 ], [ 120.46272, 23.48208 ], [ 120.46268, 23.482 ], [ 120.46229, 23.48118 ], [ 120.46196, 23.48027 ], [ 120.46175, 23.47937 ], [ 120.46172, 23.47919 ], [ 120.46152, 23.47846 ], [ 120.46118, 23.47756 ], [ 120.46094, 23.47666 ], [ 120.46075, 23.47575 ], [ 120.46075, 23.47575 ], [ 120.46055, 23.47485 ], [ 120.46038, 23.47395 ], [ 120.46025, 23.47304 ], [ 120.46014, 23.47214 ], [ 120.46005, 23.47124 ], [ 120.45997, 23.47033 ], [ 120.45986, 23.46943 ], [ 120.4598, 23.46924 ], [ 120.45902, 23.46852 ], [ 120.45882, 23.46842 ], [ 120.45856, 23.46852 ], [ 120.45784, 23.4688 ], [ 120.45709, 23.46942 ], [ 120.45686, 23.46958 ], [ 120.45613, 23.47032 ], [ 120.45588, 23.47069 ], [ 120.4556, 23.47122 ], [ 120.45542, 23.47212 ], [ 120.45545, 23.47303 ], [ 120.45545, 23.47393 ], [ 120.45522, 23.47483 ], [ 120.45488, 23.47552 ], [ 120.45479, 23.47573 ], [ 120.45413, 23.47663 ], [ 120.45389, 23.47689 ], [ 120.45332, 23.47753 ], [ 120.45291, 23.47791 ], [ 120.45236, 23.47843 ], [ 120.45193, 23.47877 ], [ 120.45118, 23.47933 ], [ 120.45095, 23.4795 ], [ 120.44996, 23.48 ], [ 120.44898, 23.48022 ], [ 120.44801, 23.48006 ], [ 120.44703, 23.4797 ], [ 120.44626, 23.47931 ], [ 120.44605, 23.47925 ], [ 120.44507, 23.47891 ], [ 120.4441, 23.47858 ], [ 120.44346, 23.4784 ], [ 120.44312, 23.47832 ], [ 120.44214, 23.47817 ], [ 120.44116, 23.47813 ], [ 120.44018, 23.47819 ], [ 120.4392, 23.47835 ], [ 120.43912, 23.47839 ], [ 120.43822, 23.47895 ], [ 120.43795, 23.47928 ], [ 120.43744, 23.48019 ], [ 120.43723, 23.48085 ], [ 120.43717, 23.48109 ], [ 120.43708, 23.48199 ], [ 120.43712, 23.48289 ], [ 120.43722, 23.48354 ], [ 120.43727, 23.4838 ], [ 120.43749, 23.4847 ], [ 120.4377, 23.4856 ], [ 120.43785, 23.48651 ], [ 120.4377, 23.48741 ], [ 120.43721, 23.48777 ], [ 120.43623, 23.488 ], [ 120.43525, 23.48811 ], [ 120.43427, 23.48817 ], [ 120.43329, 23.48821 ], [ 120.43231, 23.48823 ], [ 120.43133, 23.48824 ], [ 120.43035, 23.48827 ], [ 120.42938, 23.48828 ], [ 120.42937, 23.48828 ], [ 120.42936, 23.48828 ], [ 120.42839, 23.48826 ], [ 120.42741, 23.48822 ], [ 120.42643, 23.4882 ], [ 120.42546, 23.48818 ], [ 120.42448, 23.48817 ], [ 120.4235, 23.48816 ], [ 120.42252, 23.48813 ], [ 120.42154, 23.48804 ], [ 120.42056, 23.48797 ], [ 120.41958, 23.48788 ], [ 120.4186, 23.48772 ], [ 120.41763, 23.48762 ], [ 120.41665, 23.48764 ], [ 120.41567, 23.4877 ], [ 120.41469, 23.48779 ], [ 120.41371, 23.48796 ], [ 120.41273, 23.48822 ], [ 120.41273, 23.48822 ], [ 120.41175, 23.48864 ], [ 120.41095, 23.48912 ], [ 120.41077, 23.48926 ], [ 120.40999, 23.49002 ], [ 120.40978, 23.49028 ], [ 120.40926, 23.49092 ], [ 120.4088, 23.49148 ], [ 120.40851, 23.49182 ], [ 120.40781, 23.49262 ], [ 120.40773, 23.49272 ], [ 120.40693, 23.49362 ], [ 120.40683, 23.49373 ], [ 120.40611, 23.49452 ], [ 120.40585, 23.4948 ], [ 120.40525, 23.49542 ], [ 120.40486, 23.49581 ], [ 120.40434, 23.49632 ], [ 120.40388, 23.49677 ], [ 120.40339, 23.49722 ], [ 120.4029, 23.49767 ], [ 120.40238, 23.49811 ], [ 120.40191, 23.49851 ], [ 120.4013, 23.49901 ], [ 120.40093, 23.4993 ], [ 120.40021, 23.49985 ], [ 120.40022, 23.49996 ], [ 120.40025, 23.50013 ], [ 120.40033, 23.50034 ], [ 120.40044, 23.50052 ], [ 120.40057, 23.5007 ], [ 120.40077, 23.50091 ], [ 120.40083, 23.50102 ], [ 120.40085, 23.50129 ], [ 120.40082, 23.50151 ], [ 120.40085, 23.50167 ], [ 120.40092, 23.50178 ], [ 120.401, 23.50187 ], [ 120.40123, 23.50203 ], [ 120.40143, 23.50214 ], [ 120.40168, 23.50225 ], [ 120.40185, 23.50232 ], [ 120.402, 23.50245 ], [ 120.4022, 23.50263 ], [ 120.4025, 23.50283 ], [ 120.40272, 23.50291 ], [ 120.40301, 23.50307 ], [ 120.40327, 23.50324 ], [ 120.40354, 23.50345 ], [ 120.40382, 23.50374 ], [ 120.40434, 23.50383 ], [ 120.40459, 23.50384 ], [ 120.40495, 23.50382 ], [ 120.4053, 23.50373 ], [ 120.40559, 23.50372 ], [ 120.40568, 23.50372 ], [ 120.40593, 23.50387 ], [ 120.4064, 23.50418 ], [ 120.40649, 23.50428 ], [ 120.40678, 23.50385 ] ] ] ] } },
{ "type": "Feature", "properties": { "days": 33, "type": "high", "color_hint": "Reds" }, "geometry": { "type": "MultiPolygon", "coordinates": [ [ [ [ 120.41364, 23.50227 ], [ 120.41413, 23.50177 ], [ 120.41463, 23.50126 ], [ 120.41501, 23.50087 ], [ 120.41561, 23.50023 ], [ 120.41586, 23.49997 ], [ 120.4166, 23.49908 ], [ 120.4166, 23.49907 ], [ 120.41723, 23.49817 ], [ 120.41758, 23.49771 ], [ 120.41789, 23.49727 ], [ 120.41837, 23.49637 ], [ 120.41857, 23.49591 ], [ 120.41876, 23.49547 ], [ 120.41919, 23.49457 ], [ 120.41956, 23.49401 ], [ 120.41979, 23.49367 ], [ 120.42054, 23.49295 ], [ 120.42074, 23.49277 ], [ 120.42152, 23.49231 ], [ 120.4225, 23.49209 ], [ 120.42348, 23.49199 ], [ 120.42446, 23.49192 ], [ 120.42504, 23.49188 ], [ 120.42544, 23.49185 ], [ 120.42642, 23.4918 ], [ 120.4274, 23.49176 ], [ 120.42838, 23.49174 ], [ 120.42936, 23.49173 ], [ 120.43034, 23.49174 ], [ 120.43131, 23.49182 ], [ 120.4319, 23.4919 ], [ 120.43229, 23.49196 ], [ 120.43327, 23.49211 ], [ 120.43425, 23.49226 ], [ 120.43523, 23.4924 ], [ 120.43621, 23.49253 ], [ 120.43718, 23.49267 ], [ 120.43816, 23.49269 ], [ 120.43914, 23.49255 ], [ 120.44012, 23.49245 ], [ 120.4411, 23.49253 ], [ 120.44208, 23.49271 ], [ 120.44306, 23.49233 ], [ 120.4433, 23.49195 ], [ 120.44361, 23.49104 ], [ 120.44405, 23.49022 ], [ 120.44409, 23.49014 ], [ 120.44474, 23.48924 ], [ 120.44503, 23.48893 ], [ 120.44554, 23.48834 ], [ 120.44602, 23.48787 ], [ 120.44642, 23.48744 ], [ 120.447, 23.48687 ], [ 120.44733, 23.48654 ], [ 120.44798, 23.48594 ], [ 120.44834, 23.48564 ], [ 120.44896, 23.48514 ], [ 120.44964, 23.48474 ], [ 120.44995, 23.48457 ], [ 120.45093, 23.48422 ], [ 120.45191, 23.48403 ], [ 120.45289, 23.48391 ], [ 120.45327, 23.48385 ], [ 120.45387, 23.48373 ], [ 120.45485, 23.48331 ], [ 120.45541, 23.48296 ], [ 120.45583, 23.48263 ], [ 120.45681, 23.48215 ], [ 120.45771, 23.48206 ], [ 120.45779, 23.48206 ], [ 120.45781, 23.48206 ], [ 120.45877, 23.48234 ], [ 120.45974, 23.48297 ], [ 120.45974, 23.48298 ], [ 120.46065, 23.48388 ], [ 120.46072, 23.48394 ], [ 120.46137, 23.48479 ], [ 120.46169, 23.48516 ], [ 120.46208, 23.48569 ], [ 120.46267, 23.48636 ], [ 120.46294, 23.4866 ], [ 120.46364, 23.48706 ], [ 120.46449, 23.4875 ], [ 120.46462, 23.48757 ], [ 120.4656, 23.48803 ], [ 120.46641, 23.48841 ], [ 120.46657, 23.48849 ], [ 120.46755, 23.48896 ], [ 120.46838, 23.48932 ], [ 120.46853, 23.48939 ], [ 120.4695, 23.48981 ], [ 120.47048, 23.49019 ], [ 120.47059, 23.49023 ], [ 120.47146, 23.49059 ], [ 120.47244, 23.49102 ], [ 120.4727, 23.49114 ], [ 120.47341, 23.49148 ], [ 120.47439, 23.49195 ], [ 120.47459, 23.49205 ], [ 120.47537, 23.49246 ], [ 120.47626, 23.49296 ], [ 120.47635, 23.49302 ], [ 120.47732, 23.49372 ], [ 120.47751, 23.49387 ], [ 120.4783, 23.49457 ], [ 120.47855, 23.49478 ], [ 120.47927, 23.49539 ], [ 120.4797, 23.49568 ], [ 120.48025, 23.49608 ], [ 120.48105, 23.49659 ], [ 120.48123, 23.49671 ], [ 120.4822, 23.49737 ], [ 120.48239, 23.4975 ], [ 120.48318, 23.49798 ], [ 120.48374, 23.49813 ], [ 120.48376, 23.49803 ], [ 120.48379, 23.49793 ], [ 120.48379, 23.49783 ], [ 120.48371, 23.49752 ], [ 120.48369, 23.49739 ], [ 120.48374, 23.49726 ], [ 120.48375, 23.49716 ], [ 120.48365, 23.49691 ], [ 120.48362, 23.49673 ], [ 120.48364, 23.49656 ], [ 120.48369, 23.49638 ], [ 120.48319, 23.4961 ], [ 120.48249, 23.49569 ], [ 120.48221, 23.49555 ], [ 120.48123, 23.49502 ], [ 120.48084, 23.49478 ], [ 120.48026, 23.49446 ], [ 120.47935, 23.49388 ], [ 120.47928, 23.49383 ], [ 120.4783, 23.49306 ], [ 120.47819, 23.49297 ], [ 120.47733, 23.49236 ], [ 120.47683, 23.49206 ], [ 120.47635, 23.4918 ], [ 120.47537, 23.49129 ], [ 120.4751, 23.49115 ], [ 120.4744, 23.49079 ], [ 120.47342, 23.49031 ], [ 120.47328, 23.49024 ], [ 120.47244, 23.48985 ], [ 120.47146, 23.48942 ], [ 120.47124, 23.48933 ], [ 120.47049, 23.48904 ], [ 120.46951, 23.48866 ], [ 120.46897, 23.48842 ], [ 120.46853, 23.48823 ], [ 120.46755, 23.48777 ], [ 120.46701, 23.48751 ], [ 120.46658, 23.4873 ], [ 120.4656, 23.48683 ], [ 120.46516, 23.4866 ], [ 120.46462, 23.4863 ], [ 120.46375, 23.4857 ], [ 120.46365, 23.48561 ], [ 120.46295, 23.48479 ], [ 120.46267, 23.48437 ], [ 120.46235, 23.48389 ], [ 120.4618, 23.48298 ], [ 120.4617, 23.4828 ], [ 120.46124, 23.48208 ], [ 120.46073, 23.48117 ], [ 120.46073, 23.48116 ], [ 120.46012, 23.48027 ], [ 120.45976, 23.47964 ], [ 120.45947, 23.47936 ], [ 120.45878, 23.47862 ], [ 120.45833, 23.47845 ], [ 120.4578, 23.47825 ], [ 120.45682, 23.47843 ], [ 120.45678, 23.47845 ], [ 120.45584, 23.47891 ], [ 120.45522, 23.47935 ], [ 120.45486, 23.47958 ], [ 120.45404, 23.48024 ], [ 120.45388, 23.48039 ], [ 120.45309, 23.48114 ], [ 120.4529, 23.48133 ], [ 120.45191, 23.48198 ], [ 120.45169, 23.48204 ], [ 120.45093, 23.4822 ], [ 120.44995, 23.48248 ], [ 120.44915, 23.48294 ], [ 120.44897, 23.48304 ], [ 120.44799, 23.48381 ], [ 120.44796, 23.48384 ], [ 120.44701, 23.48466 ], [ 120.44691, 23.48473 ], [ 120.44603, 23.48551 ], [ 120.44588, 23.48563 ], [ 120.44504, 23.48637 ], [ 120.44485, 23.48653 ], [ 120.44406, 23.48721 ], [ 120.44378, 23.48743 ], [ 120.44308, 23.48801 ], [ 120.44265, 23.48833 ], [ 120.4421, 23.48875 ], [ 120.44138, 23.48923 ], [ 120.44111, 23.48944 ], [ 120.44013, 23.4899 ], [ 120.43961, 23.49013 ], [ 120.43915, 23.49025 ], [ 120.43817, 23.49039 ], [ 120.43719, 23.49045 ], [ 120.43622, 23.49045 ], [ 120.43524, 23.4904 ], [ 120.43426, 23.49033 ], [ 120.43328, 23.49025 ], [ 120.4323, 23.49016 ], [ 120.43148, 23.4901 ], [ 120.43132, 23.49008 ], [ 120.43034, 23.49002 ], [ 120.42936, 23.48997 ], [ 120.42838, 23.48994 ], [ 120.42741, 23.48993 ], [ 120.42643, 23.48992 ], [ 120.42545, 23.48992 ], [ 120.42447, 23.48993 ], [ 120.42349, 23.48995 ], [ 120.42251, 23.48997 ], [ 120.42153, 23.48999 ], [ 120.42055, 23.49 ], [ 120.41957, 23.49001 ], [ 120.4189, 23.49005 ], [ 120.41859, 23.49007 ], [ 120.41761, 23.49023 ], [ 120.41663, 23.4905 ], [ 120.41565, 23.4909 ], [ 120.41558, 23.49094 ], [ 120.41475, 23.49184 ], [ 120.41467, 23.49206 ], [ 120.41444, 23.49274 ], [ 120.41406, 23.49364 ], [ 120.41368, 23.49424 ], [ 120.41347, 23.49454 ], [ 120.41293, 23.49545 ], [ 120.41269, 23.49586 ], [ 120.41241, 23.49635 ], [ 120.41188, 23.49725 ], [ 120.41171, 23.49754 ], [ 120.41133, 23.49815 ], [ 120.41095, 23.49872 ], [ 120.41096, 23.49872 ], [ 120.4113, 23.49882 ], [ 120.41161, 23.49889 ], [ 120.41198, 23.49902 ], [ 120.41216, 23.49911 ], [ 120.41224, 23.49918 ], [ 120.41234, 23.49934 ], [ 120.41248, 23.49953 ], [ 120.41259, 23.49976 ], [ 120.41267, 23.50006 ], [ 120.41282, 23.50047 ], [ 120.41291, 23.5008 ], [ 120.413, 23.50118 ], [ 120.41306, 23.50151 ], [ 120.41318, 23.50196 ], [ 120.41329, 23.50226 ], [ 120.41342, 23.50241 ], [ 120.41348, 23.50245 ], [ 120.41364, 23.50227 ] ] ], [ [ [ 120.40777, 23.50276 ], [ 120.40704, 23.50355 ], [ 120.40678, 23.50385 ], [ 120.40649, 23.50428 ], [ 120.4066, 23.50439 ], [ 120.40686, 23.50464 ], [ 120.40727, 23.50505 ], [ 120.40764, 23.50542 ], [ 120.40787, 23.50571 ], [ 120.40806, 23.50596 ], [ 120.40807, 23.50597 ], [ 120.40808, 23.50593 ], [ 120.4088, 23.50657 ], [ 120.40808, 23.50356 ], [ 120.40808, 23.50404 ], [ 120.40806, 23.50393 ], [ 120.40798, 23.50352 ], [ 120.40797, 23.50343 ], [ 120.40795, 23.50338 ], [ 120.40794, 23.50329 ], [ 120.40793, 23.50319 ], [ 120.4079, 23.50307 ], [ 120.40789, 23.50296 ], [ 120.40786, 23.50287 ], [ 120.40786, 23.50272 ], [ 120.40785, 23.50266 ], [ 120.40777, 23.50276 ] ] ] ] } },
{ "type": "Feature", "properties": { "days": 34, "type": "high", "color_hint": "Reds" }, "geometry": { "type": "MultiPolygon", "coordinates": [ [ [ [ 120.41649, 23.50359 ], [ 120.41658, 23.5035 ], [ 120.41736, 23.50269 ], [ 120.41756, 23.50248 ], [ 120.41825, 23.50179 ], [ 120.41854, 23.50149 ], [ 120.41913, 23.50089 ], [ 120.41953, 23.50048 ], [ 120.42, 23.49999 ], [ 120.42051, 23.49933 ], [ 120.42069, 23.49909 ], [ 120.42118, 23.49819 ], [ 120.4215, 23.49752 ], [ 120.4216, 23.49728 ], [ 120.42199, 23.49638 ], [ 120.42244, 23.49548 ], [ 120.42249, 23.49541 ], [ 120.42311, 23.49458 ], [ 120.42347, 23.49432 ], [ 120.42445, 23.49401 ], [ 120.42543, 23.49385 ], [ 120.42641, 23.49374 ], [ 120.42694, 23.49369 ], [ 120.42739, 23.49365 ], [ 120.42837, 23.49358 ], [ 120.42935, 23.49353 ], [ 120.43033, 23.4935 ], [ 120.43131, 23.49356 ], [ 120.43228, 23.4937 ], [ 120.43233, 23.49371 ], [ 120.43326, 23.49389 ], [ 120.43424, 23.49408 ], [ 120.43522, 23.49427 ], [ 120.4362, 23.49442 ], [ 120.43718, 23.49442 ], [ 120.43816, 23.49433 ], [ 120.43914, 23.49426 ], [ 120.44012, 23.49426 ], [ 120.44109, 23.49441 ], [ 120.44184, 23.49465 ], [ 120.44207, 23.49473 ], [ 120.44305, 23.49512 ], [ 120.44403, 23.49548 ], [ 120.44437, 23.49556 ], [ 120.445, 23.49572 ], [ 120.44588, 23.49557 ], [ 120.44598, 23.4955 ], [ 120.44634, 23.49467 ], [ 120.44642, 23.49376 ], [ 120.44642, 23.49286 ], [ 120.44646, 23.49196 ], [ 120.44661, 23.49105 ], [ 120.44693, 23.49015 ], [ 120.44699, 23.49006 ], [ 120.44746, 23.48925 ], [ 120.44797, 23.48857 ], [ 120.44814, 23.48835 ], [ 120.44895, 23.48748 ], [ 120.44899, 23.48745 ], [ 120.44994, 23.48675 ], [ 120.45031, 23.48655 ], [ 120.45092, 23.48627 ], [ 120.4519, 23.48596 ], [ 120.45288, 23.48577 ], [ 120.45386, 23.48568 ], [ 120.45411, 23.48566 ], [ 120.45484, 23.48561 ], [ 120.45582, 23.48552 ], [ 120.4568, 23.48532 ], [ 120.45778, 23.48512 ], [ 120.45875, 23.48518 ], [ 120.45973, 23.48555 ], [ 120.4599, 23.48568 ], [ 120.46071, 23.48626 ], [ 120.46101, 23.48659 ], [ 120.46168, 23.48724 ], [ 120.46198, 23.4875 ], [ 120.46266, 23.48792 ], [ 120.46364, 23.48839 ], [ 120.46367, 23.4884 ], [ 120.46461, 23.48885 ], [ 120.46559, 23.48931 ], [ 120.46561, 23.48931 ], [ 120.46657, 23.48979 ], [ 120.46752, 23.49022 ], [ 120.46754, 23.49024 ], [ 120.46852, 23.49067 ], [ 120.4695, 23.49101 ], [ 120.46986, 23.49114 ], [ 120.47048, 23.49133 ], [ 120.47146, 23.49172 ], [ 120.47219, 23.49205 ], [ 120.47243, 23.49215 ], [ 120.47341, 23.49262 ], [ 120.47408, 23.49296 ], [ 120.47439, 23.49312 ], [ 120.47536, 23.49368 ], [ 120.47565, 23.49386 ], [ 120.47634, 23.49437 ], [ 120.47682, 23.49477 ], [ 120.47732, 23.49523 ], [ 120.47778, 23.49568 ], [ 120.47829, 23.49619 ], [ 120.47873, 23.49658 ], [ 120.47927, 23.4971 ], [ 120.47975, 23.49749 ], [ 120.48024, 23.49793 ], [ 120.48082, 23.4984 ], [ 120.48122, 23.49876 ], [ 120.48202, 23.4993 ], [ 120.48219, 23.4994 ], [ 120.48317, 23.4997 ], [ 120.48415, 23.49977 ], [ 120.48445, 23.49974 ], [ 120.48448, 23.4996 ], [ 120.48453, 23.4994 ], [ 120.48459, 23.49928 ], [ 120.48464, 23.49917 ], [ 120.48466, 23.49905 ], [ 120.48464, 23.49897 ], [ 120.4846, 23.49887 ], [ 120.48446, 23.49877 ], [ 120.48425, 23.49863 ], [ 120.48405, 23.4985 ], [ 120.48391, 23.4984 ], [ 120.48382, 23.49833 ], [ 120.48377, 23.4983 ], [ 120.48368, 23.49824 ], [ 120.48371, 23.49824 ], [ 120.48374, 23.49813 ], [ 120.48318, 23.49798 ], [ 120.48239, 23.4975 ], [ 120.4822, 23.49737 ], [ 120.48123, 23.49671 ], [ 120.48105, 23.49659 ], [ 120.48025, 23.49608 ], [ 120.4797, 23.49568 ], [ 120.47927, 23.49539 ], [ 120.47855, 23.49478 ], [ 120.4783, 23.49457 ], [ 120.47751, 23.49387 ], [ 120.47732, 23.49372 ], [ 120.47635, 23.49302 ], [ 120.47626, 23.49296 ], [ 120.47537, 23.49246 ], [ 120.47459, 23.49205 ], [ 120.47439, 23.49195 ], [ 120.47341, 23.49148 ], [ 120.4727, 23.49114 ], [ 120.47244, 23.49102 ], [ 120.47146, 23.49059 ], [ 120.47059, 23.49023 ], [ 120.47048, 23.49019 ], [ 120.4695, 23.48981 ], [ 120.46853, 23.48939 ], [ 120.46838, 23.48932 ], [ 120.46755, 23.48896 ], [ 120.46657, 23.48849 ], [ 120.46641, 23.48841 ], [ 120.4656, 23.48803 ], [ 120.46462, 23.48757 ], [ 120.46449, 23.4875 ], [ 120.46364, 23.48706 ], [ 120.46294, 23.4866 ], [ 120.46267, 23.48636 ], [ 120.46208, 23.48569 ], [ 120.46169, 23.48516 ], [ 120.46137, 23.48479 ], [ 120.46072, 23.48394 ], [ 120.46065, 23.48388 ], [ 120.45974, 23.48298 ], [ 120.45974, 23.48297 ], [ 120.45877, 23.48234 ], [ 120.45781, 23.48206 ], [ 120.45779, 23.48206 ], [ 120.45771, 23.48206 ], [ 120.45681, 23.48215 ], [ 120.45583, 23.48263 ], [ 120.45541, 23.48296 ], [ 120.45485, 23.48331 ], [ 120.45387, 23.48373 ], [ 120.45327, 23.48385 ], [ 120.45289, 23.48391 ], [ 120.45191, 23.48403 ], [ 120.45093, 23.48422 ], [ 120.44995, 23.48457 ], [ 120.44964, 23.48474 ], [ 120.44896, 23.48514 ], [ 120.44834, 23.48564 ], [ 120.44798, 23.48594 ], [ 120.44733, 23.48654 ], [ 120.447, 23.48687 ], [ 120.44642, 23.48744 ], [ 120.44602, 23.48787 ], [ 120.44554, 23.48834 ], [ 120.44503, 23.48893 ], [ 120.44474, 23.48924 ], [ 120.44409, 23.49014 ], [ 120.44405, 23.49022 ], [ 120.44361, 23.49104 ], [ 120.4433, 23.49195 ], [ 120.44306, 23.49233 ], [ 120.44208, 23.49271 ], [ 120.4411, 23.49253 ], [ 120.44012, 23.49245 ], [ 120.43914, 23.49255 ], [ 120.43816, 23.49269 ], [ 120.43718, 23.49267 ], [ 120.43621, 23.49253 ], [ 120.43523, 23.4924 ], [ 120.43425, 23.49226 ], [ 120.43327, 23.49211 ], [ 120.43229, 23.49196 ], [ 120.4319, 23.4919 ], [ 120.43131, 23.49182 ], [ 120.43034, 23.49174 ], [ 120.42936, 23.49173 ], [ 120.42838, 23.49174 ], [ 120.4274, 23.49176 ], [ 120.42642, 23.4918 ], [ 120.42544, 23.49185 ], [ 120.42504, 23.49188 ], [ 120.42446, 23.49192 ], [ 120.42348, 23.49199 ], [ 120.4225, 23.49209 ], [ 120.42152, 23.49231 ], [ 120.42074, 23.49277 ], [ 120.42054, 23.49295 ], [ 120.41979, 23.49367 ], [ 120.41956, 23.49401 ], [ 120.41919, 23.49457 ], [ 120.41876, 23.49547 ], [ 120.41857, 23.49591 ], [ 120.41837, 23.49637 ], [ 120.41789, 23.49727 ], [ 120.41758, 23.49771 ], [ 120.41723, 23.49817 ], [ 120.4166, 23.49907 ], [ 120.4166, 23.49908 ], [ 120.41586, 23.49997 ], [ 120.41561, 23.50023 ], [ 120.41501, 23.50087 ], [ 120.41463, 23.50126 ], [ 120.41413, 23.50177 ], [ 120.41364, 23.50227 ], [ 120.41348, 23.50245 ], [ 120.41365, 23.50257 ], [ 120.41392, 23.50275 ], [ 120.41422, 23.50298 ], [ 120.41463, 23.50326 ], [ 120.41505, 23.50358 ], [ 120.41542, 23.50384 ], [ 120.41576, 23.50414 ], [ 120.41586, 23.50426 ], [ 120.41649, 23.50359 ] ] ] ] } },
{ "type": "Feature", "properties": { "days": 35, "type": "high", "color_hint": "Reds" }, "geometry": { "type": "MultiPolygon", "coordinates": [ [ [ [ 120.4171, 23.50539 ], [ 120.41755, 23.50495 ], [ 120.41806, 23.50449 ], [ 120.41853, 23.50404 ], [ 120.41907, 23.5036 ], [ 120.41952, 23.5032 ], [ 120.42015, 23.5027 ], [ 120.4205, 23.5024 ], [ 120.42123, 23.5018 ], [ 120.42148, 23.50158 ], [ 120.42225, 23.5009 ], [ 120.42246, 23.50066 ], [ 120.42306, 23.5 ], [ 120.42345, 23.49942 ], [ 120.42366, 23.4991 ], [ 120.42414, 23.4982 ], [ 120.42444, 23.49757 ], [ 120.42457, 23.4973 ], [ 120.4252, 23.49639 ], [ 120.42542, 23.49622 ], [ 120.4264, 23.49587 ], [ 120.42738, 23.49569 ], [ 120.42836, 23.49555 ], [ 120.42879, 23.4955 ], [ 120.42934, 23.49545 ], [ 120.43032, 23.49537 ], [ 120.4313, 23.4954 ], [ 120.43206, 23.49552 ], [ 120.43228, 23.49555 ], [ 120.43326, 23.49574 ], [ 120.43423, 23.49591 ], [ 120.43521, 23.49598 ], [ 120.43619, 23.49595 ], [ 120.43717, 23.49589 ], [ 120.43815, 23.49585 ], [ 120.43913, 23.49587 ], [ 120.44011, 23.49595 ], [ 120.44109, 23.49616 ], [ 120.44191, 23.49646 ], [ 120.44206, 23.49652 ], [ 120.44304, 23.49697 ], [ 120.44386, 23.49737 ], [ 120.44402, 23.49745 ], [ 120.44499, 23.49796 ], [ 120.44566, 23.49827 ], [ 120.44597, 23.49846 ], [ 120.44695, 23.49898 ], [ 120.44745, 23.49918 ], [ 120.44793, 23.4995 ], [ 120.4489, 23.49992 ], [ 120.44988, 23.50001 ], [ 120.45078, 23.4992 ], [ 120.45076, 23.49829 ], [ 120.45055, 23.49739 ], [ 120.4503, 23.49649 ], [ 120.45005, 23.49558 ], [ 120.4499, 23.49501 ], [ 120.44982, 23.49468 ], [ 120.44965, 23.49377 ], [ 120.44954, 23.49287 ], [ 120.44952, 23.49197 ], [ 120.44963, 23.49106 ], [ 120.44992, 23.49016 ], [ 120.44992, 23.49016 ], [ 120.45053, 23.48926 ], [ 120.45091, 23.48892 ], [ 120.45165, 23.48836 ], [ 120.45189, 23.48823 ], [ 120.45287, 23.48783 ], [ 120.45385, 23.48757 ], [ 120.45462, 23.48747 ], [ 120.45483, 23.48745 ], [ 120.45581, 23.48742 ], [ 120.45679, 23.48746 ], [ 120.45712, 23.48748 ], [ 120.45777, 23.48752 ], [ 120.45874, 23.48758 ], [ 120.45972, 23.48781 ], [ 120.4607, 23.48837 ], [ 120.46073, 23.48839 ], [ 120.46168, 23.48894 ], [ 120.4625, 23.4893 ], [ 120.46265, 23.48937 ], [ 120.46363, 23.48985 ], [ 120.46439, 23.49021 ], [ 120.46461, 23.49032 ], [ 120.46558, 23.49082 ], [ 120.46623, 23.49112 ], [ 120.46656, 23.49129 ], [ 120.46754, 23.49171 ], [ 120.46852, 23.492 ], [ 120.46866, 23.49203 ], [ 120.4695, 23.4922 ], [ 120.47047, 23.49249 ], [ 120.47145, 23.49286 ], [ 120.47165, 23.49295 ], [ 120.47243, 23.4933 ], [ 120.47341, 23.4938 ], [ 120.47351, 23.49386 ], [ 120.47438, 23.49436 ], [ 120.47499, 23.49476 ], [ 120.47536, 23.49504 ], [ 120.4761, 23.49567 ], [ 120.47633, 23.49589 ], [ 120.47701, 23.49658 ], [ 120.47731, 23.49691 ], [ 120.47785, 23.49748 ], [ 120.47828, 23.49799 ], [ 120.47865, 23.49839 ], [ 120.47926, 23.49912 ], [ 120.47943, 23.49929 ], [ 120.48018, 23.5002 ], [ 120.48023, 23.50027 ], [ 120.48121, 23.50104 ], [ 120.48137, 23.50111 ], [ 120.48219, 23.5014 ], [ 120.48317, 23.50146 ], [ 120.48415, 23.50133 ], [ 120.48464, 23.50119 ], [ 120.48464, 23.50119 ], [ 120.48455, 23.50095 ], [ 120.48449, 23.50069 ], [ 120.48442, 23.5004 ], [ 120.4844, 23.5002 ], [ 120.4844, 23.50002 ], [ 120.48443, 23.49981 ], [ 120.48445, 23.49974 ], [ 120.48415, 23.49977 ], [ 120.48317, 23.4997 ], [ 120.48219, 23.4994 ], [ 120.48202, 23.4993 ], [ 120.48122, 23.49876 ], [ 120.48082, 23.4984 ], [ 120.48024, 23.49793 ], [ 120.47975, 23.49749 ], [ 120.47927, 23.4971 ], [ 120.47873, 23.49658 ], [ 120.47829, 23.49619 ], [ 120.47778, 23.49568 ], [ 120.47732, 23.49523 ], [ 120.47682, 23.49477 ], [ 120.47634, 23.49437 ], [ 120.47565, 23.49386 ], [ 120.47536, 23.49368 ], [ 120.47439, 23.49312 ], [ 120.47408, 23.49296 ], [ 120.47341, 23.49262 ], [ 120.47243, 23.49215 ], [ 120.47219, 23.49205 ], [ 120.47146, 23.49172 ], [ 120.47048, 23.49133 ], [ 120.46986, 23.49114 ], [ 120.4695, 23.49101 ], [ 120.46852, 23.49067 ], [ 120.46754, 23.49024 ], [ 120.46752, 23.49022 ], [ 120.46657, 23.48979 ], [ 120.46561, 23.48931 ], [ 120.46559, 23.48931 ], [ 120.46461, 23.48885 ], [ 120.46367, 23.4884 ], [ 120.46364, 23.48839 ], [ 120.46266, 23.48792 ], [ 120.46198, 23.4875 ], [ 120.46168, 23.48724 ], [ 120.46101, 23.48659 ], [ 120.46071, 23.48626 ], [ 120.4599, 23.48568 ], [ 120.45973, 23.48555 ], [ 120.45875, 23.48518 ], [ 120.45778, 23.48512 ], [ 120.4568, 23.48532 ], [ 120.45582, 23.48552 ], [ 120.45484, 23.48561 ], [ 120.45411, 23.48566 ], [ 120.45386, 23.48568 ], [ 120.45288, 23.48577 ], [ 120.4519, 23.48596 ], [ 120.45092, 23.48627 ], [ 120.45031, 23.48655 ], [ 120.44994, 23.48675 ], [ 120.44899, 23.48745 ], [ 120.44895, 23.48748 ], [ 120.44814, 23.48835 ], [ 120.44797, 23.48857 ], [ 120.44746, 23.48925 ], [ 120.44699, 23.49006 ], [ 120.44693, 23.49015 ], [ 120.44661, 23.49105 ], [ 120.44646, 23.49196 ], [ 120.44642, 23.49286 ], [ 120.44642, 23.49376 ], [ 120.44634, 23.49467 ], [ 120.44598, 23.4955 ], [ 120.44588, 23.49557 ], [ 120.445, 23.49572 ], [ 120.44437, 23.49556 ], [ 120.44403, 23.49548 ], [ 120.44305, 23.49512 ], [ 120.44207, 23.49473 ], [ 120.44184, 23.49465 ], [ 120.44109, 23.49441 ], [ 120.44012, 23.49426 ], [ 120.43914, 23.49426 ], [ 120.43816, 23.49433 ], [ 120.43718, 23.49442 ], [ 120.4362, 23.49442 ], [ 120.43522, 23.49427 ], [ 120.43424, 23.49408 ], [ 120.43326, 23.49389 ], [ 120.43233, 23.49371 ], [ 120.43228, 23.4937 ], [ 120.43131, 23.49356 ], [ 120.43033, 23.4935 ], [ 120.42935, 23.49353 ], [ 120.42837, 23.49358 ], [ 120.42739, 23.49365 ], [ 120.42694, 23.49369 ], [ 120.42641, 23.49374 ], [ 120.42543, 23.49385 ], [ 120.42445, 23.49401 ], [ 120.42347, 23.49432 ], [ 120.42311, 23.49458 ], [ 120.42249, 23.49541 ], [ 120.42244, 23.49548 ], [ 120.42199, 23.49638 ], [ 120.4216, 23.49728 ], [ 120.4215, 23.49752 ], [ 120.42118, 23.49819 ], [ 120.42069, 23.49909 ], [ 120.42051, 23.49933 ], [ 120.42, 23.49999 ], [ 120.41953, 23.50048 ], [ 120.41913, 23.50089 ], [ 120.41854, 23.50149 ], [ 120.41825, 23.50179 ], [ 120.41756, 23.50248 ], [ 120.41736, 23.50269 ], [ 120.41658, 23.5035 ], [ 120.41649, 23.50359 ], [ 120.41586, 23.50426 ], [ 120.41587, 23.50427 ], [ 120.41599, 23.50443 ], [ 120.41616, 23.50466 ], [ 120.41633, 23.50488 ], [ 120.41648, 23.50513 ], [ 120.41662, 23.50528 ], [ 120.41675, 23.50536 ], [ 120.41696, 23.50544 ], [ 120.41704, 23.50546 ], [ 120.4171, 23.50539 ] ] ] ] } },
{ "type": "Feature", "properties": { "days": 36, "type": "high", "color_hint": "Reds" }, "geometry": { "type": "MultiPolygon", "coordinates": [ [ [ [ 120.41942, 23.5054 ], [ 120.41951, 23.50533 ], [ 120.42049, 23.50459 ], [ 120.4206, 23.5045 ], [ 120.42147, 23.50381 ], [ 120.42172, 23.50361 ], [ 120.42245, 23.50301 ], [ 120.42282, 23.50271 ], [ 120.42344, 23.5022 ], [ 120.42392, 23.50181 ], [ 120.42442, 23.50136 ], [ 120.42495, 23.50091 ], [ 120.4254, 23.50044 ], [ 120.42585, 23.50001 ], [ 120.42639, 23.49934 ], [ 120.4266, 23.49911 ], [ 120.42733, 23.49821 ], [ 120.42737, 23.49818 ], [ 120.42835, 23.49779 ], [ 120.42933, 23.49759 ], [ 120.43031, 23.49743 ], [ 120.43129, 23.49744 ], [ 120.43227, 23.49753 ], [ 120.43325, 23.49758 ], [ 120.43423, 23.49753 ], [ 120.43521, 23.49746 ], [ 120.43619, 23.4974 ], [ 120.43716, 23.49738 ], [ 120.43814, 23.49743 ], [ 120.43912, 23.49754 ], [ 120.4401, 23.49773 ], [ 120.44108, 23.49806 ], [ 120.44152, 23.49826 ], [ 120.44206, 23.49855 ], [ 120.44303, 23.49915 ], [ 120.44306, 23.49917 ], [ 120.44401, 23.50002 ], [ 120.44407, 23.50008 ], [ 120.44467, 23.50098 ], [ 120.44494, 23.50188 ], [ 120.44497, 23.50273 ], [ 120.44498, 23.50279 ], [ 120.44498, 23.50369 ], [ 120.44529, 23.50459 ], [ 120.44594, 23.50519 ], [ 120.44658, 23.5055 ], [ 120.44692, 23.50565 ], [ 120.4479, 23.50582 ], [ 120.44888, 23.50571 ], [ 120.44934, 23.50551 ], [ 120.44986, 23.5053 ], [ 120.45084, 23.50461 ], [ 120.45084, 23.50461 ], [ 120.45182, 23.50372 ], [ 120.45183, 23.50371 ], [ 120.45269, 23.50281 ], [ 120.45281, 23.50269 ], [ 120.45345, 23.50191 ], [ 120.45379, 23.50145 ], [ 120.45408, 23.50101 ], [ 120.45452, 23.50011 ], [ 120.45467, 23.49921 ], [ 120.4545, 23.49831 ], [ 120.45415, 23.4974 ], [ 120.45381, 23.49665 ], [ 120.45374, 23.4965 ], [ 120.45336, 23.49559 ], [ 120.45306, 23.49469 ], [ 120.45285, 23.49379 ], [ 120.45288, 23.49288 ], [ 120.45307, 23.49198 ], [ 120.45333, 23.49108 ], [ 120.45384, 23.49041 ], [ 120.45409, 23.49018 ], [ 120.45482, 23.48981 ], [ 120.4558, 23.48952 ], [ 120.45678, 23.48942 ], [ 120.45776, 23.48948 ], [ 120.45874, 23.48965 ], [ 120.45971, 23.4899 ], [ 120.4605, 23.4902 ], [ 120.46069, 23.49028 ], [ 120.46167, 23.49072 ], [ 120.46251, 23.49111 ], [ 120.46265, 23.49118 ], [ 120.46362, 23.49168 ], [ 120.46432, 23.49202 ], [ 120.4646, 23.49216 ], [ 120.46558, 23.49263 ], [ 120.46639, 23.49293 ], [ 120.46655, 23.49298 ], [ 120.46753, 23.49317 ], [ 120.46851, 23.49326 ], [ 120.46949, 23.49341 ], [ 120.47047, 23.49368 ], [ 120.47092, 23.49385 ], [ 120.47145, 23.49406 ], [ 120.47242, 23.49453 ], [ 120.47284, 23.49476 ], [ 120.4734, 23.49509 ], [ 120.47427, 23.49566 ], [ 120.47438, 23.49575 ], [ 120.47532, 23.49657 ], [ 120.47535, 23.4966 ], [ 120.47619, 23.49748 ], [ 120.47633, 23.49765 ], [ 120.47694, 23.49838 ], [ 120.4773, 23.4989 ], [ 120.47759, 23.49929 ], [ 120.47811, 23.50019 ], [ 120.47827, 23.50063 ], [ 120.47851, 23.5011 ], [ 120.47918, 23.502 ], [ 120.47925, 23.50207 ], [ 120.48022, 23.5029 ], [ 120.48025, 23.50291 ], [ 120.4812, 23.50331 ], [ 120.48218, 23.50337 ], [ 120.48316, 23.50319 ], [ 120.48395, 23.50292 ], [ 120.48414, 23.50286 ], [ 120.48439, 23.50262 ], [ 120.48443, 23.50257 ], [ 120.48446, 23.50237 ], [ 120.48456, 23.50213 ], [ 120.48468, 23.50189 ], [ 120.4847, 23.50174 ], [ 120.4847, 23.50159 ], [ 120.48469, 23.50137 ], [ 120.48464, 23.50119 ], [ 120.48415, 23.50133 ], [ 120.48317, 23.50146 ], [ 120.48219, 23.5014 ], [ 120.48137, 23.50111 ], [ 120.48121, 23.50104 ], [ 120.48023, 23.50027 ], [ 120.48018, 23.5002 ], [ 120.47943, 23.49929 ], [ 120.47926, 23.49912 ], [ 120.47865, 23.49839 ], [ 120.47828, 23.49799 ], [ 120.47785, 23.49748 ], [ 120.47731, 23.49691 ], [ 120.47701, 23.49658 ], [ 120.47633, 23.49589 ], [ 120.4761, 23.49567 ], [ 120.47536, 23.49504 ], [ 120.47499, 23.49476 ], [ 120.47438, 23.49436 ], [ 120.47351, 23.49386 ], [ 120.47341, 23.4938 ], [ 120.47243, 23.4933 ], [ 120.47165, 23.49295 ], [ 120.47145, 23.49286 ], [ 120.47047, 23.49249 ], [ 120.4695, 23.4922 ], [ 120.46866, 23.49203 ], [ 120.46852, 23.492 ], [ 120.46754, 23.49171 ], [ 120.46656, 23.49129 ], [ 120.46623, 23.49112 ], [ 120.46558, 23.49082 ], [ 120.46461, 23.49032 ], [ 120.46439, 23.49021 ], [ 120.46363, 23.48985 ], [ 120.46265, 23.48937 ], [ 120.4625, 23.4893 ], [ 120.46168, 23.48894 ], [ 120.46073, 23.48839 ], [ 120.4607, 23.48837 ], [ 120.45972, 23.48781 ], [ 120.45874, 23.48758 ], [ 120.45777, 23.48752 ], [ 120.45712, 23.48748 ], [ 120.45679, 23.48746 ], [ 120.45581, 23.48742 ], [ 120.45483, 23.48745 ], [ 120.45462, 23.48747 ], [ 120.45385, 23.48757 ], [ 120.45287, 23.48783 ], [ 120.45189, 23.48823 ], [ 120.45165, 23.48836 ], [ 120.45091, 23.48892 ], [ 120.45053, 23.48926 ], [ 120.44992, 23.49016 ], [ 120.44992, 23.49016 ], [ 120.44963, 23.49106 ], [ 120.44952, 23.49197 ], [ 120.44954, 23.49287 ], [ 120.44965, 23.49377 ], [ 120.44982, 23.49468 ], [ 120.4499, 23.49501 ], [ 120.45005, 23.49558 ], [ 120.4503, 23.49649 ], [ 120.45055, 23.49739 ], [ 120.45076, 23.49829 ], [ 120.45078, 23.4992 ], [ 120.44988, 23.50001 ], [ 120.4489, 23.49992 ], [ 120.44793, 23.4995 ], [ 120.44745, 23.49918 ], [ 120.44695, 23.49898 ], [ 120.44597, 23.49846 ], [ 120.44566, 23.49827 ], [ 120.44499, 23.49796 ], [ 120.44402, 23.49745 ], [ 120.44386, 23.49737 ], [ 120.44304, 23.49697 ], [ 120.44206, 23.49652 ], [ 120.44191, 23.49646 ], [ 120.44109, 23.49616 ], [ 120.44011, 23.49595 ], [ 120.43913, 23.49587 ], [ 120.43815, 23.49585 ], [ 120.43717, 23.49589 ], [ 120.43619, 23.49595 ], [ 120.43521, 23.49598 ], [ 120.43423, 23.49591 ], [ 120.43326, 23.49574 ], [ 120.43228, 23.49555 ], [ 120.43206, 23.49552 ], [ 120.4313, 23.4954 ], [ 120.43032, 23.49537 ], [ 120.42934, 23.49545 ], [ 120.42879, 23.4955 ], [ 120.42836, 23.49555 ], [ 120.42738, 23.49569 ], [ 120.4264, 23.49587 ], [ 120.42542, 23.49622 ], [ 120.4252, 23.49639 ], [ 120.42457, 23.4973 ], [ 120.42444, 23.49757 ], [ 120.42414, 23.4982 ], [ 120.42366, 23.4991 ], [ 120.42345, 23.49942 ], [ 120.42306, 23.5 ], [ 120.42246, 23.50066 ], [ 120.42225, 23.5009 ], [ 120.42148, 23.50158 ], [ 120.42123, 23.5018 ], [ 120.4205, 23.5024 ], [ 120.42015, 23.5027 ], [ 120.41952, 23.5032 ], [ 120.41907, 23.5036 ], [ 120.41853, 23.50404 ], [ 120.41806, 23.50449 ], [ 120.41755, 23.50495 ], [ 120.4171, 23.50539 ], [ 120.41704, 23.50546 ], [ 120.41718, 23.50549 ], [ 120.41735, 23.50554 ], [ 120.41759, 23.50558 ], [ 120.41792, 23.5056 ], [ 120.41831, 23.50563 ], [ 120.41866, 23.50565 ], [ 120.41906, 23.50568 ], [ 120.41942, 23.5054 ] ] ] ] } },
{ "type": "Feature", "properties": { "days": 40, "type": "high", "color_hint": "Reds" }, "geometry": { "type": "MultiPolygon", "coordinates": [ [ [ [ 120.47072, 23.50288 ], [ 120.47088, 23.50197 ], [ 120.47073, 23.50107 ], [ 120.47044, 23.50054 ], [ 120.47013, 23.50017 ], [ 120.47001, 23.50008 ], [ 120.47012, 23.50022 ], [ 120.47018, 23.50038 ], [ 120.47023, 23.50051 ], [ 120.4703, 23.50077 ], [ 120.47033, 23.50107 ], [ 120.47037, 23.50132 ], [ 120.47047, 23.50162 ], [ 120.47058, 23.50206 ], [ 120.47058, 23.50222 ], [ 120.47065, 23.50278 ], [ 120.47065, 23.50294 ], [ 120.47066, 23.50301 ], [ 120.47072, 23.50288 ] ] ] ] } },
{ "type": "Feature", "properties": { "days": 41, "type": "high", "color_hint": "Reds" }, "geometry": { "type": "MultiPolygon", "coordinates": [ [ [ [ 120.47072, 23.50288 ], [ 120.47088, 23.50197 ], [ 120.47073, 23.50107 ], [ 120.47044, 23.50054 ], [ 120.47013, 23.50017 ], [ 120.47001, 23.50008 ], [ 120.47012, 23.50022 ], [ 120.47018, 23.50038 ], [ 120.47023, 23.50051 ], [ 120.4703, 23.50077 ], [ 120.47033, 23.50107 ], [ 120.47037, 23.50132 ], [ 120.47047, 23.50162 ], [ 120.47058, 23.50206 ], [ 120.47058, 23.50222 ], [ 120.47065, 23.50278 ], [ 120.47065, 23.50294 ], [ 120.47066, 23.50301 ], [ 120.47072, 23.50288 ] ] ] ] } },
{ "type": "Feature", "properties": { "days": 40, "type": "high", "color_hint": "Reds" }, "geometry": { "type": "MultiPolygon", "coordinates": [ [ [ [ 120.46281, 23.50014 ], [ 120.4628, 23.50052 ], [ 120.46282, 23.50051 ], [ 120.46301, 23.50027 ], [ 120.46319, 23.50007 ], [ 120.46342, 23.49984 ], [ 120.46362, 23.49962 ], [ 120.46385, 23.49941 ], [ 120.46412, 23.49923 ], [ 120.46442, 23.49907 ], [ 120.46467, 23.499 ], [ 120.46496, 23.49891 ], [ 120.46522, 23.49884 ], [ 120.46549, 23.49874 ], [ 120.46568, 23.49874 ], [ 120.46572, 23.49874 ], [ 120.46589, 23.49881 ], [ 120.46611, 23.49888 ], [ 120.46624, 23.49888 ], [ 120.46651, 23.49883 ], [ 120.46679, 23.49882 ], [ 120.46714, 23.4988 ], [ 120.46747, 23.49878 ], [ 120.46778, 23.49886 ], [ 120.46803, 23.49896 ], [ 120.46805, 23.49896 ], [ 120.46836, 23.49908 ], [ 120.46861, 23.49915 ], [ 120.46893, 23.49929 ], [ 120.46924, 23.49943 ], [ 120.46948, 23.49959 ], [ 120.46972, 23.49977 ], [ 120.46996, 23.50002 ], [ 120.47012, 23.50022 ], [ 120.47018, 23.50038 ], [ 120.47023, 23.50051 ], [ 120.4703, 23.50077 ], [ 120.47033, 23.50107 ], [ 120.47037, 23.50132 ], [ 120.47047, 23.50162 ], [ 120.47058, 23.50206 ], [ 120.47058, 23.50222 ], [ 120.47065, 23.50278 ], [ 120.47065, 23.50294 ], [ 120.47067, 23.50318 ], [ 120.4707, 23.50345 ], [ 120.47076, 23.50367 ], [ 120.47082, 23.50382 ], [ 120.47094, 23.50396 ], [ 120.47112, 23.50415 ], [ 120.47134, 23.50434 ], [ 120.47156, 23.50452 ], [ 120.47181, 23.50468 ], [ 120.47207, 23.50487 ], [ 120.47207, 23.50488 ], [ 120.47219, 23.50469 ], [ 120.47238, 23.50432 ], [ 120.47263, 23.50379 ], [ 120.47291, 23.50288 ], [ 120.47304, 23.50198 ], [ 120.47297, 23.50108 ], [ 120.47268, 23.50017 ], [ 120.4724, 23.49972 ], [ 120.47208, 23.49927 ], [ 120.47143, 23.49866 ], [ 120.47104, 23.49836 ], [ 120.47045, 23.49799 ], [ 120.46947, 23.49759 ], [ 120.46874, 23.49745 ], [ 120.4685, 23.49741 ], [ 120.46752, 23.49741 ], [ 120.46727, 23.49745 ], [ 120.46654, 23.49757 ], [ 120.46556, 23.4979 ], [ 120.46461, 23.49834 ], [ 120.46458, 23.49836 ], [ 120.46359, 23.49909 ], [ 120.46341, 23.49924 ], [ 120.46281, 23.50014 ] ] ] ] } },
{ "type": "Feature", "properties": { "days": 21, "type": "high", "color_hint": "Reds" }, "geometry": { "type": "MultiPolygon", "coordinates": [ [ [ [ 120.4791, 23.4713 ], [ 120.47937, 23.47177 ], [ 120.47971, 23.47221 ], [ 120.48034, 23.47272 ], [ 120.48078, 23.47311 ], [ 120.48132, 23.47347 ], [ 120.48196, 23.47402 ], [ 120.48229, 23.47425 ], [ 120.4831, 23.47493 ], [ 120.48327, 23.47505 ], [ 120.48417, 23.47583 ], [ 120.48424, 23.47589 ], [ 120.48516, 23.47674 ], [ 120.48522, 23.47679 ], [ 120.48605, 23.47764 ], [ 120.48619, 23.4778 ], [ 120.48683, 23.47855 ], [ 120.48717, 23.47904 ], [ 120.48744, 23.47945 ], [ 120.48777, 23.48036 ], [ 120.48799, 23.48126 ], [ 120.48814, 23.48162 ], [ 120.48843, 23.48217 ], [ 120.48911, 23.48288 ], [ 120.48937, 23.48307 ], [ 120.49009, 23.48346 ], [ 120.49107, 23.48394 ], [ 120.49115, 23.48398 ], [ 120.49204, 23.4844 ], [ 120.49302, 23.48489 ], [ 120.49303, 23.48489 ], [ 120.494, 23.48538 ], [ 120.49475, 23.4858 ], [ 120.49497, 23.48589 ], [ 120.49595, 23.48606 ], [ 120.49693, 23.4861 ], [ 120.49791, 23.48608 ], [ 120.49889, 23.48598 ], [ 120.49966, 23.48582 ], [ 120.49987, 23.48577 ], [ 120.50085, 23.4854 ], [ 120.50183, 23.48495 ], [ 120.5019, 23.48492 ], [ 120.50281, 23.48445 ], [ 120.50338, 23.48424 ], [ 120.50338, 23.48423 ], [ 120.50331, 23.48395 ], [ 120.50327, 23.48369 ], [ 120.50317, 23.48346 ], [ 120.50282, 23.48359 ], [ 120.50193, 23.48402 ], [ 120.50183, 23.48406 ], [ 120.50085, 23.4845 ], [ 120.49987, 23.48488 ], [ 120.49973, 23.48491 ], [ 120.49889, 23.48508 ], [ 120.49791, 23.48516 ], [ 120.49694, 23.48513 ], [ 120.49596, 23.48495 ], [ 120.49585, 23.4849 ], [ 120.49498, 23.48433 ], [ 120.49441, 23.48399 ], [ 120.494, 23.48376 ], [ 120.49303, 23.48323 ], [ 120.49277, 23.48308 ], [ 120.49205, 23.48259 ], [ 120.49147, 23.48218 ], [ 120.49107, 23.48179 ], [ 120.49055, 23.48127 ], [ 120.4901, 23.48041 ], [ 120.49008, 23.48037 ], [ 120.49003, 23.47946 ], [ 120.4901, 23.47934 ], [ 120.49086, 23.47856 ], [ 120.49109, 23.47847 ], [ 120.49207, 23.47811 ], [ 120.49305, 23.47787 ], [ 120.49403, 23.47772 ], [ 120.4945, 23.47767 ], [ 120.49501, 23.47763 ], [ 120.49599, 23.47756 ], [ 120.49696, 23.47739 ], [ 120.49794, 23.47726 ], [ 120.49892, 23.47742 ], [ 120.4999, 23.47748 ], [ 120.50088, 23.47724 ], [ 120.50178, 23.47679 ], [ 120.50186, 23.47676 ], [ 120.50284, 23.47638 ], [ 120.50382, 23.47622 ], [ 120.5048, 23.47633 ], [ 120.50578, 23.47645 ], [ 120.50676, 23.47656 ], [ 120.50714, 23.47658 ], [ 120.50731, 23.47643 ], [ 120.50806, 23.47591 ], [ 120.50808, 23.47589 ], [ 120.50808, 23.47584 ], [ 120.50833, 23.47564 ], [ 120.5085, 23.47548 ], [ 120.5087, 23.47531 ], [ 120.50888, 23.47524 ], [ 120.50901, 23.47516 ], [ 120.50913, 23.47499 ], [ 120.50905, 23.47501 ], [ 120.50872, 23.4751 ], [ 120.50774, 23.47514 ], [ 120.50676, 23.47506 ], [ 120.50626, 23.475 ], [ 120.50578, 23.47494 ], [ 120.50481, 23.47486 ], [ 120.50423, 23.47499 ], [ 120.50383, 23.47509 ], [ 120.50285, 23.4755 ], [ 120.50205, 23.47589 ], [ 120.50186, 23.47598 ], [ 120.50088, 23.47641 ], [ 120.4999, 23.47663 ], [ 120.49893, 23.47658 ], [ 120.49795, 23.47635 ], [ 120.49697, 23.47617 ], [ 120.49599, 23.47625 ], [ 120.49501, 23.47644 ], [ 120.49403, 23.47651 ], [ 120.49305, 23.47655 ], [ 120.49207, 23.47662 ], [ 120.49109, 23.47667 ], [ 120.49012, 23.47663 ], [ 120.48914, 23.47638 ], [ 120.48816, 23.47585 ], [ 120.48815, 23.47585 ], [ 120.48718, 23.47519 ], [ 120.48685, 23.47494 ], [ 120.48621, 23.47444 ], [ 120.48571, 23.47403 ], [ 120.48523, 23.47364 ], [ 120.48462, 23.47312 ], [ 120.48426, 23.47282 ], [ 120.48353, 23.47222 ], [ 120.48328, 23.47201 ], [ 120.4824, 23.47131 ], [ 120.4823, 23.47123 ], [ 120.48133, 23.47062 ], [ 120.48089, 23.4704 ], [ 120.48035, 23.47013 ], [ 120.47937, 23.47022 ], [ 120.47916, 23.4704 ], [ 120.4791, 23.4713 ] ] ] ] } },
{ "type": "Feature", "properties": { "days": 20, "type": "high", "color_hint": "Reds" }, "geometry": { "type": "MultiPolygon", "coordinates": [ [ [ [ 120.49008, 23.48037 ], [ 120.4901, 23.48041 ], [ 120.49055, 23.48127 ], [ 120.49107, 23.48179 ], [ 120.49147, 23.48218 ], [ 120.49205, 23.48259 ], [ 120.49277, 23.48308 ], [ 120.49303, 23.48323 ], [ 120.494, 23.48376 ], [ 120.49441, 23.48399 ], [ 120.49498, 23.48433 ], [ 120.49585, 23.4849 ], [ 120.49596, 23.48495 ], [ 120.49694, 23.48513 ], [ 120.49791, 23.48516 ], [ 120.49889, 23.48508 ], [ 120.49973, 23.48491 ], [ 120.49987, 23.48488 ], [ 120.50085, 23.4845 ], [ 120.50183, 23.48406 ], [ 120.50193, 23.48402 ], [ 120.50282, 23.48359 ], [ 120.50317, 23.48346 ], [ 120.50315, 23.48342 ], [ 120.50306, 23.48325 ], [ 120.503, 23.48321 ], [ 120.50273, 23.48312 ], [ 120.5026, 23.4831 ], [ 120.50251, 23.48301 ], [ 120.50247, 23.4829 ], [ 120.50247, 23.48272 ], [ 120.50184, 23.48299 ], [ 120.50157, 23.48311 ], [ 120.50086, 23.48341 ], [ 120.49988, 23.48379 ], [ 120.4989, 23.48401 ], [ 120.4989, 23.48401 ], [ 120.49792, 23.48401 ], [ 120.49788, 23.484 ], [ 120.49694, 23.4837 ], [ 120.4962, 23.4831 ], [ 120.49597, 23.48287 ], [ 120.49499, 23.48224 ], [ 120.4949, 23.48219 ], [ 120.49401, 23.48147 ], [ 120.4938, 23.48128 ], [ 120.49336, 23.48038 ], [ 120.49397, 23.47948 ], [ 120.49402, 23.47946 ], [ 120.495, 23.47915 ], [ 120.49598, 23.47894 ], [ 120.49696, 23.47879 ], [ 120.49794, 23.47864 ], [ 120.49814, 23.47859 ], [ 120.49892, 23.47845 ], [ 120.4999, 23.47848 ], [ 120.50088, 23.47819 ], [ 120.50186, 23.47778 ], [ 120.50284, 23.47774 ], [ 120.50382, 23.47782 ], [ 120.50479, 23.47793 ], [ 120.50577, 23.47806 ], [ 120.50596, 23.47808 ], [ 120.506, 23.47801 ], [ 120.50615, 23.47782 ], [ 120.50628, 23.47761 ], [ 120.50642, 23.47746 ], [ 120.50655, 23.47736 ], [ 120.50673, 23.47728 ], [ 120.50687, 23.47721 ], [ 120.507, 23.47713 ], [ 120.50703, 23.47704 ], [ 120.50705, 23.4768 ], [ 120.50713, 23.47659 ], [ 120.50714, 23.47658 ], [ 120.50676, 23.47656 ], [ 120.50578, 23.47645 ], [ 120.5048, 23.47633 ], [ 120.50382, 23.47622 ], [ 120.50284, 23.47638 ], [ 120.50186, 23.47676 ], [ 120.50178, 23.47679 ], [ 120.50088, 23.47724 ], [ 120.4999, 23.47748 ], [ 120.49892, 23.47742 ], [ 120.49794, 23.47726 ], [ 120.49696, 23.47739 ], [ 120.49599, 23.47756 ], [ 120.49501, 23.47763 ], [ 120.4945, 23.47767 ], [ 120.49403, 23.47772 ], [ 120.49305, 23.47787 ], [ 120.49207, 23.47811 ], [ 120.49109, 23.47847 ], [ 120.49086, 23.47856 ], [ 120.4901, 23.47934 ], [ 120.49003, 23.47946 ], [ 120.49008, 23.48037 ] ] ] ] } },
{ "type": "Feature", "properties": { "days": 19, "type": "high", "color_hint": "Reds" }, "geometry": { "type": "MultiPolygon", "coordinates": [ [ [ [ 120.49336, 23.48038 ], [ 120.4938, 23.48128 ], [ 120.49401, 23.48147 ], [ 120.4949, 23.48219 ], [ 120.49499, 23.48224 ], [ 120.49597, 23.48287 ], [ 120.4962, 23.4831 ], [ 120.49694, 23.4837 ], [ 120.49788, 23.484 ], [ 120.49792, 23.48401 ], [ 120.4989, 23.48401 ], [ 120.4989, 23.48401 ], [ 120.49988, 23.48379 ], [ 120.50086, 23.48341 ], [ 120.50157, 23.48311 ], [ 120.50184, 23.48299 ], [ 120.50247, 23.48272 ], [ 120.50247, 23.48263 ], [ 120.50244, 23.48246 ], [ 120.50242, 23.48236 ], [ 120.5024, 23.48222 ], [ 120.50241, 23.4821 ], [ 120.50253, 23.482 ], [ 120.50253, 23.48193 ], [ 120.50242, 23.48189 ], [ 120.50204, 23.48179 ], [ 120.50177, 23.48171 ], [ 120.50173, 23.48141 ], [ 120.50171, 23.48126 ], [ 120.50173, 23.48113 ], [ 120.50182, 23.48093 ], [ 120.50189, 23.4809 ], [ 120.50211, 23.48091 ], [ 120.50247, 23.48091 ], [ 120.50272, 23.48091 ], [ 120.503, 23.4809 ], [ 120.50326, 23.48088 ], [ 120.50348, 23.4809 ], [ 120.50393, 23.48102 ], [ 120.50407, 23.48098 ], [ 120.50421, 23.48078 ], [ 120.50432, 23.4805 ], [ 120.50432, 23.48034 ], [ 120.50422, 23.48007 ], [ 120.50418, 23.47988 ], [ 120.5041, 23.47975 ], [ 120.50396, 23.47967 ], [ 120.50384, 23.47963 ], [ 120.50374, 23.47951 ], [ 120.5037, 23.47941 ], [ 120.50365, 23.47915 ], [ 120.50364, 23.47901 ], [ 120.50369, 23.47888 ], [ 120.50382, 23.47879 ], [ 120.50398, 23.47876 ], [ 120.50418, 23.47879 ], [ 120.50454, 23.47882 ], [ 120.50496, 23.47881 ], [ 120.50508, 23.47878 ], [ 120.50525, 23.47865 ], [ 120.50536, 23.47848 ], [ 120.50543, 23.47841 ], [ 120.50572, 23.47829 ], [ 120.50591, 23.47816 ], [ 120.50596, 23.47808 ], [ 120.50577, 23.47806 ], [ 120.50479, 23.47793 ], [ 120.50382, 23.47782 ], [ 120.50284, 23.47774 ], [ 120.50186, 23.47778 ], [ 120.50088, 23.47819 ], [ 120.4999, 23.47848 ], [ 120.49892, 23.47845 ], [ 120.49814, 23.47859 ], [ 120.49794, 23.47864 ], [ 120.49696, 23.47879 ], [ 120.49598, 23.47894 ], [ 120.495, 23.47915 ], [ 120.49402, 23.47946 ], [ 120.49397, 23.47948 ], [ 120.49336, 23.48038 ] ] ] ] } },
{ "type": "Feature", "properties": { "days": 18, "type": "high", "color_hint": "Reds" }, "geometry": { "type": "MultiPolygon", "coordinates": [ [ [ [ 120.49891, 23.48201 ], [ 120.49988, 23.48208 ], [ 120.50086, 23.48165 ], [ 120.50173, 23.48139 ], [ 120.50171, 23.48126 ], [ 120.50173, 23.48113 ], [ 120.50182, 23.48093 ], [ 120.50189, 23.4809 ], [ 120.50211, 23.48091 ], [ 120.50247, 23.48091 ], [ 120.50266, 23.48091 ], [ 120.50283, 23.48081 ], [ 120.50374, 23.48041 ], [ 120.50283, 23.47996 ], [ 120.50185, 23.47979 ], [ 120.50087, 23.47986 ], [ 120.49989, 23.48012 ], [ 120.49916, 23.4804 ], [ 120.49891, 23.48069 ], [ 120.49857, 23.4813 ], [ 120.49891, 23.48201 ] ] ] ] } },
{ "type": "Feature", "properties": { "days": 19, "type": "high", "color_hint": "Reds" }, "geometry": { "type": "MultiPolygon", "coordinates": [ [ [ [ 120.49857, 23.4813 ], [ 120.49891, 23.48201 ], [ 120.49988, 23.48208 ], [ 120.50086, 23.48165 ], [ 120.50173, 23.48139 ], [ 120.50171, 23.48126 ], [ 120.50173, 23.48113 ], [ 120.50182, 23.48093 ], [ 120.50189, 23.4809 ], [ 120.50211, 23.48091 ], [ 120.50247, 23.48091 ], [ 120.50266, 23.48091 ], [ 120.50283, 23.48081 ], [ 120.50374, 23.48041 ], [ 120.50283, 23.47996 ], [ 120.50185, 23.47979 ], [ 120.50087, 23.47986 ], [ 120.49989, 23.48012 ], [ 120.49916, 23.4804 ], [ 120.49891, 23.48069 ], [ 120.49857, 23.4813 ] ] ] ] } },
{ "type": "Feature", "properties": { "days": 31, "type": "high", "color_hint": "Reds" }, "geometry": { "type": "MultiPolygon", "coordinates": [ [ [ [ 120.39019, 23.49175 ], [ 120.39019, 23.49265 ], [ 120.39019, 23.49355 ], [ 120.39018, 23.49446 ], [ 120.39018, 23.49476 ], [ 120.39091, 23.49536 ], [ 120.39116, 23.49558 ], [ 120.39176, 23.49627 ], [ 120.39213, 23.49672 ], [ 120.39244, 23.49717 ], [ 120.39302, 23.49808 ], [ 120.3931, 23.4982 ], [ 120.39355, 23.49898 ], [ 120.39401, 23.49989 ], [ 120.39407, 23.49997 ], [ 120.3947, 23.50079 ], [ 120.39498, 23.50072 ], [ 120.39527, 23.50056 ], [ 120.39579, 23.50035 ], [ 120.39646, 23.50013 ], [ 120.39679, 23.50002 ], [ 120.39745, 23.49974 ], [ 120.39789, 23.49949 ], [ 120.39839, 23.49921 ], [ 120.39878, 23.49895 ], [ 120.39926, 23.49877 ], [ 120.39954, 23.49876 ], [ 120.39985, 23.49873 ], [ 120.4002, 23.49876 ], [ 120.40019, 23.49907 ], [ 120.40018, 23.4993 ], [ 120.4002, 23.49965 ], [ 120.40021, 23.49985 ], [ 120.40093, 23.4993 ], [ 120.4013, 23.49901 ], [ 120.40191, 23.49851 ], [ 120.40238, 23.49811 ], [ 120.4029, 23.49767 ], [ 120.40339, 23.49722 ], [ 120.40388, 23.49677 ], [ 120.40434, 23.49632 ], [ 120.40486, 23.49581 ], [ 120.40525, 23.49542 ], [ 120.40585, 23.4948 ], [ 120.40611, 23.49452 ], [ 120.40683, 23.49373 ], [ 120.40693, 23.49362 ], [ 120.40773, 23.49272 ], [ 120.40781, 23.49262 ], [ 120.40851, 23.49182 ], [ 120.4088, 23.49148 ], [ 120.40926, 23.49092 ], [ 120.40978, 23.49028 ], [ 120.40999, 23.49002 ], [ 120.41077, 23.48926 ], [ 120.41095, 23.48912 ], [ 120.41175, 23.48864 ], [ 120.41273, 23.48822 ], [ 120.41273, 23.48822 ], [ 120.41371, 23.48796 ], [ 120.41469, 23.48779 ], [ 120.41567, 23.4877 ], [ 120.41665, 23.48764 ], [ 120.41763, 23.48762 ], [ 120.4186, 23.48772 ], [ 120.41958, 23.48788 ], [ 120.42056, 23.48797 ], [ 120.42154, 23.48804 ], [ 120.42252, 23.48813 ], [ 120.4235, 23.48816 ], [ 120.42448, 23.48817 ], [ 120.42546, 23.48818 ], [ 120.42643, 23.4882 ], [ 120.42741, 23.48822 ], [ 120.42839, 23.48826 ], [ 120.42936, 23.48828 ], [ 120.42937, 23.48828 ], [ 120.42938, 23.48828 ], [ 120.43035, 23.48827 ], [ 120.43133, 23.48824 ], [ 120.43231, 23.48823 ], [ 120.43329, 23.48821 ], [ 120.43427, 23.48817 ], [ 120.43525, 23.48811 ], [ 120.43623, 23.488 ], [ 120.43721, 23.48777 ], [ 120.4377, 23.48741 ], [ 120.43785, 23.48651 ], [ 120.4377, 23.4856 ], [ 120.43749, 23.4847 ], [ 120.43727, 23.4838 ], [ 120.43722, 23.48354 ], [ 120.43712, 23.48289 ], [ 120.43708, 23.48199 ], [ 120.43717, 23.48109 ], [ 120.43723, 23.48085 ], [ 120.43744, 23.48019 ], [ 120.43795, 23.47928 ], [ 120.43822, 23.47895 ], [ 120.43912, 23.47839 ], [ 120.4392, 23.47835 ], [ 120.44018, 23.47819 ], [ 120.44116, 23.47813 ], [ 120.44214, 23.47817 ], [ 120.44312, 23.47832 ], [ 120.44346, 23.4784 ], [ 120.4441, 23.47858 ], [ 120.44507, 23.47891 ], [ 120.44605, 23.47925 ], [ 120.44626, 23.47931 ], [ 120.44703, 23.4797 ], [ 120.44801, 23.48006 ], [ 120.44898, 23.48022 ], [ 120.44996, 23.48 ], [ 120.45095, 23.4795 ], [ 120.45118, 23.47933 ], [ 120.45193, 23.47877 ], [ 120.45236, 23.47843 ], [ 120.45291, 23.47791 ], [ 120.45332, 23.47753 ], [ 120.45389, 23.47689 ], [ 120.45413, 23.47663 ], [ 120.45479, 23.47573 ], [ 120.45488, 23.47552 ], [ 120.45522, 23.47483 ], [ 120.45545, 23.47393 ], [ 120.45545, 23.47303 ], [ 120.45542, 23.47212 ], [ 120.4556, 23.47122 ], [ 120.45588, 23.47069 ], [ 120.45613, 23.47032 ], [ 120.45686, 23.46958 ], [ 120.45709, 23.46942 ], [ 120.45784, 23.4688 ], [ 120.45856, 23.46852 ], [ 120.45882, 23.46842 ], [ 120.45902, 23.46852 ], [ 120.4598, 23.46924 ], [ 120.45986, 23.46943 ], [ 120.45997, 23.47033 ], [ 120.46005, 23.47124 ], [ 120.46014, 23.47214 ], [ 120.46025, 23.47304 ], [ 120.46038, 23.47395 ], [ 120.46055, 23.47485 ], [ 120.46075, 23.47575 ], [ 120.46075, 23.47575 ], [ 120.46094, 23.47666 ], [ 120.46118, 23.47756 ], [ 120.46152, 23.47846 ], [ 120.46172, 23.47919 ], [ 120.46175, 23.47937 ], [ 120.46196, 23.48027 ], [ 120.46229, 23.48118 ], [ 120.46268, 23.482 ], [ 120.46272, 23.48208 ], [ 120.4632, 23.48299 ], [ 120.46366, 23.48374 ], [ 120.46375, 23.48389 ], [ 120.46449, 23.4848 ], [ 120.46463, 23.48492 ], [ 120.46561, 23.4856 ], [ 120.46578, 23.4857 ], [ 120.46658, 23.48613 ], [ 120.46753, 23.48661 ], [ 120.46756, 23.48663 ], [ 120.46854, 23.4871 ], [ 120.46948, 23.48752 ], [ 120.46951, 23.48754 ], [ 120.47049, 23.48793 ], [ 120.47147, 23.48831 ], [ 120.47178, 23.48843 ], [ 120.47245, 23.4887 ], [ 120.47342, 23.48913 ], [ 120.47391, 23.48934 ], [ 120.4744, 23.48958 ], [ 120.47538, 23.49008 ], [ 120.4757, 23.49025 ], [ 120.47635, 23.49059 ], [ 120.47733, 23.49112 ], [ 120.47741, 23.49116 ], [ 120.47831, 23.49168 ], [ 120.47888, 23.49207 ], [ 120.47929, 23.49237 ], [ 120.48026, 23.49296 ], [ 120.48029, 23.49298 ], [ 120.48124, 23.49349 ], [ 120.48204, 23.49388 ], [ 120.48222, 23.49398 ], [ 120.48319, 23.49444 ], [ 120.48397, 23.49479 ], [ 120.48417, 23.49489 ], [ 120.48445, 23.49503 ], [ 120.48449, 23.49498 ], [ 120.48468, 23.49483 ], [ 120.48481, 23.49472 ], [ 120.48496, 23.4946 ], [ 120.48512, 23.49444 ], [ 120.48526, 23.49433 ], [ 120.48536, 23.49419 ], [ 120.48544, 23.49406 ], [ 120.48557, 23.49393 ], [ 120.48548, 23.4939 ], [ 120.48515, 23.49377 ], [ 120.48418, 23.49339 ], [ 120.48322, 23.49299 ], [ 120.4832, 23.49298 ], [ 120.48222, 23.49254 ], [ 120.4813, 23.49208 ], [ 120.48124, 23.49205 ], [ 120.48027, 23.49154 ], [ 120.47965, 23.49117 ], [ 120.47929, 23.49096 ], [ 120.47831, 23.4904 ], [ 120.47806, 23.49026 ], [ 120.47734, 23.48987 ], [ 120.47636, 23.48935 ], [ 120.47636, 23.48935 ], [ 120.47538, 23.48889 ], [ 120.47441, 23.48844 ], [ 120.47441, 23.48844 ], [ 120.47343, 23.48802 ], [ 120.47245, 23.48762 ], [ 120.47224, 23.48753 ], [ 120.47147, 23.48722 ], [ 120.4705, 23.48683 ], [ 120.47, 23.48662 ], [ 120.46952, 23.48642 ], [ 120.46854, 23.48596 ], [ 120.46805, 23.48571 ], [ 120.46756, 23.48546 ], [ 120.46659, 23.48492 ], [ 120.46639, 23.4848 ], [ 120.46561, 23.48425 ], [ 120.46522, 23.4839 ], [ 120.46464, 23.48315 ], [ 120.46453, 23.48299 ], [ 120.46402, 23.48209 ], [ 120.46367, 23.48128 ], [ 120.46362, 23.48118 ], [ 120.46333, 23.48028 ], [ 120.46317, 23.47937 ], [ 120.46313, 23.47847 ], [ 120.4631, 23.47757 ], [ 120.46293, 23.47666 ], [ 120.46278, 23.47576 ], [ 120.46273, 23.47486 ], [ 120.46274, 23.47395 ], [ 120.46279, 23.47305 ], [ 120.46288, 23.47215 ], [ 120.463, 23.47125 ], [ 120.46312, 23.47034 ], [ 120.4632, 23.46944 ], [ 120.46318, 23.46854 ], [ 120.46305, 23.46763 ], [ 120.46283, 23.46673 ], [ 120.46275, 23.46646 ], [ 120.46249, 23.46583 ], [ 120.46203, 23.46492 ], [ 120.46178, 23.46451 ], [ 120.46134, 23.46402 ], [ 120.4608, 23.4635 ], [ 120.45994, 23.46311 ], [ 120.45982, 23.46306 ], [ 120.45884, 23.4631 ], [ 120.45883, 23.4631 ], [ 120.45786, 23.46351 ], [ 120.45711, 23.464 ], [ 120.45688, 23.46416 ], [ 120.45609, 23.4649 ], [ 120.4559, 23.46509 ], [ 120.4553, 23.4658 ], [ 120.45492, 23.46628 ], [ 120.45462, 23.4667 ], [ 120.454, 23.4676 ], [ 120.45393, 23.4677 ], [ 120.45344, 23.4685 ], [ 120.45295, 23.46925 ], [ 120.45285, 23.4694 ], [ 120.45227, 23.47031 ], [ 120.45196, 23.47086 ], [ 120.45178, 23.47121 ], [ 120.4514, 23.47211 ], [ 120.45103, 23.47301 ], [ 120.45097, 23.47316 ], [ 120.45067, 23.47391 ], [ 120.45028, 23.47481 ], [ 120.44998, 23.47538 ], [ 120.44983, 23.47571 ], [ 120.44932, 23.47662 ], [ 120.449, 23.47707 ], [ 120.4487, 23.47752 ], [ 120.44802, 23.47806 ], [ 120.44704, 23.47811 ], [ 120.44606, 23.47792 ], [ 120.44508, 23.47766 ], [ 120.44453, 23.4775 ], [ 120.4441, 23.47739 ], [ 120.44312, 23.47716 ], [ 120.44215, 23.47699 ], [ 120.44117, 23.47689 ], [ 120.44019, 23.47686 ], [ 120.43921, 23.47691 ], [ 120.43823, 23.47702 ], [ 120.43725, 23.4774 ], [ 120.43716, 23.47748 ], [ 120.43649, 23.47838 ], [ 120.43626, 23.47881 ], [ 120.43606, 23.47928 ], [ 120.43574, 23.48018 ], [ 120.43557, 23.48108 ], [ 120.43555, 23.48198 ], [ 120.43564, 23.48289 ], [ 120.43577, 23.48379 ], [ 120.43582, 23.48469 ], [ 120.43534, 23.4856 ], [ 120.43526, 23.48565 ], [ 120.43428, 23.48596 ], [ 120.4333, 23.48613 ], [ 120.43232, 23.48624 ], [ 120.43134, 23.48635 ], [ 120.43036, 23.48646 ], [ 120.43022, 23.48648 ], [ 120.42938, 23.48656 ], [ 120.4284, 23.4866 ], [ 120.42742, 23.4866 ], [ 120.42644, 23.4866 ], [ 120.42546, 23.48659 ], [ 120.42448, 23.48655 ], [ 120.4235, 23.48646 ], [ 120.42344, 23.48646 ], [ 120.42253, 23.48635 ], [ 120.42155, 23.48626 ], [ 120.42057, 23.48614 ], [ 120.41959, 23.486 ], [ 120.41861, 23.48576 ], [ 120.41788, 23.48553 ], [ 120.41764, 23.48545 ], [ 120.41666, 23.48515 ], [ 120.41568, 23.48491 ], [ 120.4147, 23.48479 ], [ 120.41372, 23.4848 ], [ 120.41274, 23.48479 ], [ 120.41176, 23.4848 ], [ 120.41078, 23.4849 ], [ 120.4098, 23.48516 ], [ 120.40925, 23.4855 ], [ 120.40882, 23.48578 ], [ 120.40821, 23.4864 ], [ 120.40784, 23.48681 ], [ 120.40746, 23.4873 ], [ 120.40685, 23.48814 ], [ 120.40681, 23.4882 ], [ 120.40614, 23.4891 ], [ 120.40587, 23.48945 ], [ 120.40542, 23.49 ], [ 120.40489, 23.49061 ], [ 120.40462, 23.4909 ], [ 120.4039, 23.49166 ], [ 120.40376, 23.4918 ], [ 120.40292, 23.49264 ], [ 120.40285, 23.4927 ], [ 120.40193, 23.49354 ], [ 120.40186, 23.4936 ], [ 120.40095, 23.4943 ], [ 120.4006, 23.4945 ], [ 120.39997, 23.49485 ], [ 120.39899, 23.4951 ], [ 120.39801, 23.49507 ], [ 120.39703, 23.49481 ], [ 120.39614, 23.49448 ], [ 120.39606, 23.49445 ], [ 120.39508, 23.49403 ], [ 120.39422, 23.49357 ], [ 120.3941, 23.4935 ], [ 120.39313, 23.49293 ], [ 120.39275, 23.49266 ], [ 120.39215, 23.49222 ], [ 120.39162, 23.49175 ], [ 120.39118, 23.49135 ], [ 120.39106, 23.49122 ], [ 120.39084, 23.49125 ], [ 120.39028, 23.49131 ], [ 120.3902, 23.49131 ], [ 120.39019, 23.49175 ] ] ] ] } },
{ "type": "Feature", "properties": { "days": 30, "type": "high", "color_hint": "Reds" }, "geometry": { "type": "MultiPolygon", "coordinates": [ [ [ [ 120.39017, 23.49626 ], [ 120.39017, 23.49716 ], [ 120.39017, 23.49765 ], [ 120.39021, 23.49767 ], [ 120.39024, 23.49776 ], [ 120.39025, 23.49782 ], [ 120.39023, 23.49791 ], [ 120.39018, 23.49795 ], [ 120.39017, 23.49797 ], [ 120.39017, 23.49807 ], [ 120.39016, 23.49897 ], [ 120.39016, 23.49947 ], [ 120.39033, 23.49956 ], [ 120.39048, 23.49959 ], [ 120.39061, 23.49963 ], [ 120.39076, 23.4997 ], [ 120.39089, 23.49979 ], [ 120.39099, 23.49988 ], [ 120.39114, 23.49988 ], [ 120.39159, 23.5003 ], [ 120.39169, 23.50034 ], [ 120.39191, 23.50041 ], [ 120.3921, 23.50045 ], [ 120.39242, 23.50049 ], [ 120.39277, 23.5005 ], [ 120.39289, 23.50054 ], [ 120.39322, 23.50058 ], [ 120.39347, 23.50058 ], [ 120.39379, 23.50057 ], [ 120.39409, 23.50055 ], [ 120.3942, 23.50065 ], [ 120.39436, 23.50078 ], [ 120.39447, 23.50081 ], [ 120.39467, 23.5008 ], [ 120.3947, 23.50079 ], [ 120.39407, 23.49997 ], [ 120.39401, 23.49989 ], [ 120.39355, 23.49898 ], [ 120.3931, 23.4982 ], [ 120.39302, 23.49808 ], [ 120.39244, 23.49717 ], [ 120.39213, 23.49672 ], [ 120.39176, 23.49627 ], [ 120.39116, 23.49558 ], [ 120.39091, 23.49536 ], [ 120.39018, 23.49476 ], [ 120.39018, 23.49536 ], [ 120.39017, 23.49626 ] ] ] ] } },
{ "type": "Feature", "properties": { "days": 38, "type": "high", "color_hint": "Reds" }, "geometry": { "type": "MultiPolygon", "coordinates": [ [ [ [ 120.43415, 23.5145 ], [ 120.43419, 23.51449 ], [ 120.43514, 23.51403 ], [ 120.43597, 23.51359 ], [ 120.43612, 23.5135 ], [ 120.4371, 23.51287 ], [ 120.43735, 23.51269 ], [ 120.43808, 23.5121 ], [ 120.43843, 23.51179 ], [ 120.43906, 23.51115 ], [ 120.43932, 23.51089 ], [ 120.44, 23.50999 ], [ 120.44005, 23.50994 ], [ 120.44051, 23.50909 ], [ 120.44085, 23.50819 ], [ 120.44104, 23.50783 ], [ 120.44124, 23.50729 ], [ 120.44152, 23.50639 ], [ 120.44178, 23.50548 ], [ 120.44198, 23.50458 ], [ 120.44203, 23.5041 ], [ 120.44207, 23.50368 ], [ 120.44204, 23.50316 ], [ 120.44201, 23.50278 ], [ 120.44172, 23.50187 ], [ 120.44117, 23.50097 ], [ 120.44107, 23.50086 ], [ 120.4401, 23.50006 ], [ 120.44009, 23.50005 ], [ 120.43911, 23.49963 ], [ 120.43814, 23.49934 ], [ 120.43716, 23.49917 ], [ 120.43686, 23.49915 ], [ 120.43618, 23.49911 ], [ 120.4352, 23.49911 ], [ 120.4348, 23.49914 ], [ 120.43422, 23.49919 ], [ 120.43324, 23.49932 ], [ 120.43226, 23.4995 ], [ 120.43128, 23.4997 ], [ 120.4303, 23.49992 ], [ 120.42998, 23.50002 ], [ 120.42932, 23.50027 ], [ 120.42834, 23.50074 ], [ 120.42808, 23.50092 ], [ 120.42736, 23.50136 ], [ 120.42668, 23.50182 ], [ 120.42637, 23.50202 ], [ 120.4254, 23.50272 ], [ 120.42539, 23.50272 ], [ 120.42441, 23.50349 ], [ 120.42425, 23.50362 ], [ 120.42343, 23.50429 ], [ 120.42315, 23.50451 ], [ 120.42244, 23.50512 ], [ 120.42209, 23.50541 ], [ 120.42146, 23.50596 ], [ 120.42131, 23.50608 ], [ 120.42142, 23.50609 ], [ 120.42185, 23.50605 ], [ 120.42226, 23.50601 ], [ 120.42261, 23.50601 ], [ 120.42281, 23.50606 ], [ 120.42288, 23.50612 ], [ 120.42298, 23.50624 ], [ 120.42305, 23.5063 ], [ 120.42313, 23.50629 ], [ 120.42328, 23.50627 ], [ 120.42349, 23.50625 ], [ 120.42375, 23.50621 ], [ 120.42405, 23.5062 ], [ 120.42427, 23.5062 ], [ 120.42451, 23.50622 ], [ 120.42476, 23.5063 ], [ 120.42492, 23.50639 ], [ 120.42499, 23.50644 ], [ 120.42507, 23.50658 ], [ 120.42519, 23.50677 ], [ 120.42535, 23.50699 ], [ 120.42535, 23.50699 ], [ 120.42552, 23.50726 ], [ 120.42564, 23.50745 ], [ 120.42572, 23.50769 ], [ 120.42579, 23.50786 ], [ 120.42589, 23.50811 ], [ 120.42597, 23.50832 ], [ 120.42604, 23.50854 ], [ 120.42611, 23.50861 ], [ 120.42628, 23.50876 ], [ 120.42644, 23.50883 ], [ 120.42677, 23.50895 ], [ 120.4271, 23.50908 ], [ 120.42748, 23.50918 ], [ 120.42786, 23.50924 ], [ 120.42814, 23.50924 ], [ 120.42838, 23.5092 ], [ 120.42865, 23.50918 ], [ 120.42885, 23.50915 ], [ 120.42903, 23.50913 ], [ 120.42935, 23.50907 ], [ 120.42971, 23.50901 ], [ 120.43, 23.50898 ], [ 120.43043, 23.50893 ], [ 120.43152, 23.50874 ], [ 120.43187, 23.50872 ], [ 120.43222, 23.50871 ], [ 120.43253, 23.50875 ], [ 120.43276, 23.5088 ], [ 120.43306, 23.50887 ], [ 120.43318, 23.5089 ], [ 120.43318, 23.50892 ], [ 120.43328, 23.509 ], [ 120.43335, 23.50903 ], [ 120.43339, 23.50908 ], [ 120.43344, 23.50916 ], [ 120.4335, 23.50925 ], [ 120.43355, 23.50931 ], [ 120.4336, 23.50939 ], [ 120.43364, 23.5095 ], [ 120.4337, 23.5096 ], [ 120.43374, 23.5097 ], [ 120.43377, 23.50981 ], [ 120.4338, 23.50989 ], [ 120.43382, 23.51 ], [ 120.43384, 23.51009 ], [ 120.43385, 23.51018 ], [ 120.43386, 23.51027 ], [ 120.43387, 23.51041 ], [ 120.43387, 23.51054 ], [ 120.43387, 23.51067 ], [ 120.43388, 23.51076 ], [ 120.43387, 23.51084 ], [ 120.43386, 23.51092 ], [ 120.43384, 23.51101 ], [ 120.43381, 23.51111 ], [ 120.43378, 23.5112 ], [ 120.43375, 23.5113 ], [ 120.43371, 23.51141 ], [ 120.43365, 23.51152 ], [ 120.4336, 23.51164 ], [ 120.43356, 23.51173 ], [ 120.4335, 23.51183 ], [ 120.43345, 23.51192 ], [ 120.43342, 23.51199 ], [ 120.43336, 23.5121 ], [ 120.43333, 23.51218 ], [ 120.4333, 23.51225 ], [ 120.43325, 23.51235 ], [ 120.43324, 23.51241 ], [ 120.43316, 23.51276 ], [ 120.43316, 23.51228 ], [ 120.43306, 23.51245 ], [ 120.433, 23.51252 ], [ 120.43293, 23.51267 ], [ 120.43287, 23.51281 ], [ 120.43277, 23.51301 ], [ 120.43272, 23.5131 ], [ 120.43265, 23.51328 ], [ 120.43257, 23.51344 ], [ 120.43254, 23.51357 ], [ 120.43252, 23.5137 ], [ 120.43257, 23.51382 ], [ 120.43274, 23.51396 ], [ 120.43291, 23.51406 ], [ 120.43306, 23.51413 ], [ 120.43316, 23.51418 ], [ 120.43316, 23.51423 ], [ 120.43337, 23.51428 ], [ 120.43353, 23.51434 ], [ 120.43358, 23.51445 ], [ 120.43361, 23.51459 ], [ 120.43366, 23.51471 ], [ 120.43415, 23.5145 ] ] ] ] } },
{ "type": "Feature", "properties": { "days": 37, "type": "high", "color_hint": "Reds" }, "geometry": { "type": "MultiPolygon", "coordinates": [ [ [ [ 120.43415, 23.5145 ], [ 120.43419, 23.51449 ], [ 120.43514, 23.51403 ], [ 120.43597, 23.51359 ], [ 120.43612, 23.5135 ], [ 120.4371, 23.51287 ], [ 120.43735, 23.51269 ], [ 120.43808, 23.5121 ], [ 120.43843, 23.51179 ], [ 120.43906, 23.51115 ], [ 120.43932, 23.51089 ], [ 120.44, 23.50999 ], [ 120.44005, 23.50994 ], [ 120.44051, 23.50909 ], [ 120.44085, 23.50819 ], [ 120.44104, 23.50783 ], [ 120.44124, 23.50729 ], [ 120.44152, 23.50639 ], [ 120.44178, 23.50548 ], [ 120.44198, 23.50458 ], [ 120.44203, 23.5041 ], [ 120.44207, 23.50368 ], [ 120.44204, 23.50316 ], [ 120.44201, 23.50278 ], [ 120.44172, 23.50187 ], [ 120.44117, 23.50097 ], [ 120.44107, 23.50086 ], [ 120.4401, 23.50006 ], [ 120.44009, 23.50005 ], [ 120.43911, 23.49963 ], [ 120.43814, 23.49934 ], [ 120.43716, 23.49917 ], [ 120.43686, 23.49915 ], [ 120.43618, 23.49911 ], [ 120.4352, 23.49911 ], [ 120.4348, 23.49914 ], [ 120.43422, 23.49919 ], [ 120.43324, 23.49932 ], [ 120.43226, 23.4995 ], [ 120.43128, 23.4997 ], [ 120.4303, 23.49992 ], [ 120.42998, 23.50002 ], [ 120.42932, 23.50027 ], [ 120.42834, 23.50074 ], [ 120.42808, 23.50092 ], [ 120.42736, 23.50136 ], [ 120.42668, 23.50182 ], [ 120.42637, 23.50202 ], [ 120.4254, 23.50272 ], [ 120.42539, 23.50272 ], [ 120.42441, 23.50349 ], [ 120.42425, 23.50362 ], [ 120.42343, 23.50429 ], [ 120.42315, 23.50451 ], [ 120.42244, 23.50512 ], [ 120.42209, 23.50541 ], [ 120.42146, 23.50596 ], [ 120.42131, 23.50608 ], [ 120.42142, 23.50609 ], [ 120.42185, 23.50605 ], [ 120.42226, 23.50601 ], [ 120.42261, 23.50601 ], [ 120.42281, 23.50606 ], [ 120.42288, 23.50612 ], [ 120.42298, 23.50624 ], [ 120.42305, 23.5063 ], [ 120.42313, 23.50629 ], [ 120.42328, 23.50627 ], [ 120.42349, 23.50625 ], [ 120.42375, 23.50621 ], [ 120.42405, 23.5062 ], [ 120.42427, 23.5062 ], [ 120.42451, 23.50622 ], [ 120.42476, 23.5063 ], [ 120.42492, 23.50639 ], [ 120.42499, 23.50644 ], [ 120.42507, 23.50658 ], [ 120.42519, 23.50677 ], [ 120.42535, 23.50699 ], [ 120.42535, 23.50699 ], [ 120.42552, 23.50726 ], [ 120.42564, 23.50745 ], [ 120.42572, 23.50769 ], [ 120.42579, 23.50786 ], [ 120.42589, 23.50811 ], [ 120.42597, 23.50832 ], [ 120.42604, 23.50854 ], [ 120.42611, 23.50861 ], [ 120.42628, 23.50876 ], [ 120.42644, 23.50883 ], [ 120.42677, 23.50895 ], [ 120.4271, 23.50908 ], [ 120.42748, 23.50918 ], [ 120.42786, 23.50924 ], [ 120.42814, 23.50924 ], [ 120.42838, 23.5092 ], [ 120.42865, 23.50918 ], [ 120.42885, 23.50915 ], [ 120.42903, 23.50913 ], [ 120.42935, 23.50907 ], [ 120.42971, 23.50901 ], [ 120.43, 23.50898 ], [ 120.43043, 23.50893 ], [ 120.43152, 23.50874 ], [ 120.43187, 23.50872 ], [ 120.43222, 23.50871 ], [ 120.43253, 23.50875 ], [ 120.43276, 23.5088 ], [ 120.43306, 23.50887 ], [ 120.43318, 23.5089 ], [ 120.43318, 23.50892 ], [ 120.43328, 23.509 ], [ 120.43335, 23.50903 ], [ 120.43339, 23.50908 ], [ 120.43344, 23.50916 ], [ 120.4335, 23.50925 ], [ 120.43355, 23.50931 ], [ 120.4336, 23.50939 ], [ 120.43364, 23.5095 ], [ 120.4337, 23.5096 ], [ 120.43374, 23.5097 ], [ 120.43377, 23.50981 ], [ 120.4338, 23.50989 ], [ 120.43382, 23.51 ], [ 120.43384, 23.51009 ], [ 120.43385, 23.51018 ], [ 120.43386, 23.51027 ], [ 120.43387, 23.51041 ], [ 120.43387, 23.51054 ], [ 120.43387, 23.51067 ], [ 120.43388, 23.51076 ], [ 120.43387, 23.51084 ], [ 120.43386, 23.51092 ], [ 120.43384, 23.51101 ], [ 120.43381, 23.51111 ], [ 120.43378, 23.5112 ], [ 120.43375, 23.5113 ], [ 120.43371, 23.51141 ], [ 120.43365, 23.51152 ], [ 120.4336, 23.51164 ], [ 120.43356, 23.51173 ], [ 120.4335, 23.51183 ], [ 120.43345, 23.51192 ], [ 120.43342, 23.51199 ], [ 120.43336, 23.5121 ], [ 120.43333, 23.51218 ], [ 120.4333, 23.51225 ], [ 120.43325, 23.51235 ], [ 120.43324, 23.51241 ], [ 120.43316, 23.51276 ], [ 120.43316, 23.51228 ], [ 120.43306, 23.51245 ], [ 120.433, 23.51252 ], [ 120.43293, 23.51267 ], [ 120.43287, 23.51281 ], [ 120.43277, 23.51301 ], [ 120.43272, 23.5131 ], [ 120.43265, 23.51328 ], [ 120.43257, 23.51344 ], [ 120.43254, 23.51357 ], [ 120.43252, 23.5137 ], [ 120.43257, 23.51382 ], [ 120.43274, 23.51396 ], [ 120.43291, 23.51406 ], [ 120.43306, 23.51413 ], [ 120.43316, 23.51418 ], [ 120.43316, 23.51423 ], [ 120.43337, 23.51428 ], [ 120.43353, 23.51434 ], [ 120.43358, 23.51445 ], [ 120.43361, 23.51459 ], [ 120.43366, 23.51471 ], [ 120.43415, 23.5145 ] ] ] ] } },
{ "type": "Feature", "properties": { "days": 38, "type": "high", "color_hint": "Reds" }, "geometry": { "type": "MultiPolygon", "coordinates": [ [ [ [ 120.43124, 23.50847 ], [ 120.43148, 23.50816 ], [ 120.43197, 23.50726 ], [ 120.43222, 23.50635 ], [ 120.43203, 23.50545 ], [ 120.43126, 23.50477 ], [ 120.4303, 23.50454 ], [ 120.43028, 23.50454 ], [ 120.43026, 23.50454 ], [ 120.4293, 23.50466 ], [ 120.42832, 23.50484 ], [ 120.42734, 23.50508 ], [ 120.42636, 23.5054 ], [ 120.42631, 23.50543 ], [ 120.42538, 23.50593 ], [ 120.42475, 23.5063 ], [ 120.42476, 23.5063 ], [ 120.42492, 23.50639 ], [ 120.42499, 23.50644 ], [ 120.42507, 23.50658 ], [ 120.42519, 23.50677 ], [ 120.42535, 23.50699 ], [ 120.42535, 23.50699 ], [ 120.42552, 23.50726 ], [ 120.42564, 23.50745 ], [ 120.42572, 23.50769 ], [ 120.42579, 23.50786 ], [ 120.42589, 23.50811 ], [ 120.42597, 23.50832 ], [ 120.42604, 23.50854 ], [ 120.42611, 23.50861 ], [ 120.42628, 23.50876 ], [ 120.42644, 23.50883 ], [ 120.42677, 23.50895 ], [ 120.4271, 23.50908 ], [ 120.42748, 23.50918 ], [ 120.42786, 23.50924 ], [ 120.42814, 23.50924 ], [ 120.42838, 23.5092 ], [ 120.42865, 23.50918 ], [ 120.42885, 23.50915 ], [ 120.42903, 23.50913 ], [ 120.42935, 23.50907 ], [ 120.42971, 23.50901 ], [ 120.43, 23.50898 ], [ 120.43043, 23.50893 ], [ 120.43097, 23.50884 ], [ 120.43124, 23.50847 ] ] ] ] } },
{ "type": "Feature", "properties": { "days": 39, "type": "high", "color_hint": "Reds" }, "geometry": { "type": "MultiPolygon", "coordinates": [ [ [ [ 120.43124, 23.50847 ], [ 120.43148, 23.50816 ], [ 120.43197, 23.50726 ], [ 120.43222, 23.50635 ], [ 120.43203, 23.50545 ], [ 120.43126, 23.50477 ], [ 120.4303, 23.50454 ], [ 120.43028, 23.50454 ], [ 120.43026, 23.50454 ], [ 120.4293, 23.50466 ], [ 120.42832, 23.50484 ], [ 120.42734, 23.50508 ], [ 120.42636, 23.5054 ], [ 120.42631, 23.50543 ], [ 120.42538, 23.50593 ], [ 120.42475, 23.5063 ], [ 120.42476, 23.5063 ], [ 120.42492, 23.50639 ], [ 120.42499, 23.50644 ], [ 120.42507, 23.50658 ], [ 120.42519, 23.50677 ], [ 120.42535, 23.50699 ], [ 120.42535, 23.50699 ], [ 120.42552, 23.50726 ], [ 120.42564, 23.50745 ], [ 120.42572, 23.50769 ], [ 120.42579, 23.50786 ], [ 120.42589, 23.50811 ], [ 120.42597, 23.50832 ], [ 120.42604, 23.50854 ], [ 120.42611, 23.50861 ], [ 120.42628, 23.50876 ], [ 120.42644, 23.50883 ], [ 120.42677, 23.50895 ], [ 120.4271, 23.50908 ], [ 120.42748, 23.50918 ], [ 120.42786, 23.50924 ], [ 120.42814, 23.50924 ], [ 120.42838, 23.5092 ], [ 120.42865, 23.50918 ], [ 120.42885, 23.50915 ], [ 120.42903, 23.50913 ], [ 120.42935, 23.50907 ], [ 120.42971, 23.50901 ], [ 120.43, 23.50898 ], [ 120.43043, 23.50893 ], [ 120.43097, 23.50884 ], [ 120.43124, 23.50847 ] ] ] ] } },
{ "type": "Feature", "properties": { "days": 39, "type": "high", "color_hint": "Reds" }, "geometry": { "type": "MultiPolygon", "coordinates": [ [ [ [ 120.46341, 23.49924 ], [ 120.46281, 23.50014 ], [ 120.4628, 23.50052 ], [ 120.46282, 23.50051 ], [ 120.46301, 23.50027 ], [ 120.46319, 23.50007 ], [ 120.46342, 23.49984 ], [ 120.46362, 23.49962 ], [ 120.46385, 23.49941 ], [ 120.46412, 23.49923 ], [ 120.46442, 23.49907 ], [ 120.46467, 23.499 ], [ 120.46496, 23.49891 ], [ 120.46522, 23.49884 ], [ 120.46549, 23.49874 ], [ 120.46568, 23.49874 ], [ 120.46572, 23.49874 ], [ 120.46589, 23.49881 ], [ 120.46611, 23.49888 ], [ 120.46624, 23.49888 ], [ 120.46651, 23.49883 ], [ 120.46679, 23.49882 ], [ 120.46714, 23.4988 ], [ 120.46747, 23.49878 ], [ 120.46778, 23.49886 ], [ 120.46803, 23.49896 ], [ 120.46805, 23.49896 ], [ 120.46836, 23.49908 ], [ 120.46861, 23.49915 ], [ 120.46893, 23.49929 ], [ 120.46924, 23.49943 ], [ 120.46948, 23.49959 ], [ 120.46972, 23.49977 ], [ 120.46996, 23.50002 ], [ 120.47012, 23.50022 ], [ 120.47018, 23.50038 ], [ 120.47023, 23.50051 ], [ 120.4703, 23.50077 ], [ 120.47033, 23.50107 ], [ 120.47037, 23.50132 ], [ 120.47047, 23.50162 ], [ 120.47058, 23.50206 ], [ 120.47058, 23.50222 ], [ 120.47065, 23.50278 ], [ 120.47065, 23.50294 ], [ 120.47067, 23.50318 ], [ 120.4707, 23.50345 ], [ 120.47076, 23.50367 ], [ 120.47082, 23.50382 ], [ 120.47094, 23.50396 ], [ 120.47112, 23.50415 ], [ 120.47134, 23.50434 ], [ 120.47156, 23.50452 ], [ 120.47181, 23.50468 ], [ 120.47207, 23.50487 ], [ 120.47207, 23.50488 ], [ 120.47219, 23.50469 ], [ 120.47238, 23.50432 ], [ 120.47263, 23.50379 ], [ 120.47291, 23.50288 ], [ 120.47304, 23.50198 ], [ 120.47297, 23.50108 ], [ 120.47268, 23.50017 ], [ 120.4724, 23.49972 ], [ 120.47208, 23.49927 ], [ 120.47143, 23.49866 ], [ 120.47104, 23.49836 ], [ 120.47045, 23.49799 ], [ 120.46947, 23.49759 ], [ 120.46874, 23.49745 ], [ 120.4685, 23.49741 ], [ 120.46752, 23.49741 ], [ 120.46727, 23.49745 ], [ 120.46654, 23.49757 ], [ 120.46556, 23.4979 ], [ 120.46461, 23.49834 ], [ 120.46458, 23.49836 ], [ 120.46359, 23.49909 ], [ 120.46341, 23.49924 ] ] ] ] } },
{ "type": "Feature", "properties": { "days": 37, "type": "high", "color_hint": "Reds" }, "geometry": { "type": "MultiPolygon", "coordinates": [ [ [ [ 120.44521, 23.51814 ], [ 120.44494, 23.51723 ], [ 120.44491, 23.51715 ], [ 120.44467, 23.51633 ], [ 120.44454, 23.51543 ], [ 120.44477, 23.51453 ], [ 120.44493, 23.51434 ], [ 120.44575, 23.51363 ], [ 120.44591, 23.51353 ], [ 120.44689, 23.51281 ], [ 120.44697, 23.51273 ], [ 120.44787, 23.51199 ], [ 120.44804, 23.51183 ], [ 120.44886, 23.51111 ], [ 120.44903, 23.51093 ], [ 120.44984, 23.51016 ], [ 120.44996, 23.51003 ], [ 120.45082, 23.50914 ], [ 120.45084, 23.50913 ], [ 120.45164, 23.50823 ], [ 120.45181, 23.50803 ], [ 120.45238, 23.50733 ], [ 120.45279, 23.5068 ], [ 120.45306, 23.50643 ], [ 120.45371, 23.50553 ], [ 120.45378, 23.50544 ], [ 120.45436, 23.50463 ], [ 120.45476, 23.50407 ], [ 120.45499, 23.50373 ], [ 120.4556, 23.50282 ], [ 120.45575, 23.50262 ], [ 120.45622, 23.50192 ], [ 120.45673, 23.50109 ], [ 120.45677, 23.50102 ], [ 120.45717, 23.50012 ], [ 120.45728, 23.49922 ], [ 120.45709, 23.49832 ], [ 120.45691, 23.49741 ], [ 120.45694, 23.49651 ], [ 120.45699, 23.49561 ], [ 120.45705, 23.4947 ], [ 120.45724, 23.4938 ], [ 120.45774, 23.49302 ], [ 120.45792, 23.4929 ], [ 120.45872, 23.49261 ], [ 120.4597, 23.4926 ], [ 120.46068, 23.49282 ], [ 120.46092, 23.49291 ], [ 120.46166, 23.49321 ], [ 120.46264, 23.49366 ], [ 120.46297, 23.49382 ], [ 120.46361, 23.49412 ], [ 120.46459, 23.49444 ], [ 120.46557, 23.49458 ], [ 120.46655, 23.49457 ], [ 120.46753, 23.49452 ], [ 120.46851, 23.49453 ], [ 120.46949, 23.49467 ], [ 120.46979, 23.49475 ], [ 120.47046, 23.49494 ], [ 120.47144, 23.49535 ], [ 120.47202, 23.49566 ], [ 120.47242, 23.49589 ], [ 120.47339, 23.49654 ], [ 120.47342, 23.49657 ], [ 120.47437, 23.4974 ], [ 120.47444, 23.49747 ], [ 120.47525, 23.49838 ], [ 120.47534, 23.49851 ], [ 120.47588, 23.49928 ], [ 120.47632, 23.50018 ], [ 120.47632, 23.50019 ], [ 120.47658, 23.50109 ], [ 120.47667, 23.50199 ], [ 120.47682, 23.5029 ], [ 120.47728, 23.5038 ], [ 120.47728, 23.5038 ], [ 120.47826, 23.50462 ], [ 120.47841, 23.50471 ], [ 120.47858, 23.50479 ], [ 120.47884, 23.50471 ], [ 120.47928, 23.50457 ], [ 120.47967, 23.50441 ], [ 120.48, 23.50434 ], [ 120.4803, 23.50431 ], [ 120.48072, 23.5043 ], [ 120.48099, 23.50434 ], [ 120.4813, 23.50439 ], [ 120.48159, 23.50449 ], [ 120.48185, 23.50462 ], [ 120.48208, 23.50478 ], [ 120.48234, 23.50492 ], [ 120.48241, 23.50497 ], [ 120.48258, 23.5051 ], [ 120.48315, 23.50487 ], [ 120.48333, 23.50478 ], [ 120.48332, 23.50472 ], [ 120.48333, 23.50462 ], [ 120.48338, 23.50443 ], [ 120.48343, 23.50432 ], [ 120.48349, 23.50427 ], [ 120.48358, 23.50422 ], [ 120.48376, 23.50413 ], [ 120.48391, 23.50407 ], [ 120.48397, 23.50397 ], [ 120.48404, 23.50385 ], [ 120.48406, 23.50372 ], [ 120.48405, 23.50358 ], [ 120.48405, 23.50345 ], [ 120.48401, 23.50331 ], [ 120.48396, 23.50314 ], [ 120.48399, 23.50303 ], [ 120.48411, 23.50289 ], [ 120.48414, 23.50286 ], [ 120.48395, 23.50292 ], [ 120.48316, 23.50319 ], [ 120.48218, 23.50337 ], [ 120.4812, 23.50331 ], [ 120.48025, 23.50291 ], [ 120.48022, 23.5029 ], [ 120.47925, 23.50207 ], [ 120.47918, 23.502 ], [ 120.47851, 23.5011 ], [ 120.47827, 23.50063 ], [ 120.47811, 23.50019 ], [ 120.47759, 23.49929 ], [ 120.4773, 23.4989 ], [ 120.47694, 23.49838 ], [ 120.47633, 23.49765 ], [ 120.47619, 23.49748 ], [ 120.47535, 23.4966 ], [ 120.47532, 23.49657 ], [ 120.47438, 23.49575 ], [ 120.47427, 23.49566 ], [ 120.4734, 23.49509 ], [ 120.47284, 23.49476 ], [ 120.47242, 23.49453 ], [ 120.47145, 23.49406 ], [ 120.47092, 23.49385 ], [ 120.47047, 23.49368 ], [ 120.46949, 23.49341 ], [ 120.46851, 23.49326 ], [ 120.46753, 23.49317 ], [ 120.46655, 23.49298 ], [ 120.46639, 23.49293 ], [ 120.46558, 23.49263 ], [ 120.4646, 23.49216 ], [ 120.46432, 23.49202 ], [ 120.46362, 23.49168 ], [ 120.46265, 23.49118 ], [ 120.46251, 23.49111 ], [ 120.46167, 23.49072 ], [ 120.46069, 23.49028 ], [ 120.4605, 23.4902 ], [ 120.45971, 23.4899 ], [ 120.45874, 23.48965 ], [ 120.45776, 23.48948 ], [ 120.45678, 23.48942 ], [ 120.4558, 23.48952 ], [ 120.45482, 23.48981 ], [ 120.45409, 23.49018 ], [ 120.45384, 23.49041 ], [ 120.45333, 23.49108 ], [ 120.45307, 23.49198 ], [ 120.45288, 23.49288 ], [ 120.45285, 23.49379 ], [ 120.45306, 23.49469 ], [ 120.45336, 23.49559 ], [ 120.45374, 23.4965 ], [ 120.45381, 23.49665 ], [ 120.45415, 23.4974 ], [ 120.4545, 23.49831 ], [ 120.45467, 23.49921 ], [ 120.45452, 23.50011 ], [ 120.45408, 23.50101 ], [ 120.45379, 23.50145 ], [ 120.45345, 23.50191 ], [ 120.45281, 23.50269 ], [ 120.45269, 23.50281 ], [ 120.45183, 23.50371 ], [ 120.45182, 23.50372 ], [ 120.45084, 23.50461 ], [ 120.45084, 23.50461 ], [ 120.44986, 23.5053 ], [ 120.44934, 23.50551 ], [ 120.44888, 23.50571 ], [ 120.4479, 23.50582 ], [ 120.44692, 23.50565 ], [ 120.44658, 23.5055 ], [ 120.44594, 23.50519 ], [ 120.44529, 23.50459 ], [ 120.44498, 23.50369 ], [ 120.44498, 23.50279 ], [ 120.44497, 23.50273 ], [ 120.44494, 23.50188 ], [ 120.44467, 23.50098 ], [ 120.44407, 23.50008 ], [ 120.44401, 23.50002 ], [ 120.44306, 23.49917 ], [ 120.44303, 23.49915 ], [ 120.44206, 23.49855 ], [ 120.44152, 23.49826 ], [ 120.44108, 23.49806 ], [ 120.4401, 23.49773 ], [ 120.43912, 23.49754 ], [ 120.43814, 23.49743 ], [ 120.43716, 23.49738 ], [ 120.43619, 23.4974 ], [ 120.43521, 23.49746 ], [ 120.43423, 23.49753 ], [ 120.43325, 23.49758 ], [ 120.43227, 23.49753 ], [ 120.43129, 23.49744 ], [ 120.43031, 23.49743 ], [ 120.42933, 23.49759 ], [ 120.42835, 23.49779 ], [ 120.42737, 23.49818 ], [ 120.42733, 23.49821 ], [ 120.4266, 23.49911 ], [ 120.42639, 23.49934 ], [ 120.42585, 23.50001 ], [ 120.4254, 23.50044 ], [ 120.42495, 23.50091 ], [ 120.42442, 23.50136 ], [ 120.42392, 23.50181 ], [ 120.42344, 23.5022 ], [ 120.42282, 23.50271 ], [ 120.42245, 23.50301 ], [ 120.42172, 23.50361 ], [ 120.42147, 23.50381 ], [ 120.4206, 23.5045 ], [ 120.42049, 23.50459 ], [ 120.41951, 23.50533 ], [ 120.41942, 23.5054 ], [ 120.41906, 23.50568 ], [ 120.41916, 23.50569 ], [ 120.41955, 23.50574 ], [ 120.4199, 23.50582 ], [ 120.42021, 23.50589 ], [ 120.42063, 23.50599 ], [ 120.42097, 23.50606 ], [ 120.4212, 23.50608 ], [ 120.42142, 23.50609 ], [ 120.42185, 23.50605 ], [ 120.42226, 23.50601 ], [ 120.42261, 23.50601 ], [ 120.42281, 23.50606 ], [ 120.42288, 23.50612 ], [ 120.42298, 23.50624 ], [ 120.42305, 23.5063 ], [ 120.42313, 23.50629 ], [ 120.42328, 23.50627 ], [ 120.42349, 23.50625 ], [ 120.42375, 23.50621 ], [ 120.42405, 23.5062 ], [ 120.42427, 23.5062 ], [ 120.42451, 23.50622 ], [ 120.42476, 23.5063 ], [ 120.42492, 23.50639 ], [ 120.42499, 23.50644 ], [ 120.42507, 23.50658 ], [ 120.42519, 23.50677 ], [ 120.42535, 23.50699 ], [ 120.42535, 23.50699 ], [ 120.42552, 23.50726 ], [ 120.42564, 23.50745 ], [ 120.42572, 23.50769 ], [ 120.42579, 23.50786 ], [ 120.42589, 23.50811 ], [ 120.42597, 23.50832 ], [ 120.42604, 23.50854 ], [ 120.42611, 23.50861 ], [ 120.42628, 23.50876 ], [ 120.42644, 23.50883 ], [ 120.42677, 23.50895 ], [ 120.4271, 23.50908 ], [ 120.42748, 23.50918 ], [ 120.42786, 23.50924 ], [ 120.42814, 23.50924 ], [ 120.42838, 23.5092 ], [ 120.42865, 23.50918 ], [ 120.42885, 23.50915 ], [ 120.42903, 23.50913 ], [ 120.42935, 23.50907 ], [ 120.42971, 23.50901 ], [ 120.43, 23.50898 ], [ 120.43043, 23.50893 ], [ 120.43152, 23.50874 ], [ 120.43187, 23.50872 ], [ 120.43222, 23.50871 ], [ 120.43253, 23.50875 ], [ 120.43276, 23.5088 ], [ 120.43306, 23.50887 ], [ 120.43318, 23.5089 ], [ 120.43318, 23.50892 ], [ 120.43328, 23.509 ], [ 120.43335, 23.50903 ], [ 120.43339, 23.50908 ], [ 120.43344, 23.50916 ], [ 120.4335, 23.50925 ], [ 120.43355, 23.50931 ], [ 120.4336, 23.50939 ], [ 120.43364, 23.5095 ], [ 120.4337, 23.5096 ], [ 120.43374, 23.5097 ], [ 120.43377, 23.50981 ], [ 120.4338, 23.50989 ], [ 120.43382, 23.51 ], [ 120.43384, 23.51009 ], [ 120.43385, 23.51018 ], [ 120.43386, 23.51027 ], [ 120.43387, 23.51041 ], [ 120.43387, 23.51054 ], [ 120.43387, 23.51067 ], [ 120.43388, 23.51076 ], [ 120.43387, 23.51084 ], [ 120.43386, 23.51092 ], [ 120.43384, 23.51101 ], [ 120.43381, 23.51111 ], [ 120.43378, 23.5112 ], [ 120.43375, 23.5113 ], [ 120.43371, 23.51141 ], [ 120.43365, 23.51152 ], [ 120.4336, 23.51164 ], [ 120.43356, 23.51173 ], [ 120.4335, 23.51183 ], [ 120.43345, 23.51192 ], [ 120.43342, 23.51199 ], [ 120.43336, 23.5121 ], [ 120.43333, 23.51218 ], [ 120.4333, 23.51225 ], [ 120.43325, 23.51235 ], [ 120.43324, 23.51241 ], [ 120.43316, 23.51276 ], [ 120.43316, 23.51228 ], [ 120.43306, 23.51245 ], [ 120.433, 23.51252 ], [ 120.43293, 23.51267 ], [ 120.43287, 23.51281 ], [ 120.43277, 23.51301 ], [ 120.43272, 23.5131 ], [ 120.43265, 23.51328 ], [ 120.43257, 23.51344 ], [ 120.43254, 23.51357 ], [ 120.43252, 23.5137 ], [ 120.43257, 23.51382 ], [ 120.43274, 23.51396 ], [ 120.43291, 23.51406 ], [ 120.43306, 23.51413 ], [ 120.43316, 23.51418 ], [ 120.43316, 23.51423 ], [ 120.43337, 23.51428 ], [ 120.43353, 23.51434 ], [ 120.43358, 23.51445 ], [ 120.43361, 23.51459 ], [ 120.43371, 23.51486 ], [ 120.43384, 23.51517 ], [ 120.43385, 23.51535 ], [ 120.43385, 23.51557 ], [ 120.43389, 23.51572 ], [ 120.43398, 23.5159 ], [ 120.43402, 23.51602 ], [ 120.43402, 23.51615 ], [ 120.43397, 23.51622 ], [ 120.43391, 23.51629 ], [ 120.43377, 23.51636 ], [ 120.43362, 23.51641 ], [ 120.43346, 23.5165 ], [ 120.43342, 23.51657 ], [ 120.43341, 23.51671 ], [ 120.43346, 23.51689 ], [ 120.43353, 23.51705 ], [ 120.43361, 23.51717 ], [ 120.43377, 23.51722 ], [ 120.43397, 23.51725 ], [ 120.43426, 23.51727 ], [ 120.43465, 23.51728 ], [ 120.43504, 23.51727 ], [ 120.43522, 23.51715 ], [ 120.43544, 23.51701 ], [ 120.43584, 23.51677 ], [ 120.43613, 23.51654 ], [ 120.4364, 23.5163 ], [ 120.43663, 23.51603 ], [ 120.43684, 23.51575 ], [ 120.43697, 23.51557 ], [ 120.43724, 23.51528 ], [ 120.43736, 23.51515 ], [ 120.43742, 23.51497 ], [ 120.43747, 23.51482 ], [ 120.43746, 23.51468 ], [ 120.43745, 23.51457 ], [ 120.43737, 23.51442 ], [ 120.43728, 23.51433 ], [ 120.43717, 23.51423 ], [ 120.43713, 23.51413 ], [ 120.43714, 23.51404 ], [ 120.43718, 23.51397 ], [ 120.4373, 23.51385 ], [ 120.43749, 23.5137 ], [ 120.43783, 23.51335 ], [ 120.43823, 23.51294 ], [ 120.43853, 23.51263 ], [ 120.4388, 23.51241 ], [ 120.43905, 23.51224 ], [ 120.43926, 23.51218 ], [ 120.43961, 23.51216 ], [ 120.43992, 23.51212 ], [ 120.44024, 23.51201 ], [ 120.4405, 23.51194 ], [ 120.44061, 23.51193 ], [ 120.44088, 23.512 ], [ 120.44099, 23.51206 ], [ 120.44117, 23.51217 ], [ 120.44135, 23.51229 ], [ 120.44152, 23.51245 ], [ 120.44163, 23.51258 ], [ 120.44179, 23.51274 ], [ 120.44191, 23.51284 ], [ 120.44204, 23.51298 ], [ 120.44212, 23.51317 ], [ 120.44214, 23.51332 ], [ 120.44213, 23.5135 ], [ 120.4421, 23.51366 ], [ 120.44201, 23.51389 ], [ 120.44189, 23.51419 ], [ 120.4418, 23.51449 ], [ 120.44174, 23.51472 ], [ 120.44173, 23.51482 ], [ 120.44169, 23.51498 ], [ 120.44161, 23.5152 ], [ 120.44148, 23.51554 ], [ 120.44137, 23.51581 ], [ 120.44127, 23.51613 ], [ 120.44123, 23.51633 ], [ 120.44115, 23.51657 ], [ 120.44107, 23.51676 ], [ 120.44098, 23.51698 ], [ 120.44084, 23.51745 ], [ 120.44074, 23.51772 ], [ 120.44065, 23.51798 ], [ 120.44061, 23.51818 ], [ 120.44062, 23.5183 ], [ 120.44068, 23.51833 ], [ 120.44074, 23.51831 ], [ 120.44092, 23.5183 ], [ 120.44123, 23.51824 ], [ 120.44165, 23.51817 ], [ 120.442, 23.51813 ], [ 120.4423, 23.51809 ], [ 120.4425, 23.51808 ], [ 120.44274, 23.51798 ], [ 120.44304, 23.51781 ], [ 120.44339, 23.51763 ], [ 120.44382, 23.51743 ], [ 120.44424, 23.5173 ], [ 120.44439, 23.51728 ], [ 120.44448, 23.51733 ], [ 120.44458, 23.51743 ], [ 120.44474, 23.51761 ], [ 120.44488, 23.51779 ], [ 120.44506, 23.51799 ], [ 120.44517, 23.51815 ], [ 120.44522, 23.51818 ], [ 120.44521, 23.51814 ] ] ] ] } },
{ "type": "Feature", "properties": { "days": 38, "type": "high", "color_hint": "Reds" }, "geometry": { "type": "MultiPolygon", "coordinates": [ [ [ [ 120.44454, 23.51543 ], [ 120.44467, 23.51633 ], [ 120.44491, 23.51715 ], [ 120.44494, 23.51723 ], [ 120.44521, 23.51814 ], [ 120.44522, 23.51818 ], [ 120.44529, 23.51822 ], [ 120.44544, 23.51824 ], [ 120.44565, 23.51824 ], [ 120.44597, 23.51818 ], [ 120.4462, 23.51817 ], [ 120.4463, 23.5182 ], [ 120.44643, 23.51829 ], [ 120.44659, 23.51839 ], [ 120.44676, 23.51843 ], [ 120.4469, 23.5184 ], [ 120.44712, 23.51832 ], [ 120.44722, 23.5183 ], [ 120.44736, 23.51829 ], [ 120.44758, 23.51819 ], [ 120.44767, 23.51817 ], [ 120.44777, 23.5182 ], [ 120.44795, 23.51821 ], [ 120.44804, 23.51819 ], [ 120.44811, 23.51812 ], [ 120.44822, 23.51797 ], [ 120.44837, 23.5177 ], [ 120.4485, 23.51758 ], [ 120.44862, 23.51751 ], [ 120.44878, 23.51749 ], [ 120.44891, 23.51745 ], [ 120.44898, 23.5174 ], [ 120.44923, 23.51717 ], [ 120.4494, 23.51711 ], [ 120.44956, 23.51708 ], [ 120.44986, 23.51708 ], [ 120.45003, 23.51705 ], [ 120.45038, 23.51694 ], [ 120.45077, 23.51682 ], [ 120.45101, 23.51686 ], [ 120.45113, 23.51685 ], [ 120.45127, 23.5168 ], [ 120.45131, 23.51678 ], [ 120.45147, 23.51636 ], [ 120.45178, 23.51563 ], [ 120.45184, 23.51545 ], [ 120.45221, 23.51455 ], [ 120.4526, 23.51365 ], [ 120.45276, 23.5133 ], [ 120.45301, 23.51275 ], [ 120.45345, 23.51185 ], [ 120.45375, 23.51128 ], [ 120.45393, 23.51095 ], [ 120.45445, 23.51004 ], [ 120.45474, 23.5096 ], [ 120.45502, 23.50914 ], [ 120.4556, 23.50824 ], [ 120.45572, 23.50805 ], [ 120.45617, 23.50734 ], [ 120.45671, 23.50648 ], [ 120.45673, 23.50644 ], [ 120.45728, 23.50554 ], [ 120.4577, 23.50481 ], [ 120.4578, 23.50464 ], [ 120.4583, 23.50374 ], [ 120.45868, 23.503 ], [ 120.45878, 23.50284 ], [ 120.45923, 23.50193 ], [ 120.45961, 23.50103 ], [ 120.45967, 23.50088 ], [ 120.45995, 23.50013 ], [ 120.46032, 23.49923 ], [ 120.46066, 23.49855 ], [ 120.46083, 23.49833 ], [ 120.46164, 23.49769 ], [ 120.46214, 23.49743 ], [ 120.46262, 23.49725 ], [ 120.4636, 23.49687 ], [ 120.46458, 23.49656 ], [ 120.46464, 23.49654 ], [ 120.46556, 23.49626 ], [ 120.46654, 23.49604 ], [ 120.46752, 23.4959 ], [ 120.4685, 23.49589 ], [ 120.46948, 23.49603 ], [ 120.47046, 23.49633 ], [ 120.47094, 23.49656 ], [ 120.47143, 23.49682 ], [ 120.4724, 23.49746 ], [ 120.47241, 23.49747 ], [ 120.47339, 23.49835 ], [ 120.47341, 23.49837 ], [ 120.47412, 23.49928 ], [ 120.47436, 23.49974 ], [ 120.47458, 23.50018 ], [ 120.47481, 23.50108 ], [ 120.47485, 23.50199 ], [ 120.47473, 23.50289 ], [ 120.47449, 23.50379 ], [ 120.47434, 23.50428 ], [ 120.47421, 23.50469 ], [ 120.47395, 23.5056 ], [ 120.47367, 23.5065 ], [ 120.47356, 23.50687 ], [ 120.47363, 23.50689 ], [ 120.47377, 23.50689 ], [ 120.47405, 23.5069 ], [ 120.47438, 23.50687 ], [ 120.47475, 23.50682 ], [ 120.475, 23.50671 ], [ 120.47535, 23.50658 ], [ 120.47552, 23.50649 ], [ 120.47581, 23.50631 ], [ 120.47611, 23.50616 ], [ 120.47641, 23.50599 ], [ 120.47656, 23.50586 ], [ 120.47678, 23.50568 ], [ 120.47705, 23.5055 ], [ 120.4773, 23.50539 ], [ 120.47761, 23.50527 ], [ 120.47788, 23.50503 ], [ 120.47814, 23.5049 ], [ 120.47845, 23.50482 ], [ 120.47858, 23.50479 ], [ 120.47841, 23.50471 ], [ 120.47826, 23.50462 ], [ 120.47728, 23.5038 ], [ 120.47728, 23.5038 ], [ 120.47682, 23.5029 ], [ 120.47667, 23.50199 ], [ 120.47658, 23.50109 ], [ 120.47632, 23.50019 ], [ 120.47632, 23.50018 ], [ 120.47588, 23.49928 ], [ 120.47534, 23.49851 ], [ 120.47525, 23.49838 ], [ 120.47444, 23.49747 ], [ 120.47437, 23.4974 ], [ 120.47342, 23.49657 ], [ 120.47339, 23.49654 ], [ 120.47242, 23.49589 ], [ 120.47202, 23.49566 ], [ 120.47144, 23.49535 ], [ 120.47046, 23.49494 ], [ 120.46979, 23.49475 ], [ 120.46949, 23.49467 ], [ 120.46851, 23.49453 ], [ 120.46753, 23.49452 ], [ 120.46655, 23.49457 ], [ 120.46557, 23.49458 ], [ 120.46459, 23.49444 ], [ 120.46361, 23.49412 ], [ 120.46297, 23.49382 ], [ 120.46264, 23.49366 ], [ 120.46166, 23.49321 ], [ 120.46092, 23.49291 ], [ 120.46068, 23.49282 ], [ 120.4597, 23.4926 ], [ 120.45872, 23.49261 ], [ 120.45792, 23.4929 ], [ 120.45774, 23.49302 ], [ 120.45724, 23.4938 ], [ 120.45705, 23.4947 ], [ 120.45699, 23.49561 ], [ 120.45694, 23.49651 ], [ 120.45691, 23.49741 ], [ 120.45709, 23.49832 ], [ 120.45728, 23.49922 ], [ 120.45717, 23.50012 ], [ 120.45677, 23.50102 ], [ 120.45673, 23.50109 ], [ 120.45622, 23.50192 ], [ 120.45575, 23.50262 ], [ 120.4556, 23.50282 ], [ 120.45499, 23.50373 ], [ 120.45476, 23.50407 ], [ 120.45436, 23.50463 ], [ 120.45378, 23.50544 ], [ 120.45371, 23.50553 ], [ 120.45306, 23.50643 ], [ 120.45279, 23.5068 ], [ 120.45238, 23.50733 ], [ 120.45181, 23.50803 ], [ 120.45164, 23.50823 ], [ 120.45084, 23.50913 ], [ 120.45082, 23.50914 ], [ 120.44996, 23.51003 ], [ 120.44984, 23.51016 ], [ 120.44903, 23.51093 ], [ 120.44886, 23.51111 ], [ 120.44804, 23.51183 ], [ 120.44787, 23.51199 ], [ 120.44697, 23.51273 ], [ 120.44689, 23.51281 ], [ 120.44591, 23.51353 ], [ 120.44575, 23.51363 ], [ 120.44493, 23.51434 ], [ 120.44477, 23.51453 ], [ 120.44454, 23.51543 ] ] ], [ [ [ 120.48315, 23.50487 ], [ 120.48258, 23.5051 ], [ 120.48259, 23.5051 ], [ 120.48284, 23.50523 ], [ 120.48306, 23.50532 ], [ 120.48315, 23.50536 ], [ 120.48328, 23.50522 ], [ 120.48334, 23.50512 ], [ 120.48337, 23.50504 ], [ 120.48336, 23.50494 ], [ 120.48334, 23.50483 ], [ 120.48333, 23.50478 ], [ 120.48315, 23.50487 ] ] ] ] } },
{ "type": "Feature", "properties": { "days": 39, "type": "high", "color_hint": "Reds" }, "geometry": { "type": "MultiPolygon", "coordinates": [ [ [ [ 120.47367, 23.5065 ], [ 120.47395, 23.5056 ], [ 120.47421, 23.50469 ], [ 120.47434, 23.50428 ], [ 120.47449, 23.50379 ], [ 120.47473, 23.50289 ], [ 120.47485, 23.50199 ], [ 120.47481, 23.50108 ], [ 120.47458, 23.50018 ], [ 120.47436, 23.49974 ], [ 120.47412, 23.49928 ], [ 120.47341, 23.49837 ], [ 120.47339, 23.49835 ], [ 120.47241, 23.49747 ], [ 120.4724, 23.49746 ], [ 120.47143, 23.49682 ], [ 120.47094, 23.49656 ], [ 120.47046, 23.49633 ], [ 120.46948, 23.49603 ], [ 120.4685, 23.49589 ], [ 120.46752, 23.4959 ], [ 120.46654, 23.49604 ], [ 120.46556, 23.49626 ], [ 120.46464, 23.49654 ], [ 120.46458, 23.49656 ], [ 120.4636, 23.49687 ], [ 120.46262, 23.49725 ], [ 120.46214, 23.49743 ], [ 120.46164, 23.49769 ], [ 120.46083, 23.49833 ], [ 120.46066, 23.49855 ], [ 120.46032, 23.49923 ], [ 120.45995, 23.50013 ], [ 120.45967, 23.50088 ], [ 120.45961, 23.50103 ], [ 120.45923, 23.50193 ], [ 120.45878, 23.50284 ], [ 120.45868, 23.503 ], [ 120.4583, 23.50374 ], [ 120.4578, 23.50464 ], [ 120.4577, 23.50481 ], [ 120.45728, 23.50554 ], [ 120.45673, 23.50644 ], [ 120.45671, 23.50648 ], [ 120.45617, 23.50734 ], [ 120.45572, 23.50805 ], [ 120.4556, 23.50824 ], [ 120.45502, 23.50914 ], [ 120.45474, 23.5096 ], [ 120.45445, 23.51004 ], [ 120.45393, 23.51095 ], [ 120.45375, 23.51128 ], [ 120.45345, 23.51185 ], [ 120.45301, 23.51275 ], [ 120.45276, 23.5133 ], [ 120.4526, 23.51365 ], [ 120.45221, 23.51455 ], [ 120.45184, 23.51545 ], [ 120.45178, 23.51563 ], [ 120.45147, 23.51636 ], [ 120.45131, 23.51678 ], [ 120.45149, 23.51669 ], [ 120.4519, 23.51651 ], [ 120.45232, 23.51635 ], [ 120.45243, 23.51628 ], [ 120.45263, 23.51612 ], [ 120.45276, 23.51606 ], [ 120.45314, 23.51593 ], [ 120.45327, 23.51588 ], [ 120.45354, 23.51588 ], [ 120.45407, 23.51589 ], [ 120.45485, 23.51586 ], [ 120.45505, 23.51586 ], [ 120.45539, 23.51589 ], [ 120.45579, 23.5159 ], [ 120.45599, 23.51592 ], [ 120.45614, 23.51597 ], [ 120.45632, 23.51601 ], [ 120.45642, 23.51601 ], [ 120.45666, 23.51593 ], [ 120.45698, 23.5158 ], [ 120.45711, 23.51568 ], [ 120.45729, 23.51541 ], [ 120.45737, 23.51529 ], [ 120.45741, 23.515 ], [ 120.45742, 23.51473 ], [ 120.45742, 23.51465 ], [ 120.45735, 23.51434 ], [ 120.45734, 23.51416 ], [ 120.4574, 23.51374 ], [ 120.45738, 23.51364 ], [ 120.4573, 23.51353 ], [ 120.45713, 23.51334 ], [ 120.45709, 23.51325 ], [ 120.45679, 23.51317 ], [ 120.45657, 23.51316 ], [ 120.45644, 23.51313 ], [ 120.45636, 23.51306 ], [ 120.45628, 23.51295 ], [ 120.45622, 23.51284 ], [ 120.4562, 23.51243 ], [ 120.45619, 23.51215 ], [ 120.45622, 23.51203 ], [ 120.4563, 23.51177 ], [ 120.45661, 23.51115 ], [ 120.45693, 23.51044 ], [ 120.45726, 23.50986 ], [ 120.45741, 23.50954 ], [ 120.45754, 23.50937 ], [ 120.45763, 23.50913 ], [ 120.45777, 23.50892 ], [ 120.45785, 23.50887 ], [ 120.45806, 23.50882 ], [ 120.45807, 23.50881 ], [ 120.45807, 23.50866 ], [ 120.45823, 23.50862 ], [ 120.45849, 23.50847 ], [ 120.45874, 23.50832 ], [ 120.45894, 23.50819 ], [ 120.45918, 23.50803 ], [ 120.45953, 23.50771 ], [ 120.45984, 23.50734 ], [ 120.46007, 23.50704 ], [ 120.46039, 23.50659 ], [ 120.46062, 23.50622 ], [ 120.46075, 23.50594 ], [ 120.46096, 23.50557 ], [ 120.46115, 23.50527 ], [ 120.46132, 23.50497 ], [ 120.46149, 23.50469 ], [ 120.46159, 23.50449 ], [ 120.46166, 23.50435 ], [ 120.46171, 23.50415 ], [ 120.46182, 23.50388 ], [ 120.46197, 23.50353 ], [ 120.46206, 23.50327 ], [ 120.4621, 23.50308 ], [ 120.46212, 23.5029 ], [ 120.46212, 23.50272 ], [ 120.4621, 23.50257 ], [ 120.46209, 23.50237 ], [ 120.46205, 23.50207 ], [ 120.46209, 23.50181 ], [ 120.46217, 23.50154 ], [ 120.46232, 23.50124 ], [ 120.46244, 23.50102 ], [ 120.46262, 23.50074 ], [ 120.46282, 23.50051 ], [ 120.46301, 23.50027 ], [ 120.46319, 23.50007 ], [ 120.46342, 23.49984 ], [ 120.46362, 23.49962 ], [ 120.46385, 23.49941 ], [ 120.46412, 23.49923 ], [ 120.46442, 23.49907 ], [ 120.46467, 23.499 ], [ 120.46496, 23.49891 ], [ 120.46522, 23.49884 ], [ 120.46549, 23.49874 ], [ 120.46568, 23.49874 ], [ 120.46572, 23.49874 ], [ 120.46589, 23.49881 ], [ 120.46611, 23.49888 ], [ 120.46624, 23.49888 ], [ 120.46651, 23.49883 ], [ 120.46679, 23.49882 ], [ 120.46714, 23.4988 ], [ 120.46747, 23.49878 ], [ 120.46778, 23.49886 ], [ 120.46803, 23.49896 ], [ 120.46805, 23.49896 ], [ 120.46836, 23.49908 ], [ 120.46861, 23.49915 ], [ 120.46893, 23.49929 ], [ 120.46924, 23.49943 ], [ 120.46948, 23.49959 ], [ 120.46972, 23.49977 ], [ 120.46996, 23.50002 ], [ 120.47012, 23.50022 ], [ 120.47018, 23.50038 ], [ 120.47023, 23.50051 ], [ 120.4703, 23.50077 ], [ 120.47033, 23.50107 ], [ 120.47037, 23.50132 ], [ 120.47047, 23.50162 ], [ 120.47058, 23.50206 ], [ 120.47058, 23.50222 ], [ 120.47065, 23.50278 ], [ 120.47065, 23.50294 ], [ 120.47067, 23.50318 ], [ 120.4707, 23.50345 ], [ 120.47076, 23.50367 ], [ 120.47082, 23.50382 ], [ 120.47094, 23.50396 ], [ 120.47112, 23.50415 ], [ 120.47134, 23.50434 ], [ 120.47156, 23.50452 ], [ 120.47181, 23.50468 ], [ 120.47207, 23.50487 ], [ 120.47231, 23.50506 ], [ 120.47258, 23.5052 ], [ 120.47273, 23.5054 ], [ 120.47279, 23.50555 ], [ 120.47282, 23.50574 ], [ 120.47285, 23.50595 ], [ 120.47295, 23.50609 ], [ 120.47311, 23.50634 ], [ 120.47326, 23.50659 ], [ 120.4735, 23.50685 ], [ 120.47356, 23.50687 ], [ 120.47367, 23.5065 ] ] ] ] } }
]
}
