{
"type": "FeatureCollection",
"name": "SSP585_Short_21_40_low",
"crs": { "type": "name", "properties": { "name": "urn:ogc:def:crs:OGC:1.3:CRS84" } },
"xy_coordinate_resolution": 1e-05,
"features": [
{ "type": "Feature", "properties": { "days": 61, "type": "low", "color_hint": "Blues" }, "geometry": { "type": "MultiPolygon", "coordinates": [ [ [ [ 120.48825, 23.45356 ], [ 120.48903, 23.45327 ], [ 120.48923, 23.4532 ], [ 120.49021, 23.45301 ], [ 120.49118, 23.45302 ], [ 120.49216, 23.45314 ], [ 120.49314, 23.45316 ], [ 120.49412, 23.45306 ], [ 120.4951, 23.45294 ], [ 120.49523, 23.45291 ], [ 120.49523, 23.4529 ], [ 120.49518, 23.45287 ], [ 120.49507, 23.45282 ], [ 120.49491, 23.45278 ], [ 120.49451, 23.45275 ], [ 120.49424, 23.45273 ], [ 120.49381, 23.45269 ], [ 120.49325, 23.4526 ], [ 120.49298, 23.45257 ], [ 120.4926, 23.45249 ], [ 120.49201, 23.45238 ], [ 120.49146, 23.45227 ], [ 120.49093, 23.45216 ], [ 120.49069, 23.45213 ], [ 120.49033, 23.45212 ], [ 120.49013, 23.45211 ], [ 120.49001, 23.45213 ], [ 120.48983, 23.45216 ], [ 120.48961, 23.45225 ], [ 120.4894, 23.45235 ], [ 120.48924, 23.45247 ], [ 120.48914, 23.45259 ], [ 120.48894, 23.45274 ], [ 120.48881, 23.45283 ], [ 120.48862, 23.45298 ], [ 120.48835, 23.45323 ], [ 120.48805, 23.45347 ], [ 120.48764, 23.45383 ], [ 120.48825, 23.45356 ] ] ] ] } },
{ "type": "Feature", "properties": { "days": 62, "type": "low", "color_hint": "Blues" }, "geometry": { "type": "MultiPolygon", "coordinates": [ [ [ [ 120.48122, 23.45957 ], [ 120.48137, 23.45951 ], [ 120.48235, 23.45912 ], [ 120.48331, 23.45867 ], [ 120.48333, 23.45866 ], [ 120.48431, 23.45822 ], [ 120.48521, 23.45778 ], [ 120.48529, 23.45774 ], [ 120.48627, 23.45728 ], [ 120.48714, 23.45688 ], [ 120.48725, 23.45683 ], [ 120.48824, 23.45643 ], [ 120.48922, 23.45613 ], [ 120.49019, 23.456 ], [ 120.49117, 23.45604 ], [ 120.49215, 23.45623 ], [ 120.49313, 23.45653 ], [ 120.49411, 23.45688 ], [ 120.49417, 23.4569 ], [ 120.49508, 23.45728 ], [ 120.49606, 23.45772 ], [ 120.49627, 23.45781 ], [ 120.49704, 23.45819 ], [ 120.49801, 23.45871 ], [ 120.49804, 23.45872 ], [ 120.49899, 23.45925 ], [ 120.49923, 23.4594 ], [ 120.49914, 23.45925 ], [ 120.49896, 23.45894 ], [ 120.49888, 23.45882 ], [ 120.49878, 23.45868 ], [ 120.49866, 23.45854 ], [ 120.49852, 23.45841 ], [ 120.49839, 23.45833 ], [ 120.49817, 23.45821 ], [ 120.49801, 23.45812 ], [ 120.49786, 23.45806 ], [ 120.49771, 23.45798 ], [ 120.49761, 23.45792 ], [ 120.49753, 23.45787 ], [ 120.49748, 23.45779 ], [ 120.49743, 23.4577 ], [ 120.49738, 23.45759 ], [ 120.49736, 23.45751 ], [ 120.49733, 23.45741 ], [ 120.4973, 23.45733 ], [ 120.49725, 23.45721 ], [ 120.49717, 23.45705 ], [ 120.49714, 23.45695 ], [ 120.49709, 23.45687 ], [ 120.49704, 23.45674 ], [ 120.49698, 23.4565 ], [ 120.49693, 23.45634 ], [ 120.4969, 23.45625 ], [ 120.49689, 23.45612 ], [ 120.49692, 23.45595 ], [ 120.49697, 23.45574 ], [ 120.49702, 23.45558 ], [ 120.49704, 23.45548 ], [ 120.49706, 23.4554 ], [ 120.49706, 23.45534 ], [ 120.49702, 23.45524 ], [ 120.49697, 23.45518 ], [ 120.49679, 23.4551 ], [ 120.49659, 23.45502 ], [ 120.49651, 23.45496 ], [ 120.49642, 23.45492 ], [ 120.49633, 23.45485 ], [ 120.49622, 23.45475 ], [ 120.49614, 23.45467 ], [ 120.49605, 23.45455 ], [ 120.49583, 23.45424 ], [ 120.49569, 23.45408 ], [ 120.49548, 23.45376 ], [ 120.49538, 23.45359 ], [ 120.49534, 23.45346 ], [ 120.4953, 23.45335 ], [ 120.49527, 23.45321 ], [ 120.49526, 23.45305 ], [ 120.49525, 23.45295 ], [ 120.49523, 23.45291 ], [ 120.4951, 23.45294 ], [ 120.49412, 23.45306 ], [ 120.49314, 23.45316 ], [ 120.49216, 23.45314 ], [ 120.49118, 23.45302 ], [ 120.49021, 23.45301 ], [ 120.48923, 23.4532 ], [ 120.48903, 23.45327 ], [ 120.48825, 23.45356 ], [ 120.48764, 23.45383 ], [ 120.48761, 23.45385 ], [ 120.48725, 23.45418 ], [ 120.4868, 23.45453 ], [ 120.48642, 23.45487 ], [ 120.48625, 23.455 ], [ 120.48599, 23.45524 ], [ 120.48581, 23.45538 ], [ 120.48554, 23.45559 ], [ 120.48504, 23.45595 ], [ 120.48463, 23.45627 ], [ 120.48444, 23.45641 ], [ 120.48409, 23.4566 ], [ 120.48369, 23.45682 ], [ 120.48318, 23.4571 ], [ 120.48318, 23.45711 ], [ 120.48306, 23.45718 ], [ 120.48293, 23.45725 ], [ 120.48261, 23.45744 ], [ 120.48239, 23.45754 ], [ 120.48211, 23.45772 ], [ 120.48194, 23.45783 ], [ 120.48169, 23.45807 ], [ 120.48161, 23.45825 ], [ 120.48142, 23.45861 ], [ 120.48134, 23.45877 ], [ 120.48114, 23.45907 ], [ 120.48111, 23.45917 ], [ 120.48106, 23.45934 ], [ 120.48106, 23.45946 ], [ 120.48099, 23.45958 ], [ 120.48091, 23.45969 ], [ 120.48122, 23.45957 ] ] ] ] } },
{ "type": "Feature", "properties": { "days": 63, "type": "low", "color_hint": "Blues" }, "geometry": { "type": "MultiPolygon", "coordinates": [ [ [ [ 120.4423, 23.44086 ], [ 120.44327, 23.44123 ], [ 120.44353, 23.44134 ], [ 120.44345, 23.44129 ], [ 120.44319, 23.44109 ], [ 120.44304, 23.44098 ], [ 120.44274, 23.44084 ], [ 120.44257, 23.44074 ], [ 120.44226, 23.44056 ], [ 120.44207, 23.44047 ], [ 120.44132, 23.44047 ], [ 120.44124, 23.44047 ], [ 120.44132, 23.4405 ], [ 120.4423, 23.44086 ] ] ], [ [ [ 120.44914, 23.44378 ], [ 120.4497, 23.44411 ], [ 120.45011, 23.44436 ], [ 120.45099, 23.44502 ], [ 120.45109, 23.44509 ], [ 120.45201, 23.44592 ], [ 120.45206, 23.44597 ], [ 120.45293, 23.44683 ], [ 120.45304, 23.44694 ], [ 120.45382, 23.44774 ], [ 120.45401, 23.44793 ], [ 120.45461, 23.44854 ], [ 120.45461, 23.44841 ], [ 120.45461, 23.44833 ], [ 120.4546, 23.44832 ], [ 120.45456, 23.44822 ], [ 120.45444, 23.44792 ], [ 120.45435, 23.44776 ], [ 120.45421, 23.44745 ], [ 120.45401, 23.44699 ], [ 120.45378, 23.4465 ], [ 120.4535, 23.44598 ], [ 120.45335, 23.44573 ], [ 120.45319, 23.44546 ], [ 120.45311, 23.44529 ], [ 120.45298, 23.44504 ], [ 120.45286, 23.44487 ], [ 120.45264, 23.44465 ], [ 120.45246, 23.4445 ], [ 120.45217, 23.44432 ], [ 120.45198, 23.4442 ], [ 120.45165, 23.44404 ], [ 120.45142, 23.44394 ], [ 120.45111, 23.44385 ], [ 120.45095, 23.44378 ], [ 120.45078, 23.4437 ], [ 120.45056, 23.4436 ], [ 120.45038, 23.44349 ], [ 120.45024, 23.44345 ], [ 120.45001, 23.44343 ], [ 120.44978, 23.44342 ], [ 120.44963, 23.44342 ], [ 120.44946, 23.44343 ], [ 120.44927, 23.44345 ], [ 120.44913, 23.44348 ], [ 120.44894, 23.44358 ], [ 120.44882, 23.44362 ], [ 120.44914, 23.44378 ] ] ], [ [ [ 120.46181, 23.45589 ], [ 120.46181, 23.45589 ], [ 120.46258, 23.4568 ], [ 120.46278, 23.45704 ], [ 120.46334, 23.4577 ], [ 120.46376, 23.45823 ], [ 120.46407, 23.45861 ], [ 120.46473, 23.45946 ], [ 120.46477, 23.45951 ], [ 120.46542, 23.46042 ], [ 120.46571, 23.46085 ], [ 120.46603, 23.46132 ], [ 120.46661, 23.46223 ], [ 120.46668, 23.46233 ], [ 120.46725, 23.46313 ], [ 120.46765, 23.46365 ], [ 120.46802, 23.46404 ], [ 120.46863, 23.46462 ], [ 120.46917, 23.46495 ], [ 120.4696, 23.46518 ], [ 120.47058, 23.46537 ], [ 120.47156, 23.46538 ], [ 120.47254, 23.46527 ], [ 120.47352, 23.46512 ], [ 120.47438, 23.46496 ], [ 120.4745, 23.46494 ], [ 120.47548, 23.46473 ], [ 120.47646, 23.46442 ], [ 120.47739, 23.46407 ], [ 120.47744, 23.46405 ], [ 120.47842, 23.46364 ], [ 120.4794, 23.4633 ], [ 120.48001, 23.46318 ], [ 120.48038, 23.4631 ], [ 120.48136, 23.46313 ], [ 120.48169, 23.46318 ], [ 120.48234, 23.46329 ], [ 120.48331, 23.46341 ], [ 120.48429, 23.46332 ], [ 120.48457, 23.46319 ], [ 120.48528, 23.46246 ], [ 120.48541, 23.46229 ], [ 120.48626, 23.46143 ], [ 120.48631, 23.46139 ], [ 120.48724, 23.4608 ], [ 120.48784, 23.46049 ], [ 120.48822, 23.46034 ], [ 120.4892, 23.46009 ], [ 120.49018, 23.46004 ], [ 120.49116, 23.46025 ], [ 120.49172, 23.46051 ], [ 120.49213, 23.46082 ], [ 120.49263, 23.46141 ], [ 120.49296, 23.46232 ], [ 120.49304, 23.46322 ], [ 120.49303, 23.46412 ], [ 120.49306, 23.46503 ], [ 120.4931, 23.46518 ], [ 120.49342, 23.46593 ], [ 120.49407, 23.46647 ], [ 120.49438, 23.46684 ], [ 120.49482, 23.46774 ], [ 120.49504, 23.46806 ], [ 120.49553, 23.46865 ], [ 120.49602, 23.46897 ], [ 120.49699, 23.46949 ], [ 120.49715, 23.46955 ], [ 120.49797, 23.46978 ], [ 120.49895, 23.46994 ], [ 120.49993, 23.46998 ], [ 120.50091, 23.46988 ], [ 120.50189, 23.46968 ], [ 120.50226, 23.46957 ], [ 120.50287, 23.46934 ], [ 120.50385, 23.46887 ], [ 120.50421, 23.46867 ], [ 120.50447, 23.46848 ], [ 120.50439, 23.46838 ], [ 120.50437, 23.46826 ], [ 120.50434, 23.46815 ], [ 120.5043, 23.46797 ], [ 120.50424, 23.46784 ], [ 120.50418, 23.46778 ], [ 120.50408, 23.46765 ], [ 120.50401, 23.46758 ], [ 120.50396, 23.46749 ], [ 120.50393, 23.46742 ], [ 120.50388, 23.46732 ], [ 120.50384, 23.46725 ], [ 120.50375, 23.46718 ], [ 120.50356, 23.46722 ], [ 120.50335, 23.46723 ], [ 120.50295, 23.46722 ], [ 120.50277, 23.46721 ], [ 120.50239, 23.4671 ], [ 120.50222, 23.46705 ], [ 120.5019, 23.46697 ], [ 120.50176, 23.46692 ], [ 120.50171, 23.46682 ], [ 120.50165, 23.46671 ], [ 120.50158, 23.4666 ], [ 120.50148, 23.46646 ], [ 120.50141, 23.46629 ], [ 120.50131, 23.46615 ], [ 120.50122, 23.46604 ], [ 120.50114, 23.46599 ], [ 120.50102, 23.46588 ], [ 120.5009, 23.46578 ], [ 120.50073, 23.46571 ], [ 120.5004, 23.46564 ], [ 120.5002, 23.4656 ], [ 120.50008, 23.46557 ], [ 120.49996, 23.46554 ], [ 120.49982, 23.46549 ], [ 120.49971, 23.46539 ], [ 120.49968, 23.4653 ], [ 120.49964, 23.46521 ], [ 120.49962, 23.46514 ], [ 120.49964, 23.46504 ], [ 120.49968, 23.46494 ], [ 120.49973, 23.46489 ], [ 120.49992, 23.46464 ], [ 120.49994, 23.46457 ], [ 120.49996, 23.46445 ], [ 120.49999, 23.46432 ], [ 120.50005, 23.46408 ], [ 120.50012, 23.46392 ], [ 120.50028, 23.46355 ], [ 120.50034, 23.46339 ], [ 120.50045, 23.46303 ], [ 120.50048, 23.46287 ], [ 120.5005, 23.46273 ], [ 120.50055, 23.46257 ], [ 120.50057, 23.46247 ], [ 120.50064, 23.46226 ], [ 120.50066, 23.4621 ], [ 120.50069, 23.46201 ], [ 120.50068, 23.46189 ], [ 120.50069, 23.46172 ], [ 120.50072, 23.46157 ], [ 120.50073, 23.46141 ], [ 120.50072, 23.46128 ], [ 120.50069, 23.46114 ], [ 120.50066, 23.46097 ], [ 120.50056, 23.46077 ], [ 120.50052, 23.46069 ], [ 120.50046, 23.46055 ], [ 120.5004, 23.46049 ], [ 120.50032, 23.46041 ], [ 120.50014, 23.46032 ], [ 120.50005, 23.46027 ], [ 120.49994, 23.46022 ], [ 120.49984, 23.46014 ], [ 120.49972, 23.46003 ], [ 120.49962, 23.45993 ], [ 120.49948, 23.45976 ], [ 120.49924, 23.45943 ], [ 120.49923, 23.4594 ], [ 120.49899, 23.45925 ], [ 120.49804, 23.45872 ], [ 120.49801, 23.45871 ], [ 120.49704, 23.45819 ], [ 120.49627, 23.45781 ], [ 120.49606, 23.45772 ], [ 120.49508, 23.45728 ], [ 120.49417, 23.4569 ], [ 120.49411, 23.45688 ], [ 120.49313, 23.45653 ], [ 120.49215, 23.45623 ], [ 120.49117, 23.45604 ], [ 120.49019, 23.456 ], [ 120.48922, 23.45613 ], [ 120.48824, 23.45643 ], [ 120.48725, 23.45683 ], [ 120.48714, 23.45688 ], [ 120.48627, 23.45728 ], [ 120.48529, 23.45774 ], [ 120.48521, 23.45778 ], [ 120.48431, 23.45822 ], [ 120.48333, 23.45866 ], [ 120.48331, 23.45867 ], [ 120.48235, 23.45912 ], [ 120.48137, 23.45951 ], [ 120.48122, 23.45957 ], [ 120.48091, 23.45969 ], [ 120.48089, 23.45971 ], [ 120.48077, 23.45986 ], [ 120.4806, 23.46001 ], [ 120.48044, 23.46011 ], [ 120.48028, 23.46022 ], [ 120.48002, 23.4604 ], [ 120.47977, 23.46051 ], [ 120.47939, 23.46069 ], [ 120.47921, 23.4608 ], [ 120.47869, 23.46106 ], [ 120.47829, 23.46129 ], [ 120.47791, 23.46149 ], [ 120.47781, 23.46153 ], [ 120.47734, 23.46177 ], [ 120.47716, 23.46185 ], [ 120.47699, 23.46192 ], [ 120.4768, 23.46199 ], [ 120.47661, 23.46202 ], [ 120.47599, 23.46208 ], [ 120.4754, 23.46212 ], [ 120.47524, 23.46212 ], [ 120.47488, 23.46213 ], [ 120.47462, 23.46211 ], [ 120.47423, 23.4621 ], [ 120.47402, 23.46205 ], [ 120.47369, 23.46201 ], [ 120.4731, 23.46197 ], [ 120.47259, 23.46194 ], [ 120.47205, 23.46186 ], [ 120.47175, 23.46186 ], [ 120.47126, 23.46191 ], [ 120.47122, 23.46191 ], [ 120.4709, 23.46192 ], [ 120.47076, 23.46191 ], [ 120.47069, 23.46191 ], [ 120.47058, 23.46189 ], [ 120.47011, 23.46179 ], [ 120.46968, 23.46173 ], [ 120.46942, 23.4617 ], [ 120.46901, 23.46166 ], [ 120.46873, 23.46162 ], [ 120.46865, 23.4616 ], [ 120.46831, 23.46135 ], [ 120.46801, 23.46109 ], [ 120.46779, 23.46094 ], [ 120.46752, 23.46069 ], [ 120.46734, 23.46053 ], [ 120.467, 23.46028 ], [ 120.46682, 23.46016 ], [ 120.46667, 23.46007 ], [ 120.46644, 23.45995 ], [ 120.46633, 23.45986 ], [ 120.4662, 23.45969 ], [ 120.46596, 23.45937 ], [ 120.46576, 23.45912 ], [ 120.46562, 23.45895 ], [ 120.46549, 23.45881 ], [ 120.46521, 23.45859 ], [ 120.46506, 23.4585 ], [ 120.46495, 23.45841 ], [ 120.46486, 23.45836 ], [ 120.46475, 23.45836 ], [ 120.46464, 23.45834 ], [ 120.46455, 23.4583 ], [ 120.46452, 23.45824 ], [ 120.46451, 23.45816 ], [ 120.46452, 23.4581 ], [ 120.4646, 23.45793 ], [ 120.46466, 23.45773 ], [ 120.46471, 23.45754 ], [ 120.46472, 23.45736 ], [ 120.46473, 23.45719 ], [ 120.46471, 23.45709 ], [ 120.4647, 23.45696 ], [ 120.46468, 23.45683 ], [ 120.46466, 23.45664 ], [ 120.46461, 23.45647 ], [ 120.46457, 23.45629 ], [ 120.46454, 23.45619 ], [ 120.46451, 23.45609 ], [ 120.4645, 23.45601 ], [ 120.46451, 23.45592 ], [ 120.46454, 23.45583 ], [ 120.46457, 23.45575 ], [ 120.46458, 23.45571 ], [ 120.46457, 23.45567 ], [ 120.46452, 23.45561 ], [ 120.46447, 23.45558 ], [ 120.46433, 23.45553 ], [ 120.46412, 23.45549 ], [ 120.46394, 23.45548 ], [ 120.46382, 23.45547 ], [ 120.46365, 23.45538 ], [ 120.46348, 23.45534 ], [ 120.46332, 23.45531 ], [ 120.46318, 23.4553 ], [ 120.46304, 23.45531 ], [ 120.46291, 23.45534 ], [ 120.46281, 23.45534 ], [ 120.46273, 23.45535 ], [ 120.46263, 23.45535 ], [ 120.4625, 23.45533 ], [ 120.46235, 23.45529 ], [ 120.46226, 23.45526 ], [ 120.46218, 23.45527 ], [ 120.46172, 23.45531 ], [ 120.46152, 23.45532 ], [ 120.4613, 23.45532 ], [ 120.46181, 23.45589 ] ] ] ] } },
{ "type": "Feature", "properties": { "days": 67, "type": "low", "color_hint": "Blues" }, "geometry": { "type": "MultiPolygon", "coordinates": [ [ [ [ 120.48001, 23.48936 ], [ 120.48007, 23.49027 ], [ 120.48013, 23.49117 ], [ 120.48016, 23.49207 ], [ 120.48018, 23.49298 ], [ 120.48019, 23.49388 ], [ 120.48019, 23.49478 ], [ 120.48019, 23.49568 ], [ 120.48018, 23.49659 ], [ 120.48016, 23.49749 ], [ 120.48012, 23.49839 ], [ 120.48009, 23.4993 ], [ 120.48003, 23.5002 ], [ 120.48018, 23.5011 ], [ 120.48023, 23.50119 ], [ 120.48121, 23.5016 ], [ 120.48219, 23.50121 ], [ 120.48231, 23.50111 ], [ 120.48317, 23.50047 ], [ 120.48344, 23.50021 ], [ 120.48415, 23.4996 ], [ 120.48444, 23.49931 ], [ 120.48465, 23.49912 ], [ 120.48466, 23.49905 ], [ 120.48464, 23.49897 ], [ 120.4846, 23.49887 ], [ 120.48446, 23.49877 ], [ 120.48425, 23.49863 ], [ 120.48405, 23.4985 ], [ 120.48391, 23.4984 ], [ 120.48382, 23.49833 ], [ 120.48377, 23.4983 ], [ 120.48368, 23.49824 ], [ 120.48371, 23.49824 ], [ 120.48376, 23.49803 ], [ 120.48379, 23.49793 ], [ 120.48379, 23.49783 ], [ 120.48371, 23.49752 ], [ 120.48369, 23.49739 ], [ 120.48374, 23.49726 ], [ 120.48375, 23.49716 ], [ 120.48365, 23.49691 ], [ 120.48362, 23.49673 ], [ 120.48364, 23.49656 ], [ 120.48374, 23.49616 ], [ 120.48319, 23.49632 ], [ 120.48221, 23.49587 ], [ 120.48213, 23.49569 ], [ 120.4821, 23.49479 ], [ 120.4821, 23.49389 ], [ 120.48213, 23.49298 ], [ 120.48219, 23.49208 ], [ 120.48222, 23.49197 ], [ 120.4824, 23.49118 ], [ 120.48321, 23.4903 ], [ 120.48322, 23.49028 ], [ 120.48419, 23.48952 ], [ 120.48436, 23.48938 ], [ 120.48517, 23.48871 ], [ 120.48543, 23.48848 ], [ 120.48616, 23.48784 ], [ 120.48643, 23.48758 ], [ 120.48714, 23.48689 ], [ 120.48735, 23.48668 ], [ 120.48812, 23.48588 ], [ 120.48823, 23.48578 ], [ 120.4891, 23.48489 ], [ 120.48912, 23.48488 ], [ 120.49009, 23.48403 ], [ 120.49019, 23.48398 ], [ 120.49107, 23.48351 ], [ 120.49205, 23.48333 ], [ 120.49303, 23.48323 ], [ 120.49401, 23.48311 ], [ 120.4942, 23.48309 ], [ 120.49499, 23.48296 ], [ 120.49596, 23.48292 ], [ 120.49636, 23.4831 ], [ 120.49694, 23.48338 ], [ 120.49792, 23.48373 ], [ 120.4989, 23.48371 ], [ 120.49988, 23.48329 ], [ 120.50012, 23.48311 ], [ 120.50086, 23.48241 ], [ 120.50113, 23.48221 ], [ 120.50176, 23.48165 ], [ 120.50173, 23.48141 ], [ 120.50171, 23.48126 ], [ 120.50173, 23.48113 ], [ 120.50182, 23.48093 ], [ 120.50189, 23.4809 ], [ 120.50211, 23.48091 ], [ 120.50247, 23.48091 ], [ 120.50261, 23.48091 ], [ 120.50283, 23.48051 ], [ 120.50291, 23.48041 ], [ 120.50283, 23.48038 ], [ 120.50185, 23.48017 ], [ 120.50087, 23.48006 ], [ 120.49989, 23.48007 ], [ 120.49891, 23.48012 ], [ 120.49793, 23.48006 ], [ 120.49696, 23.47996 ], [ 120.49598, 23.47983 ], [ 120.495, 23.4797 ], [ 120.49402, 23.4796 ], [ 120.49304, 23.47955 ], [ 120.49206, 23.47958 ], [ 120.49108, 23.47973 ], [ 120.4901, 23.48002 ], [ 120.48933, 23.48036 ], [ 120.48912, 23.48046 ], [ 120.48814, 23.48102 ], [ 120.48778, 23.48126 ], [ 120.48716, 23.48166 ], [ 120.48641, 23.48216 ], [ 120.48618, 23.48232 ], [ 120.4852, 23.48303 ], [ 120.48516, 23.48306 ], [ 120.48421, 23.48383 ], [ 120.48406, 23.48396 ], [ 120.48323, 23.48471 ], [ 120.48307, 23.48486 ], [ 120.48225, 23.48571 ], [ 120.4822, 23.48576 ], [ 120.48145, 23.48666 ], [ 120.48126, 23.48693 ], [ 120.48078, 23.48756 ], [ 120.48032, 23.48846 ], [ 120.48028, 23.48859 ], [ 120.48001, 23.48936 ] ] ] ] } },
{ "type": "Feature", "properties": { "days": 68, "type": "low", "color_hint": "Blues" }, "geometry": { "type": "MultiPolygon", "coordinates": [ [ [ [ 120.48007, 23.49027 ], [ 120.48013, 23.49117 ], [ 120.48016, 23.49207 ], [ 120.48018, 23.49298 ], [ 120.48019, 23.49388 ], [ 120.48019, 23.49478 ], [ 120.48019, 23.49568 ], [ 120.48018, 23.49659 ], [ 120.48016, 23.49749 ], [ 120.48012, 23.49839 ], [ 120.48009, 23.4993 ], [ 120.48003, 23.5002 ], [ 120.48018, 23.5011 ], [ 120.48023, 23.50119 ], [ 120.48121, 23.5016 ], [ 120.48219, 23.50121 ], [ 120.48231, 23.50111 ], [ 120.48317, 23.50047 ], [ 120.48344, 23.50021 ], [ 120.48415, 23.4996 ], [ 120.48444, 23.49931 ], [ 120.48465, 23.49912 ], [ 120.48466, 23.49905 ], [ 120.48464, 23.49897 ], [ 120.4846, 23.49887 ], [ 120.48446, 23.49877 ], [ 120.48425, 23.49863 ], [ 120.48405, 23.4985 ], [ 120.48391, 23.4984 ], [ 120.48382, 23.49833 ], [ 120.48377, 23.4983 ], [ 120.48368, 23.49824 ], [ 120.48371, 23.49824 ], [ 120.48376, 23.49803 ], [ 120.48379, 23.49793 ], [ 120.48379, 23.49783 ], [ 120.48371, 23.49752 ], [ 120.48369, 23.49739 ], [ 120.48374, 23.49726 ], [ 120.48375, 23.49716 ], [ 120.48365, 23.49691 ], [ 120.48362, 23.49673 ], [ 120.48364, 23.49656 ], [ 120.48374, 23.49616 ], [ 120.48319, 23.49632 ], [ 120.48221, 23.49587 ], [ 120.48213, 23.49569 ], [ 120.4821, 23.49479 ], [ 120.4821, 23.49389 ], [ 120.48213, 23.49298 ], [ 120.48219, 23.49208 ], [ 120.48222, 23.49197 ], [ 120.4824, 23.49118 ], [ 120.48321, 23.4903 ], [ 120.48322, 23.49028 ], [ 120.48419, 23.48952 ], [ 120.48436, 23.48938 ], [ 120.48517, 23.48871 ], [ 120.48543, 23.48848 ], [ 120.48616, 23.48784 ], [ 120.48643, 23.48758 ], [ 120.48714, 23.48689 ], [ 120.48735, 23.48668 ], [ 120.48812, 23.48588 ], [ 120.48823, 23.48578 ], [ 120.4891, 23.48489 ], [ 120.48912, 23.48488 ], [ 120.49009, 23.48403 ], [ 120.49019, 23.48398 ], [ 120.49107, 23.48351 ], [ 120.49205, 23.48333 ], [ 120.49303, 23.48323 ], [ 120.49401, 23.48311 ], [ 120.4942, 23.48309 ], [ 120.49499, 23.48296 ], [ 120.49596, 23.48292 ], [ 120.49636, 23.4831 ], [ 120.49694, 23.48338 ], [ 120.49792, 23.48373 ], [ 120.4989, 23.48371 ], [ 120.49988, 23.48329 ], [ 120.50012, 23.48311 ], [ 120.50086, 23.48241 ], [ 120.50113, 23.48221 ], [ 120.50176, 23.48165 ], [ 120.50173, 23.48141 ], [ 120.50171, 23.48126 ], [ 120.50173, 23.48113 ], [ 120.50182, 23.48093 ], [ 120.50189, 23.4809 ], [ 120.50211, 23.48091 ], [ 120.50247, 23.48091 ], [ 120.50261, 23.48091 ], [ 120.50283, 23.48051 ], [ 120.50291, 23.48041 ], [ 120.50283, 23.48038 ], [ 120.50185, 23.48017 ], [ 120.50087, 23.48006 ], [ 120.49989, 23.48007 ], [ 120.49891, 23.48012 ], [ 120.49793, 23.48006 ], [ 120.49696, 23.47996 ], [ 120.49598, 23.47983 ], [ 120.495, 23.4797 ], [ 120.49402, 23.4796 ], [ 120.49304, 23.47955 ], [ 120.49206, 23.47958 ], [ 120.49108, 23.47973 ], [ 120.4901, 23.48002 ], [ 120.48933, 23.48036 ], [ 120.48912, 23.48046 ], [ 120.48814, 23.48102 ], [ 120.48778, 23.48126 ], [ 120.48716, 23.48166 ], [ 120.48641, 23.48216 ], [ 120.48618, 23.48232 ], [ 120.4852, 23.48303 ], [ 120.48516, 23.48306 ], [ 120.48421, 23.48383 ], [ 120.48406, 23.48396 ], [ 120.48323, 23.48471 ], [ 120.48307, 23.48486 ], [ 120.48225, 23.48571 ], [ 120.4822, 23.48576 ], [ 120.48145, 23.48666 ], [ 120.48126, 23.48693 ], [ 120.48078, 23.48756 ], [ 120.48032, 23.48846 ], [ 120.48028, 23.48859 ], [ 120.48001, 23.48936 ], [ 120.48007, 23.49027 ] ] ] ] } },
{ "type": "Feature", "properties": { "days": 67, "type": "low", "color_hint": "Blues" }, "geometry": { "type": "MultiPolygon", "coordinates": [ [ [ [ 120.46978, 23.4812 ], [ 120.47, 23.48211 ], [ 120.47044, 23.48301 ], [ 120.47051, 23.48311 ], [ 120.47093, 23.48391 ], [ 120.47148, 23.48478 ], [ 120.47151, 23.48482 ], [ 120.47208, 23.48572 ], [ 120.47246, 23.48626 ], [ 120.47269, 23.48663 ], [ 120.47331, 23.48753 ], [ 120.47343, 23.4877 ], [ 120.47391, 23.48844 ], [ 120.4744, 23.48927 ], [ 120.47445, 23.48934 ], [ 120.47489, 23.49025 ], [ 120.47537, 23.49113 ], [ 120.47539, 23.49115 ], [ 120.47595, 23.49206 ], [ 120.47635, 23.49274 ], [ 120.47647, 23.49296 ], [ 120.47687, 23.49387 ], [ 120.47707, 23.49477 ], [ 120.47717, 23.49567 ], [ 120.47725, 23.49658 ], [ 120.47731, 23.49744 ], [ 120.47731, 23.49748 ], [ 120.47735, 23.49838 ], [ 120.47731, 23.49929 ], [ 120.4773, 23.49936 ], [ 120.47717, 23.50019 ], [ 120.47697, 23.50109 ], [ 120.47674, 23.50199 ], [ 120.47655, 23.5029 ], [ 120.4765, 23.5038 ], [ 120.47669, 23.5047 ], [ 120.47715, 23.50546 ], [ 120.4773, 23.50539 ], [ 120.47761, 23.50527 ], [ 120.47788, 23.50503 ], [ 120.47814, 23.5049 ], [ 120.47845, 23.50482 ], [ 120.47884, 23.50471 ], [ 120.47928, 23.50457 ], [ 120.47967, 23.50441 ], [ 120.48, 23.50434 ], [ 120.4803, 23.50431 ], [ 120.48072, 23.5043 ], [ 120.48099, 23.50434 ], [ 120.4813, 23.50439 ], [ 120.48159, 23.50449 ], [ 120.48185, 23.50462 ], [ 120.48208, 23.50478 ], [ 120.48217, 23.50482 ], [ 120.48217, 23.50482 ], [ 120.48226, 23.50472 ], [ 120.4831, 23.50382 ], [ 120.48316, 23.50377 ], [ 120.48386, 23.50292 ], [ 120.48414, 23.50262 ], [ 120.4846, 23.50203 ], [ 120.48468, 23.50189 ], [ 120.4847, 23.50174 ], [ 120.4847, 23.50159 ], [ 120.48469, 23.50137 ], [ 120.48464, 23.50119 ], [ 120.48455, 23.50095 ], [ 120.48449, 23.50069 ], [ 120.48442, 23.5004 ], [ 120.4844, 23.5002 ], [ 120.4844, 23.50002 ], [ 120.48443, 23.49981 ], [ 120.48448, 23.4996 ], [ 120.48453, 23.4994 ], [ 120.48459, 23.49928 ], [ 120.48464, 23.49917 ], [ 120.48466, 23.49905 ], [ 120.48464, 23.49897 ], [ 120.4846, 23.49887 ], [ 120.48446, 23.49877 ], [ 120.48425, 23.49863 ], [ 120.48405, 23.4985 ], [ 120.48391, 23.4984 ], [ 120.48382, 23.49833 ], [ 120.48377, 23.4983 ], [ 120.48368, 23.49824 ], [ 120.48371, 23.49824 ], [ 120.48376, 23.49803 ], [ 120.48379, 23.49793 ], [ 120.48379, 23.49783 ], [ 120.48371, 23.49752 ], [ 120.48369, 23.49739 ], [ 120.48374, 23.49726 ], [ 120.48375, 23.49716 ], [ 120.48365, 23.49691 ], [ 120.48362, 23.49673 ], [ 120.48364, 23.49656 ], [ 120.48376, 23.49609 ], [ 120.48376, 23.49609 ], [ 120.48391, 23.49573 ], [ 120.48407, 23.49551 ], [ 120.48433, 23.49513 ], [ 120.48449, 23.49498 ], [ 120.48468, 23.49483 ], [ 120.48481, 23.49472 ], [ 120.48496, 23.4946 ], [ 120.48512, 23.49444 ], [ 120.48526, 23.49433 ], [ 120.48536, 23.49419 ], [ 120.48544, 23.49406 ], [ 120.48561, 23.4939 ], [ 120.4858, 23.49374 ], [ 120.48593, 23.49356 ], [ 120.48604, 23.49341 ], [ 120.4861, 23.49334 ], [ 120.48625, 23.4933 ], [ 120.48639, 23.49325 ], [ 120.4865, 23.49316 ], [ 120.48658, 23.49306 ], [ 120.4867, 23.49299 ], [ 120.48686, 23.49298 ], [ 120.48702, 23.49294 ], [ 120.48712, 23.49285 ], [ 120.48725, 23.4927 ], [ 120.48726, 23.49259 ], [ 120.48732, 23.49235 ], [ 120.48733, 23.49223 ], [ 120.48733, 23.49223 ], [ 120.48739, 23.49215 ], [ 120.48747, 23.4921 ], [ 120.4878, 23.49194 ], [ 120.48798, 23.49194 ], [ 120.48806, 23.49196 ], [ 120.48818, 23.49205 ], [ 120.48832, 23.4921 ], [ 120.48846, 23.49208 ], [ 120.48855, 23.49197 ], [ 120.48864, 23.4919 ], [ 120.48884, 23.49183 ], [ 120.48895, 23.49172 ], [ 120.48906, 23.49157 ], [ 120.48923, 23.49145 ], [ 120.48938, 23.49138 ], [ 120.48922, 23.4912 ], [ 120.48971, 23.4903 ], [ 120.49006, 23.48998 ], [ 120.49086, 23.4894 ], [ 120.49105, 23.48928 ], [ 120.49203, 23.48884 ], [ 120.49301, 23.48851 ], [ 120.49302, 23.4885 ], [ 120.49399, 23.48825 ], [ 120.49497, 23.48807 ], [ 120.49595, 23.48792 ], [ 120.49693, 23.48781 ], [ 120.4979, 23.48771 ], [ 120.49842, 23.48762 ], [ 120.49888, 23.48753 ], [ 120.49986, 23.48717 ], [ 120.50058, 23.48672 ], [ 120.50085, 23.48655 ], [ 120.50173, 23.48582 ], [ 120.50183, 23.48574 ], [ 120.50281, 23.48496 ], [ 120.50291, 23.48492 ], [ 120.50346, 23.48471 ], [ 120.50337, 23.48461 ], [ 120.50332, 23.48451 ], [ 120.50339, 23.48434 ], [ 120.50338, 23.48423 ], [ 120.50331, 23.48395 ], [ 120.50327, 23.48369 ], [ 120.50315, 23.48342 ], [ 120.50306, 23.48325 ], [ 120.503, 23.48321 ], [ 120.50273, 23.48312 ], [ 120.5026, 23.4831 ], [ 120.50251, 23.48301 ], [ 120.50247, 23.4829 ], [ 120.50247, 23.48263 ], [ 120.50244, 23.48246 ], [ 120.50242, 23.48236 ], [ 120.5024, 23.48222 ], [ 120.50241, 23.4821 ], [ 120.50253, 23.482 ], [ 120.50253, 23.48193 ], [ 120.50242, 23.48189 ], [ 120.50204, 23.48179 ], [ 120.50177, 23.48171 ], [ 120.50173, 23.48141 ], [ 120.50171, 23.48126 ], [ 120.50173, 23.48113 ], [ 120.50182, 23.48093 ], [ 120.50189, 23.4809 ], [ 120.50211, 23.48091 ], [ 120.50247, 23.48091 ], [ 120.50272, 23.48091 ], [ 120.503, 23.4809 ], [ 120.50326, 23.48088 ], [ 120.50348, 23.4809 ], [ 120.50393, 23.48102 ], [ 120.50407, 23.48098 ], [ 120.50421, 23.48078 ], [ 120.50432, 23.4805 ], [ 120.50432, 23.48034 ], [ 120.50422, 23.48007 ], [ 120.50418, 23.47988 ], [ 120.5041, 23.47975 ], [ 120.50396, 23.47967 ], [ 120.50384, 23.47963 ], [ 120.50374, 23.47951 ], [ 120.5037, 23.47941 ], [ 120.50365, 23.47915 ], [ 120.50364, 23.47901 ], [ 120.50369, 23.47888 ], [ 120.50382, 23.47879 ], [ 120.50398, 23.47876 ], [ 120.50418, 23.47879 ], [ 120.50454, 23.47882 ], [ 120.50496, 23.47881 ], [ 120.50508, 23.47878 ], [ 120.50525, 23.47865 ], [ 120.50536, 23.47848 ], [ 120.50543, 23.47841 ], [ 120.50572, 23.47829 ], [ 120.50591, 23.47816 ], [ 120.506, 23.47801 ], [ 120.50615, 23.47782 ], [ 120.50628, 23.47761 ], [ 120.50642, 23.47746 ], [ 120.50655, 23.47736 ], [ 120.50673, 23.47728 ], [ 120.50687, 23.47721 ], [ 120.507, 23.47713 ], [ 120.50703, 23.47704 ], [ 120.50705, 23.4768 ], [ 120.50713, 23.47659 ], [ 120.50731, 23.47643 ], [ 120.50737, 23.47638 ], [ 120.50676, 23.47637 ], [ 120.50578, 23.47631 ], [ 120.5048, 23.47622 ], [ 120.50382, 23.47612 ], [ 120.50284, 23.47621 ], [ 120.50186, 23.47645 ], [ 120.50088, 23.47671 ], [ 120.5001, 23.47679 ], [ 120.4999, 23.47681 ], [ 120.49956, 23.47679 ], [ 120.49893, 23.47675 ], [ 120.49795, 23.47658 ], [ 120.49697, 23.4765 ], [ 120.49599, 23.4766 ], [ 120.49501, 23.47661 ], [ 120.49403, 23.47654 ], [ 120.49305, 23.47645 ], [ 120.49207, 23.47637 ], [ 120.4911, 23.47626 ], [ 120.49012, 23.47608 ], [ 120.48927, 23.47585 ], [ 120.48914, 23.47581 ], [ 120.48816, 23.47552 ], [ 120.48718, 23.47521 ], [ 120.48621, 23.47495 ], [ 120.48608, 23.47494 ], [ 120.48523, 23.47485 ], [ 120.48481, 23.47493 ], [ 120.48425, 23.47515 ], [ 120.48352, 23.47583 ], [ 120.48326, 23.47622 ], [ 120.48295, 23.47673 ], [ 120.48243, 23.47763 ], [ 120.48228, 23.47787 ], [ 120.4818, 23.47853 ], [ 120.4813, 23.47909 ], [ 120.4809, 23.47943 ], [ 120.48031, 23.47982 ], [ 120.47933, 23.48022 ], [ 120.47839, 23.48033 ], [ 120.47835, 23.48033 ], [ 120.47827, 23.48033 ], [ 120.47737, 23.48028 ], [ 120.4764, 23.48014 ], [ 120.47542, 23.47993 ], [ 120.47444, 23.4797 ], [ 120.47346, 23.47946 ], [ 120.47315, 23.47941 ], [ 120.47248, 23.47931 ], [ 120.4715, 23.47928 ], [ 120.47083, 23.4794 ], [ 120.47052, 23.47951 ], [ 120.46989, 23.4803 ], [ 120.46978, 23.4812 ] ] ] ] } },
{ "type": "Feature", "properties": { "days": 63, "type": "low", "color_hint": "Blues" }, "geometry": { "type": "MultiPolygon", "coordinates": [ [ [ [ 120.41868, 23.46115 ], [ 120.41872, 23.46117 ], [ 120.41876, 23.46115 ], [ 120.41932, 23.4608 ], [ 120.41828, 23.46066 ], [ 120.41806, 23.46063 ], [ 120.41868, 23.46115 ] ] ] ] } },
{ "type": "Feature", "properties": { "days": 64, "type": "low", "color_hint": "Blues" }, "geometry": { "type": "MultiPolygon", "coordinates": [ [ [ [ 120.41868, 23.46115 ], [ 120.41872, 23.46117 ], [ 120.41876, 23.46115 ], [ 120.41932, 23.4608 ], [ 120.41828, 23.46066 ], [ 120.41806, 23.46063 ], [ 120.41868, 23.46115 ] ] ] ] } },
{ "type": "Feature", "properties": { "days": 63, "type": "low", "color_hint": "Blues" }, "geometry": { "type": "MultiPolygon", "coordinates": [ [ [ [ 120.39424, 23.46388 ], [ 120.39435, 23.46377 ], [ 120.39522, 23.46297 ], [ 120.39534, 23.46287 ], [ 120.39574, 23.46255 ], [ 120.39561, 23.46255 ], [ 120.39531, 23.46255 ], [ 120.39523, 23.46255 ], [ 120.39468, 23.46254 ], [ 120.39458, 23.46254 ], [ 120.39417, 23.46252 ], [ 120.39415, 23.46303 ], [ 120.39415, 23.46369 ], [ 120.39415, 23.46397 ], [ 120.39424, 23.46388 ] ] ] ] } },
{ "type": "Feature", "properties": { "days": 65, "type": "low", "color_hint": "Blues" }, "geometry": { "type": "MultiPolygon", "coordinates": [ [ [ [ 120.40006, 23.47011 ], [ 120.40008, 23.47014 ], [ 120.40106, 23.47089 ], [ 120.40135, 23.47102 ], [ 120.40204, 23.47121 ], [ 120.40301, 23.47143 ], [ 120.40399, 23.47162 ], [ 120.40497, 23.47178 ], [ 120.40595, 23.47186 ], [ 120.40693, 23.47182 ], [ 120.40791, 23.47162 ], [ 120.40889, 23.47122 ], [ 120.40916, 23.47105 ], [ 120.40987, 23.47025 ], [ 120.40993, 23.47015 ], [ 120.41008, 23.46925 ], [ 120.40988, 23.4684 ], [ 120.40986, 23.46834 ], [ 120.40901, 23.46744 ], [ 120.40891, 23.46737 ], [ 120.40793, 23.46699 ], [ 120.40695, 23.46687 ], [ 120.40597, 23.46691 ], [ 120.40499, 23.46703 ], [ 120.40401, 23.46718 ], [ 120.40303, 23.46728 ], [ 120.40205, 23.46737 ], [ 120.40199, 23.46741 ], [ 120.40107, 23.46806 ], [ 120.40079, 23.46831 ], [ 120.4001, 23.46921 ], [ 120.40009, 23.4694 ], [ 120.40006, 23.47011 ] ] ] ] } },
{ "type": "Feature", "properties": { "days": 66, "type": "low", "color_hint": "Blues" }, "geometry": { "type": "MultiPolygon", "coordinates": [ [ [ [ 120.40008, 23.47014 ], [ 120.40106, 23.47089 ], [ 120.40135, 23.47102 ], [ 120.40204, 23.47121 ], [ 120.40301, 23.47143 ], [ 120.40399, 23.47162 ], [ 120.40497, 23.47178 ], [ 120.40595, 23.47186 ], [ 120.40693, 23.47182 ], [ 120.40791, 23.47162 ], [ 120.40889, 23.47122 ], [ 120.40916, 23.47105 ], [ 120.40987, 23.47025 ], [ 120.40993, 23.47015 ], [ 120.41008, 23.46925 ], [ 120.40988, 23.4684 ], [ 120.40986, 23.46834 ], [ 120.40901, 23.46744 ], [ 120.40891, 23.46737 ], [ 120.40793, 23.46699 ], [ 120.40695, 23.46687 ], [ 120.40597, 23.46691 ], [ 120.40499, 23.46703 ], [ 120.40401, 23.46718 ], [ 120.40303, 23.46728 ], [ 120.40205, 23.46737 ], [ 120.40199, 23.46741 ], [ 120.40107, 23.46806 ], [ 120.40079, 23.46831 ], [ 120.4001, 23.46921 ], [ 120.40009, 23.4694 ], [ 120.40006, 23.47011 ], [ 120.40008, 23.47014 ] ] ] ] } },
{ "type": "Feature", "properties": { "days": 65, "type": "low", "color_hint": "Blues" }, "geometry": { "type": "MultiPolygon", "coordinates": [ [ [ [ 120.39969, 23.47914 ], [ 120.40004, 23.48004 ], [ 120.40004, 23.48005 ], [ 120.40101, 23.4806 ], [ 120.40189, 23.48096 ], [ 120.40199, 23.48098 ], [ 120.40297, 23.48113 ], [ 120.40395, 23.4812 ], [ 120.40493, 23.48121 ], [ 120.40591, 23.48115 ], [ 120.40689, 23.48105 ], [ 120.40733, 23.48098 ], [ 120.40787, 23.48083 ], [ 120.40885, 23.48056 ], [ 120.40983, 23.48016 ], [ 120.4099, 23.48008 ], [ 120.41034, 23.47918 ], [ 120.40983, 23.479 ], [ 120.40886, 23.47846 ], [ 120.40788, 23.47844 ], [ 120.4069, 23.47827 ], [ 120.40689, 23.47827 ], [ 120.40592, 23.47805 ], [ 120.40494, 23.47788 ], [ 120.40396, 23.47772 ], [ 120.40299, 23.47763 ], [ 120.40201, 23.47764 ], [ 120.40103, 23.47782 ], [ 120.40007, 23.47824 ], [ 120.40005, 23.47827 ], [ 120.39969, 23.47914 ] ] ] ] } },
{ "type": "Feature", "properties": { "days": 64, "type": "low", "color_hint": "Blues" }, "geometry": { "type": "MultiPolygon", "coordinates": [ [ [ [ 120.40004, 23.48004 ], [ 120.40004, 23.48005 ], [ 120.40101, 23.4806 ], [ 120.40189, 23.48096 ], [ 120.40199, 23.48098 ], [ 120.40297, 23.48113 ], [ 120.40395, 23.4812 ], [ 120.40493, 23.48121 ], [ 120.40591, 23.48115 ], [ 120.40689, 23.48105 ], [ 120.40733, 23.48098 ], [ 120.40787, 23.48083 ], [ 120.40885, 23.48056 ], [ 120.40983, 23.48016 ], [ 120.4099, 23.48008 ], [ 120.41034, 23.47918 ], [ 120.40983, 23.479 ], [ 120.40886, 23.47846 ], [ 120.40788, 23.47844 ], [ 120.4069, 23.47827 ], [ 120.40689, 23.47827 ], [ 120.40592, 23.47805 ], [ 120.40494, 23.47788 ], [ 120.40396, 23.47772 ], [ 120.40299, 23.47763 ], [ 120.40201, 23.47764 ], [ 120.40103, 23.47782 ], [ 120.40007, 23.47824 ], [ 120.40005, 23.47827 ], [ 120.39969, 23.47914 ], [ 120.40004, 23.48004 ] ] ] ] } },
{ "type": "Feature", "properties": { "days": 66, "type": "low", "color_hint": "Blues" }, "geometry": { "type": "MultiPolygon", "coordinates": [ [ [ [ 120.42045, 23.49006 ], [ 120.41994, 23.49096 ], [ 120.42055, 23.49158 ], [ 120.42131, 23.49096 ], [ 120.42058, 23.49006 ], [ 120.42055, 23.49002 ], [ 120.42045, 23.49006 ] ] ] ] } },
{ "type": "Feature", "properties": { "days": 67, "type": "low", "color_hint": "Blues" }, "geometry": { "type": "MultiPolygon", "coordinates": [ [ [ [ 120.39754, 23.49178 ], [ 120.39802, 23.4925 ], [ 120.39821, 23.49268 ], [ 120.399, 23.49317 ], [ 120.39998, 23.49316 ], [ 120.40052, 23.49269 ], [ 120.40096, 23.49188 ], [ 120.40099, 23.49179 ], [ 120.40097, 23.49151 ], [ 120.40086, 23.49089 ], [ 120.39999, 23.49001 ], [ 120.3999, 23.48998 ], [ 120.39901, 23.48985 ], [ 120.39832, 23.48997 ], [ 120.39803, 23.4901 ], [ 120.3974, 23.49087 ], [ 120.39754, 23.49178 ] ] ] ] } },
{ "type": "Feature", "properties": { "days": 64, "type": "low", "color_hint": "Blues" }, "geometry": { "type": "MultiPolygon", "coordinates": [ [ [ [ 120.39572, 23.46739 ], [ 120.39618, 23.46687 ], [ 120.39654, 23.46649 ], [ 120.39717, 23.46586 ], [ 120.39745, 23.46559 ], [ 120.39815, 23.46496 ], [ 120.39848, 23.46469 ], [ 120.39913, 23.46419 ], [ 120.39974, 23.46379 ], [ 120.40011, 23.46356 ], [ 120.40075, 23.46319 ], [ 120.40051, 23.46323 ], [ 120.40025, 23.46324 ], [ 120.40017, 23.46324 ], [ 120.39972, 23.46312 ], [ 120.39967, 23.4631 ], [ 120.3995, 23.46306 ], [ 120.39943, 23.46304 ], [ 120.39922, 23.46301 ], [ 120.39909, 23.463 ], [ 120.39907, 23.46299 ], [ 120.3989, 23.46292 ], [ 120.39878, 23.46289 ], [ 120.39869, 23.46287 ], [ 120.39837, 23.46282 ], [ 120.39822, 23.46279 ], [ 120.39765, 23.46268 ], [ 120.39717, 23.46259 ], [ 120.39693, 23.46257 ], [ 120.39633, 23.46256 ], [ 120.39627, 23.46256 ], [ 120.39574, 23.46255 ], [ 120.39534, 23.46287 ], [ 120.39522, 23.46297 ], [ 120.39435, 23.46377 ], [ 120.39424, 23.46388 ], [ 120.39415, 23.46397 ], [ 120.39416, 23.46436 ], [ 120.39418, 23.46502 ], [ 120.39419, 23.46563 ], [ 120.39422, 23.4662 ], [ 120.39424, 23.46637 ], [ 120.39427, 23.46647 ], [ 120.39436, 23.46658 ], [ 120.39481, 23.46703 ], [ 120.39506, 23.46727 ], [ 120.39518, 23.46739 ], [ 120.39527, 23.46745 ], [ 120.39529, 23.46746 ], [ 120.39552, 23.46751 ], [ 120.3956, 23.46753 ], [ 120.39572, 23.46739 ] ] ], [ [ [ 120.41312, 23.46294 ], [ 120.4138, 23.46384 ], [ 120.41381, 23.46387 ], [ 120.41438, 23.46475 ], [ 120.41479, 23.46549 ], [ 120.41489, 23.46565 ], [ 120.41552, 23.46656 ], [ 120.41576, 23.46691 ], [ 120.41621, 23.46747 ], [ 120.41673, 23.46812 ], [ 120.41699, 23.46837 ], [ 120.41771, 23.46913 ], [ 120.41793, 23.46928 ], [ 120.41868, 23.46995 ], [ 120.41966, 23.47012 ], [ 120.42064, 23.46963 ], [ 120.42097, 23.46929 ], [ 120.42163, 23.46855 ], [ 120.42173, 23.46839 ], [ 120.42226, 23.46749 ], [ 120.42261, 23.46667 ], [ 120.42264, 23.46659 ], [ 120.4231, 23.46569 ], [ 120.4235, 23.46478 ], [ 120.4236, 23.46457 ], [ 120.42391, 23.46388 ], [ 120.42429, 23.46298 ], [ 120.42459, 23.46224 ], [ 120.42465, 23.46208 ], [ 120.42497, 23.46118 ], [ 120.42506, 23.4609 ], [ 120.425, 23.4609 ], [ 120.42481, 23.46092 ], [ 120.42467, 23.46099 ], [ 120.4245, 23.46111 ], [ 120.42445, 23.46117 ], [ 120.42441, 23.4612 ], [ 120.42432, 23.46129 ], [ 120.42422, 23.46134 ], [ 120.42409, 23.46137 ], [ 120.42395, 23.46135 ], [ 120.42339, 23.46121 ], [ 120.42256, 23.46103 ], [ 120.42225, 23.46096 ], [ 120.42214, 23.46094 ], [ 120.42208, 23.46093 ], [ 120.422, 23.46095 ], [ 120.42175, 23.46109 ], [ 120.42174, 23.4611 ], [ 120.42155, 23.46108 ], [ 120.42114, 23.46103 ], [ 120.42037, 23.46092 ], [ 120.4194, 23.46081 ], [ 120.41828, 23.46066 ], [ 120.41739, 23.46056 ], [ 120.41637, 23.46043 ], [ 120.41559, 23.46033 ], [ 120.41529, 23.4603 ], [ 120.41516, 23.46028 ], [ 120.41505, 23.46035 ], [ 120.41473, 23.46063 ], [ 120.41424, 23.46099 ], [ 120.41382, 23.46136 ], [ 120.41346, 23.46173 ], [ 120.4133, 23.46193 ], [ 120.41318, 23.46207 ], [ 120.41309, 23.46221 ], [ 120.413, 23.46243 ], [ 120.41296, 23.46259 ], [ 120.41294, 23.46271 ], [ 120.41294, 23.46271 ], [ 120.41312, 23.46294 ] ] ], [ [ [ 120.43641, 23.44404 ], [ 120.43646, 23.44406 ], [ 120.43682, 23.44449 ], [ 120.43689, 23.44453 ], [ 120.43708, 23.44455 ], [ 120.43727, 23.44463 ], [ 120.43762, 23.44469 ], [ 120.43782, 23.44472 ], [ 120.43805, 23.44474 ], [ 120.43814, 23.44477 ], [ 120.43823, 23.44481 ], [ 120.43827, 23.44486 ], [ 120.43826, 23.44498 ], [ 120.43825, 23.4451 ], [ 120.43826, 23.4452 ], [ 120.4383, 23.44535 ], [ 120.43838, 23.44547 ], [ 120.43849, 23.44559 ], [ 120.43852, 23.44565 ], [ 120.43856, 23.44571 ], [ 120.43855, 23.44576 ], [ 120.43851, 23.44584 ], [ 120.43831, 23.44611 ], [ 120.43819, 23.4463 ], [ 120.43803, 23.44653 ], [ 120.43787, 23.44666 ], [ 120.43777, 23.4467 ], [ 120.4378, 23.44678 ], [ 120.43816, 23.44768 ], [ 120.43835, 23.44809 ], [ 120.43868, 23.44859 ], [ 120.43933, 23.44944 ], [ 120.43939, 23.44949 ], [ 120.4403, 23.4502 ], [ 120.44071, 23.4504 ], [ 120.44128, 23.4508 ], [ 120.44203, 23.45131 ], [ 120.44225, 23.4515 ], [ 120.44311, 23.45221 ], [ 120.44323, 23.45234 ], [ 120.44402, 23.45312 ], [ 120.4442, 23.45336 ], [ 120.44478, 23.45403 ], [ 120.44518, 23.45463 ], [ 120.4454, 23.45493 ], [ 120.44605, 23.45584 ], [ 120.44615, 23.45596 ], [ 120.44683, 23.45674 ], [ 120.44712, 23.4571 ], [ 120.44763, 23.45765 ], [ 120.4481, 23.45818 ], [ 120.44848, 23.45855 ], [ 120.44907, 23.45915 ], [ 120.44943, 23.45946 ], [ 120.45005, 23.45996 ], [ 120.45099, 23.46037 ], [ 120.45102, 23.46038 ], [ 120.45117, 23.46037 ], [ 120.452, 23.46029 ], [ 120.45298, 23.45984 ], [ 120.45351, 23.45947 ], [ 120.45355, 23.45857 ], [ 120.45299, 23.45789 ], [ 120.45276, 23.45767 ], [ 120.45202, 23.4571 ], [ 120.45146, 23.45676 ], [ 120.45104, 23.45649 ], [ 120.45006, 23.45618 ], [ 120.44909, 23.45592 ], [ 120.44898, 23.45585 ], [ 120.44811, 23.45535 ], [ 120.44761, 23.45494 ], [ 120.44713, 23.45457 ], [ 120.44645, 23.45403 ], [ 120.44616, 23.45379 ], [ 120.44533, 23.45312 ], [ 120.44518, 23.45298 ], [ 120.44433, 23.45222 ], [ 120.44421, 23.45195 ], [ 120.4438, 23.45131 ], [ 120.44421, 23.45079 ], [ 120.44438, 23.45041 ], [ 120.4452, 23.44987 ], [ 120.44578, 23.44951 ], [ 120.44618, 23.44935 ], [ 120.44716, 23.44914 ], [ 120.44813, 23.44921 ], [ 120.44911, 23.44951 ], [ 120.44915, 23.44953 ], [ 120.45009, 23.4501 ], [ 120.45053, 23.45043 ], [ 120.45106, 23.45081 ], [ 120.45176, 23.45134 ], [ 120.45204, 23.45155 ], [ 120.4529, 23.45225 ], [ 120.45302, 23.45234 ], [ 120.45396, 23.45315 ], [ 120.45399, 23.45318 ], [ 120.45496, 23.45406 ], [ 120.45497, 23.45407 ], [ 120.45588, 23.45497 ], [ 120.45594, 23.45503 ], [ 120.45675, 23.45587 ], [ 120.45692, 23.45605 ], [ 120.45756, 23.45678 ], [ 120.45789, 23.45716 ], [ 120.45832, 23.45768 ], [ 120.45886, 23.45835 ], [ 120.45905, 23.45859 ], [ 120.45965, 23.4595 ], [ 120.45984, 23.45976 ], [ 120.46018, 23.4604 ], [ 120.46054, 23.4613 ], [ 120.46069, 23.46221 ], [ 120.46068, 23.46311 ], [ 120.46056, 23.46401 ], [ 120.46034, 23.46492 ], [ 120.46008, 23.46582 ], [ 120.45982, 23.46672 ], [ 120.45981, 23.46679 ], [ 120.45967, 23.46762 ], [ 120.45963, 23.46853 ], [ 120.45975, 23.46943 ], [ 120.4598, 23.46955 ], [ 120.46031, 23.47033 ], [ 120.46077, 23.4706 ], [ 120.46175, 23.47089 ], [ 120.46273, 23.471 ], [ 120.46371, 23.47098 ], [ 120.46469, 23.4709 ], [ 120.46567, 23.47077 ], [ 120.46664, 23.47062 ], [ 120.46762, 23.47045 ], [ 120.46813, 23.47036 ], [ 120.4686, 23.47026 ], [ 120.46958, 23.47006 ], [ 120.47056, 23.46989 ], [ 120.47154, 23.46955 ], [ 120.4717, 23.46947 ], [ 120.47252, 23.46916 ], [ 120.4735, 23.46871 ], [ 120.47377, 23.46857 ], [ 120.47449, 23.46826 ], [ 120.47547, 23.4678 ], [ 120.47574, 23.46768 ], [ 120.47645, 23.46737 ], [ 120.47743, 23.46696 ], [ 120.4779, 23.46678 ], [ 120.47841, 23.4666 ], [ 120.47939, 23.46632 ], [ 120.48037, 23.46618 ], [ 120.48135, 23.46625 ], [ 120.48232, 23.4665 ], [ 120.48314, 23.4668 ], [ 120.4833, 23.46686 ], [ 120.48428, 23.46728 ], [ 120.48523, 23.46771 ], [ 120.48526, 23.46772 ], [ 120.48623, 23.46819 ], [ 120.48711, 23.46862 ], [ 120.48721, 23.46867 ], [ 120.48819, 23.46915 ], [ 120.48898, 23.46953 ], [ 120.48916, 23.46962 ], [ 120.49014, 23.47004 ], [ 120.49106, 23.47044 ], [ 120.49112, 23.47046 ], [ 120.4921, 23.4708 ], [ 120.49307, 23.47114 ], [ 120.49367, 23.47135 ], [ 120.49405, 23.47146 ], [ 120.49503, 23.47174 ], [ 120.49601, 23.472 ], [ 120.49698, 23.47222 ], [ 120.49719, 23.47226 ], [ 120.49796, 23.47239 ], [ 120.49894, 23.47251 ], [ 120.49992, 23.47254 ], [ 120.5009, 23.47246 ], [ 120.50188, 23.47229 ], [ 120.50194, 23.47228 ], [ 120.50286, 23.47205 ], [ 120.50384, 23.47178 ], [ 120.50482, 23.47149 ], [ 120.50518, 23.47139 ], [ 120.5058, 23.47117 ], [ 120.50671, 23.47088 ], [ 120.50669, 23.47078 ], [ 120.50667, 23.47065 ], [ 120.50669, 23.47054 ], [ 120.50668, 23.47043 ], [ 120.50662, 23.47025 ], [ 120.50662, 23.47016 ], [ 120.50656, 23.47009 ], [ 120.50643, 23.47005 ], [ 120.50633, 23.47005 ], [ 120.50623, 23.47001 ], [ 120.50615, 23.46998 ], [ 120.50607, 23.46995 ], [ 120.50599, 23.46988 ], [ 120.50593, 23.46981 ], [ 120.50585, 23.4697 ], [ 120.50582, 23.46964 ], [ 120.50568, 23.46962 ], [ 120.50544, 23.46961 ], [ 120.50527, 23.4696 ], [ 120.50514, 23.4696 ], [ 120.50505, 23.4696 ], [ 120.50494, 23.46956 ], [ 120.50486, 23.46951 ], [ 120.50479, 23.4694 ], [ 120.50476, 23.4693 ], [ 120.50474, 23.46919 ], [ 120.50473, 23.46902 ], [ 120.50471, 23.46895 ], [ 120.50467, 23.4688 ], [ 120.50451, 23.46854 ], [ 120.50447, 23.46848 ], [ 120.50421, 23.46867 ], [ 120.50385, 23.46887 ], [ 120.50287, 23.46934 ], [ 120.50226, 23.46957 ], [ 120.50189, 23.46968 ], [ 120.50091, 23.46988 ], [ 120.49993, 23.46998 ], [ 120.49895, 23.46994 ], [ 120.49797, 23.46978 ], [ 120.49715, 23.46955 ], [ 120.49699, 23.46949 ], [ 120.49602, 23.46897 ], [ 120.49553, 23.46865 ], [ 120.49504, 23.46806 ], [ 120.49482, 23.46774 ], [ 120.49438, 23.46684 ], [ 120.49407, 23.46647 ], [ 120.49342, 23.46593 ], [ 120.4931, 23.46518 ], [ 120.49306, 23.46503 ], [ 120.49303, 23.46412 ], [ 120.49304, 23.46322 ], [ 120.49296, 23.46232 ], [ 120.49263, 23.46141 ], [ 120.49213, 23.46082 ], [ 120.49172, 23.46051 ], [ 120.49116, 23.46025 ], [ 120.49018, 23.46004 ], [ 120.4892, 23.46009 ], [ 120.48822, 23.46034 ], [ 120.48784, 23.46049 ], [ 120.48724, 23.4608 ], [ 120.48631, 23.46139 ], [ 120.48626, 23.46143 ], [ 120.48541, 23.46229 ], [ 120.48528, 23.46246 ], [ 120.48457, 23.46319 ], [ 120.48429, 23.46332 ], [ 120.48331, 23.46341 ], [ 120.48234, 23.46329 ], [ 120.48169, 23.46318 ], [ 120.48136, 23.46313 ], [ 120.48038, 23.4631 ], [ 120.48001, 23.46318 ], [ 120.4794, 23.4633 ], [ 120.47842, 23.46364 ], [ 120.47744, 23.46405 ], [ 120.47739, 23.46407 ], [ 120.47646, 23.46442 ], [ 120.47548, 23.46473 ], [ 120.4745, 23.46494 ], [ 120.47438, 23.46496 ], [ 120.47352, 23.46512 ], [ 120.47254, 23.46527 ], [ 120.47156, 23.46538 ], [ 120.47058, 23.46537 ], [ 120.4696, 23.46518 ], [ 120.46917, 23.46495 ], [ 120.46863, 23.46462 ], [ 120.46802, 23.46404 ], [ 120.46765, 23.46365 ], [ 120.46725, 23.46313 ], [ 120.46668, 23.46233 ], [ 120.46661, 23.46223 ], [ 120.46603, 23.46132 ], [ 120.46571, 23.46085 ], [ 120.46542, 23.46042 ], [ 120.46477, 23.45951 ], [ 120.46473, 23.45946 ], [ 120.46407, 23.45861 ], [ 120.46376, 23.45823 ], [ 120.46334, 23.4577 ], [ 120.46278, 23.45704 ], [ 120.46258, 23.4568 ], [ 120.46181, 23.45589 ], [ 120.46181, 23.45589 ], [ 120.4613, 23.45532 ], [ 120.46124, 23.45532 ], [ 120.46106, 23.45534 ], [ 120.46101, 23.45532 ], [ 120.46093, 23.45526 ], [ 120.46079, 23.45509 ], [ 120.46066, 23.45494 ], [ 120.46051, 23.4548 ], [ 120.46042, 23.45467 ], [ 120.4603, 23.45454 ], [ 120.46024, 23.4545 ], [ 120.46013, 23.45447 ], [ 120.45998, 23.45444 ], [ 120.45959, 23.45436 ], [ 120.45954, 23.45435 ], [ 120.4593, 23.4543 ], [ 120.4591, 23.45424 ], [ 120.45899, 23.4542 ], [ 120.45889, 23.45414 ], [ 120.45882, 23.45403 ], [ 120.45875, 23.45393 ], [ 120.45869, 23.45388 ], [ 120.45846, 23.45364 ], [ 120.4583, 23.45354 ], [ 120.45809, 23.45339 ], [ 120.45809, 23.45336 ], [ 120.45808, 23.45335 ], [ 120.45806, 23.45333 ], [ 120.45786, 23.45314 ], [ 120.45773, 23.45305 ], [ 120.45757, 23.45298 ], [ 120.45744, 23.45292 ], [ 120.45735, 23.45288 ], [ 120.45731, 23.45285 ], [ 120.4573, 23.45278 ], [ 120.45731, 23.45271 ], [ 120.45733, 23.45267 ], [ 120.45741, 23.45265 ], [ 120.45751, 23.45263 ], [ 120.45758, 23.45261 ], [ 120.45764, 23.45256 ], [ 120.45766, 23.45253 ], [ 120.45761, 23.45244 ], [ 120.45757, 23.45241 ], [ 120.45753, 23.45237 ], [ 120.45745, 23.45232 ], [ 120.45737, 23.45229 ], [ 120.45726, 23.45224 ], [ 120.45717, 23.45221 ], [ 120.45709, 23.45219 ], [ 120.457, 23.45219 ], [ 120.45695, 23.45218 ], [ 120.45685, 23.45214 ], [ 120.4568, 23.45206 ], [ 120.45656, 23.45176 ], [ 120.45643, 23.45161 ], [ 120.45622, 23.45134 ], [ 120.45596, 23.45099 ], [ 120.45582, 23.45084 ], [ 120.45565, 23.45065 ], [ 120.45562, 23.45057 ], [ 120.45554, 23.45044 ], [ 120.45549, 23.45038 ], [ 120.45542, 23.45033 ], [ 120.45529, 23.45034 ], [ 120.45511, 23.45033 ], [ 120.45497, 23.45035 ], [ 120.4548, 23.45036 ], [ 120.45476, 23.45035 ], [ 120.45471, 23.45032 ], [ 120.45469, 23.45021 ], [ 120.45465, 23.44992 ], [ 120.45465, 23.44974 ], [ 120.4546, 23.44941 ], [ 120.4546, 23.44926 ], [ 120.4546, 23.44893 ], [ 120.4546, 23.44875 ], [ 120.45461, 23.44854 ], [ 120.45401, 23.44793 ], [ 120.45382, 23.44774 ], [ 120.45304, 23.44694 ], [ 120.45293, 23.44683 ], [ 120.45206, 23.44597 ], [ 120.45201, 23.44592 ], [ 120.45109, 23.44509 ], [ 120.45099, 23.44502 ], [ 120.45011, 23.44436 ], [ 120.4497, 23.44411 ], [ 120.44914, 23.44378 ], [ 120.44882, 23.44362 ], [ 120.44877, 23.44363 ], [ 120.44861, 23.44364 ], [ 120.44841, 23.44363 ], [ 120.44823, 23.44362 ], [ 120.44789, 23.4436 ], [ 120.44764, 23.44357 ], [ 120.44745, 23.44351 ], [ 120.44729, 23.44346 ], [ 120.44712, 23.44341 ], [ 120.44686, 23.44327 ], [ 120.44661, 23.44314 ], [ 120.44627, 23.44296 ], [ 120.44605, 23.44282 ], [ 120.44573, 23.44264 ], [ 120.44549, 23.44254 ], [ 120.4453, 23.44245 ], [ 120.44518, 23.44235 ], [ 120.44502, 23.44222 ], [ 120.44468, 23.44201 ], [ 120.44451, 23.4419 ], [ 120.44417, 23.44171 ], [ 120.44397, 23.4416 ], [ 120.44365, 23.44142 ], [ 120.44353, 23.44134 ], [ 120.44327, 23.44123 ], [ 120.4423, 23.44086 ], [ 120.44132, 23.4405 ], [ 120.44124, 23.44047 ], [ 120.44034, 23.44046 ], [ 120.43936, 23.44046 ], [ 120.43873, 23.44104 ], [ 120.43874, 23.4411 ], [ 120.43874, 23.44116 ], [ 120.43871, 23.4412 ], [ 120.43862, 23.44121 ], [ 120.43855, 23.44122 ], [ 120.43853, 23.44122 ], [ 120.43846, 23.44128 ], [ 120.43846, 23.44133 ], [ 120.43844, 23.44139 ], [ 120.43837, 23.4414 ], [ 120.43833, 23.44143 ], [ 120.43833, 23.44148 ], [ 120.43833, 23.44153 ], [ 120.43827, 23.44155 ], [ 120.43815, 23.44156 ], [ 120.43802, 23.4416 ], [ 120.43791, 23.44164 ], [ 120.43782, 23.44169 ], [ 120.43774, 23.44177 ], [ 120.43763, 23.44192 ], [ 120.43742, 23.44213 ], [ 120.43728, 23.44226 ], [ 120.43714, 23.44241 ], [ 120.43709, 23.4425 ], [ 120.437, 23.44264 ], [ 120.4369, 23.44292 ], [ 120.43681, 23.44309 ], [ 120.43671, 23.44333 ], [ 120.43665, 23.44343 ], [ 120.43659, 23.44348 ], [ 120.43648, 23.4435 ], [ 120.43635, 23.44348 ], [ 120.43627, 23.4435 ], [ 120.43626, 23.44356 ], [ 120.43623, 23.4436 ], [ 120.43617, 23.44359 ], [ 120.43603, 23.44358 ], [ 120.43592, 23.44356 ], [ 120.43587, 23.44356 ], [ 120.43586, 23.44359 ], [ 120.43586, 23.44365 ], [ 120.4359, 23.44375 ], [ 120.43592, 23.44382 ], [ 120.43594, 23.44394 ], [ 120.43594, 23.44399 ], [ 120.43591, 23.44405 ], [ 120.43641, 23.44404 ] ] ] ] } },
{ "type": "Feature", "properties": { "days": 66, "type": "low", "color_hint": "Blues" }, "geometry": { "type": "MultiPolygon", "coordinates": [ [ [ [ 120.42945, 23.46751 ], [ 120.42946, 23.46776 ], [ 120.42952, 23.46842 ], [ 120.42974, 23.46932 ], [ 120.4302, 23.47023 ], [ 120.43043, 23.47057 ], [ 120.4314, 23.4711 ], [ 120.43149, 23.47113 ], [ 120.43238, 23.47135 ], [ 120.43336, 23.47143 ], [ 120.43434, 23.47141 ], [ 120.43532, 23.47131 ], [ 120.43627, 23.47115 ], [ 120.4363, 23.47115 ], [ 120.43728, 23.47088 ], [ 120.43826, 23.47059 ], [ 120.43924, 23.47029 ], [ 120.43934, 23.47026 ], [ 120.44022, 23.46987 ], [ 120.44118, 23.46936 ], [ 120.4412, 23.46933 ], [ 120.44161, 23.46846 ], [ 120.44177, 23.46756 ], [ 120.44189, 23.46666 ], [ 120.44194, 23.46575 ], [ 120.4419, 23.46485 ], [ 120.44176, 23.46395 ], [ 120.44153, 23.46304 ], [ 120.44123, 23.46217 ], [ 120.44122, 23.46214 ], [ 120.44075, 23.46123 ], [ 120.44026, 23.46037 ], [ 120.44023, 23.46033 ], [ 120.43952, 23.45942 ], [ 120.43928, 23.45915 ], [ 120.43866, 23.45852 ], [ 120.43831, 23.45815 ], [ 120.43767, 23.45761 ], [ 120.43733, 23.45732 ], [ 120.43647, 23.4567 ], [ 120.43636, 23.45661 ], [ 120.43538, 23.45599 ], [ 120.435, 23.4558 ], [ 120.43441, 23.45545 ], [ 120.43343, 23.455 ], [ 120.43307, 23.45489 ], [ 120.43245, 23.45463 ], [ 120.43147, 23.45468 ], [ 120.43131, 23.45488 ], [ 120.43078, 23.45578 ], [ 120.43049, 23.45659 ], [ 120.43047, 23.45668 ], [ 120.43032, 23.45758 ], [ 120.43019, 23.45849 ], [ 120.43009, 23.45939 ], [ 120.43, 23.46029 ], [ 120.42993, 23.4612 ], [ 120.42984, 23.4621 ], [ 120.42975, 23.463 ], [ 120.42965, 23.4639 ], [ 120.42956, 23.46481 ], [ 120.42949, 23.46571 ], [ 120.42947, 23.46615 ], [ 120.42945, 23.46661 ], [ 120.42945, 23.46751 ] ] ] ] } },
{ "type": "Feature", "properties": { "days": 65, "type": "low", "color_hint": "Blues" }, "geometry": { "type": "MultiPolygon", "coordinates": [ [ [ [ 120.42945, 23.46661 ], [ 120.42945, 23.46751 ], [ 120.42946, 23.46776 ], [ 120.42952, 23.46842 ], [ 120.42974, 23.46932 ], [ 120.4302, 23.47023 ], [ 120.43043, 23.47057 ], [ 120.4314, 23.4711 ], [ 120.43149, 23.47113 ], [ 120.43238, 23.47135 ], [ 120.43336, 23.47143 ], [ 120.43434, 23.47141 ], [ 120.43532, 23.47131 ], [ 120.43627, 23.47115 ], [ 120.4363, 23.47115 ], [ 120.43728, 23.47088 ], [ 120.43826, 23.47059 ], [ 120.43924, 23.47029 ], [ 120.43934, 23.47026 ], [ 120.44022, 23.46987 ], [ 120.44118, 23.46936 ], [ 120.4412, 23.46933 ], [ 120.44161, 23.46846 ], [ 120.44177, 23.46756 ], [ 120.44189, 23.46666 ], [ 120.44194, 23.46575 ], [ 120.4419, 23.46485 ], [ 120.44176, 23.46395 ], [ 120.44153, 23.46304 ], [ 120.44123, 23.46217 ], [ 120.44122, 23.46214 ], [ 120.44075, 23.46123 ], [ 120.44026, 23.46037 ], [ 120.44023, 23.46033 ], [ 120.43952, 23.45942 ], [ 120.43928, 23.45915 ], [ 120.43866, 23.45852 ], [ 120.43831, 23.45815 ], [ 120.43767, 23.45761 ], [ 120.43733, 23.45732 ], [ 120.43647, 23.4567 ], [ 120.43636, 23.45661 ], [ 120.43538, 23.45599 ], [ 120.435, 23.4558 ], [ 120.43441, 23.45545 ], [ 120.43343, 23.455 ], [ 120.43307, 23.45489 ], [ 120.43245, 23.45463 ], [ 120.43147, 23.45468 ], [ 120.43131, 23.45488 ], [ 120.43078, 23.45578 ], [ 120.43049, 23.45659 ], [ 120.43047, 23.45668 ], [ 120.43032, 23.45758 ], [ 120.43019, 23.45849 ], [ 120.43009, 23.45939 ], [ 120.43, 23.46029 ], [ 120.42993, 23.4612 ], [ 120.42984, 23.4621 ], [ 120.42975, 23.463 ], [ 120.42965, 23.4639 ], [ 120.42956, 23.46481 ], [ 120.42949, 23.46571 ], [ 120.42947, 23.46615 ], [ 120.42945, 23.46661 ] ] ] ] } },
{ "type": "Feature", "properties": { "days": 66, "type": "low", "color_hint": "Blues" }, "geometry": { "type": "MultiPolygon", "coordinates": [ [ [ [ 120.44316, 23.4696 ], [ 120.44404, 23.47028 ], [ 120.44413, 23.4703 ], [ 120.44511, 23.4706 ], [ 120.44609, 23.47093 ], [ 120.44692, 23.47119 ], [ 120.44706, 23.47122 ], [ 120.44804, 23.47132 ], [ 120.44902, 23.47122 ], [ 120.44908, 23.4712 ], [ 120.44997, 23.4703 ], [ 120.44974, 23.46939 ], [ 120.44903, 23.46893 ], [ 120.44805, 23.46855 ], [ 120.44767, 23.46848 ], [ 120.44708, 23.46842 ], [ 120.4461, 23.46844 ], [ 120.44574, 23.46848 ], [ 120.44512, 23.4686 ], [ 120.44414, 23.4689 ], [ 120.44316, 23.46921 ], [ 120.44245, 23.46937 ], [ 120.44316, 23.4696 ] ] ] ] } },
{ "type": "Feature", "properties": { "days": 65, "type": "low", "color_hint": "Blues" }, "geometry": { "type": "MultiPolygon", "coordinates": [ [ [ [ 120.44245, 23.46937 ], [ 120.44316, 23.4696 ], [ 120.44404, 23.47028 ], [ 120.44413, 23.4703 ], [ 120.44511, 23.4706 ], [ 120.44609, 23.47093 ], [ 120.44692, 23.47119 ], [ 120.44706, 23.47122 ], [ 120.44804, 23.47132 ], [ 120.44902, 23.47122 ], [ 120.44908, 23.4712 ], [ 120.44997, 23.4703 ], [ 120.44974, 23.46939 ], [ 120.44903, 23.46893 ], [ 120.44805, 23.46855 ], [ 120.44767, 23.46848 ], [ 120.44708, 23.46842 ], [ 120.4461, 23.46844 ], [ 120.44574, 23.46848 ], [ 120.44512, 23.4686 ], [ 120.44414, 23.4689 ], [ 120.44316, 23.46921 ], [ 120.44245, 23.46937 ] ] ] ] } },
{ "type": "Feature", "properties": { "days": 65, "type": "low", "color_hint": "Blues" }, "geometry": { "type": "MultiPolygon", "coordinates": [ [ [ [ 120.39511, 23.48647 ], [ 120.39543, 23.48635 ], [ 120.39609, 23.4861 ], [ 120.39708, 23.48578 ], [ 120.39806, 23.48553 ], [ 120.39849, 23.48546 ], [ 120.39903, 23.48536 ], [ 120.40001, 23.48525 ], [ 120.40099, 23.48523 ], [ 120.40197, 23.48529 ], [ 120.40295, 23.48541 ], [ 120.40326, 23.48548 ], [ 120.40393, 23.48568 ], [ 120.4049, 23.48626 ], [ 120.40509, 23.48639 ], [ 120.40588, 23.48697 ], [ 120.4063, 23.48729 ], [ 120.40686, 23.4878 ], [ 120.40733, 23.4882 ], [ 120.40783, 23.48874 ], [ 120.40831, 23.48911 ], [ 120.40881, 23.48965 ], [ 120.40978, 23.49001 ], [ 120.41076, 23.48969 ], [ 120.41122, 23.48912 ], [ 120.41175, 23.48859 ], [ 120.41201, 23.48822 ], [ 120.41273, 23.48733 ], [ 120.41274, 23.48732 ], [ 120.41348, 23.48642 ], [ 120.41372, 23.48615 ], [ 120.41428, 23.48552 ], [ 120.4147, 23.48508 ], [ 120.41516, 23.48462 ], [ 120.41568, 23.48405 ], [ 120.41598, 23.48372 ], [ 120.41667, 23.48296 ], [ 120.4168, 23.48282 ], [ 120.41765, 23.48195 ], [ 120.41769, 23.48192 ], [ 120.41863, 23.48104 ], [ 120.41867, 23.48102 ], [ 120.41962, 23.48026 ], [ 120.41984, 23.48012 ], [ 120.4206, 23.47964 ], [ 120.42137, 23.47922 ], [ 120.42158, 23.47911 ], [ 120.42256, 23.4787 ], [ 120.42354, 23.4784 ], [ 120.42393, 23.47833 ], [ 120.42452, 23.47822 ], [ 120.4255, 23.47817 ], [ 120.42648, 23.47822 ], [ 120.42714, 23.47834 ], [ 120.42746, 23.47841 ], [ 120.42843, 23.47871 ], [ 120.42935, 23.47925 ], [ 120.42941, 23.4793 ], [ 120.43009, 23.48016 ], [ 120.43038, 23.48072 ], [ 120.43058, 23.48106 ], [ 120.43106, 23.48197 ], [ 120.43126, 23.48287 ], [ 120.43119, 23.48377 ], [ 120.43099, 23.48468 ], [ 120.43071, 23.48558 ], [ 120.43042, 23.48648 ], [ 120.43036, 23.48669 ], [ 120.43023, 23.48738 ], [ 120.4301, 23.48829 ], [ 120.43003, 23.48919 ], [ 120.43006, 23.49009 ], [ 120.4302, 23.491 ], [ 120.43034, 23.49154 ], [ 120.43059, 23.4919 ], [ 120.43131, 23.49256 ], [ 120.43229, 23.49229 ], [ 120.43291, 23.49191 ], [ 120.43327, 23.49172 ], [ 120.43425, 23.49111 ], [ 120.43442, 23.49101 ], [ 120.43524, 23.49051 ], [ 120.43604, 23.49011 ], [ 120.43622, 23.49 ], [ 120.4372, 23.48956 ], [ 120.43818, 23.48943 ], [ 120.43916, 23.48964 ], [ 120.44013, 23.49007 ], [ 120.44024, 23.49013 ], [ 120.44111, 23.49061 ], [ 120.44178, 23.49104 ], [ 120.44209, 23.49123 ], [ 120.44306, 23.49185 ], [ 120.44319, 23.49195 ], [ 120.44404, 23.49257 ], [ 120.44443, 23.49285 ], [ 120.44501, 23.49331 ], [ 120.44561, 23.49376 ], [ 120.44599, 23.49408 ], [ 120.4467, 23.49467 ], [ 120.44697, 23.49491 ], [ 120.44769, 23.49557 ], [ 120.44794, 23.49583 ], [ 120.44861, 23.49648 ], [ 120.44892, 23.49685 ], [ 120.44944, 23.49739 ], [ 120.44989, 23.498 ], [ 120.45016, 23.49829 ], [ 120.45062, 23.4992 ], [ 120.44988, 23.49999 ], [ 120.44956, 23.50009 ], [ 120.4489, 23.50018 ], [ 120.44792, 23.50025 ], [ 120.44694, 23.50028 ], [ 120.44596, 23.50029 ], [ 120.44499, 23.50027 ], [ 120.44401, 23.50024 ], [ 120.44303, 23.50019 ], [ 120.44205, 23.50014 ], [ 120.44107, 23.50007 ], [ 120.4409, 23.50006 ], [ 120.44009, 23.5 ], [ 120.43911, 23.49993 ], [ 120.43813, 23.49985 ], [ 120.43715, 23.49977 ], [ 120.43618, 23.4997 ], [ 120.4352, 23.49964 ], [ 120.43422, 23.49961 ], [ 120.43324, 23.4996 ], [ 120.43226, 23.49964 ], [ 120.43128, 23.49974 ], [ 120.4303, 23.49991 ], [ 120.42988, 23.50002 ], [ 120.42932, 23.50014 ], [ 120.42834, 23.50025 ], [ 120.42736, 23.50031 ], [ 120.42638, 23.50031 ], [ 120.4254, 23.50029 ], [ 120.42442, 23.50025 ], [ 120.42345, 23.50019 ], [ 120.42247, 23.50014 ], [ 120.42149, 23.50008 ], [ 120.42051, 23.50002 ], [ 120.41966, 23.49999 ], [ 120.41953, 23.49998 ], [ 120.41855, 23.49995 ], [ 120.41757, 23.49993 ], [ 120.41659, 23.49993 ], [ 120.41561, 23.49995 ], [ 120.41491, 23.49997 ], [ 120.41463, 23.49998 ], [ 120.41366, 23.50001 ], [ 120.41268, 23.50004 ], [ 120.41267, 23.50004 ], [ 120.41267, 23.50006 ], [ 120.41282, 23.50047 ], [ 120.41291, 23.5008 ], [ 120.413, 23.50118 ], [ 120.41306, 23.50151 ], [ 120.41318, 23.50196 ], [ 120.41329, 23.50226 ], [ 120.41342, 23.50241 ], [ 120.41365, 23.50257 ], [ 120.41392, 23.50275 ], [ 120.41422, 23.50298 ], [ 120.41463, 23.50326 ], [ 120.41505, 23.50358 ], [ 120.41542, 23.50384 ], [ 120.41576, 23.50414 ], [ 120.41587, 23.50427 ], [ 120.41599, 23.50443 ], [ 120.41616, 23.50466 ], [ 120.41633, 23.50488 ], [ 120.41648, 23.50513 ], [ 120.41662, 23.50528 ], [ 120.41675, 23.50536 ], [ 120.41696, 23.50544 ], [ 120.41718, 23.50549 ], [ 120.41735, 23.50554 ], [ 120.41759, 23.50558 ], [ 120.41792, 23.5056 ], [ 120.41831, 23.50563 ], [ 120.41866, 23.50565 ], [ 120.41916, 23.50569 ], [ 120.41955, 23.50574 ], [ 120.4199, 23.50582 ], [ 120.42021, 23.50589 ], [ 120.42063, 23.50599 ], [ 120.42097, 23.50606 ], [ 120.4212, 23.50608 ], [ 120.42142, 23.50609 ], [ 120.42185, 23.50605 ], [ 120.42226, 23.50601 ], [ 120.42261, 23.50601 ], [ 120.42281, 23.50606 ], [ 120.42288, 23.50612 ], [ 120.42298, 23.50624 ], [ 120.42305, 23.5063 ], [ 120.42313, 23.50629 ], [ 120.42328, 23.50627 ], [ 120.42349, 23.50625 ], [ 120.42375, 23.50621 ], [ 120.42405, 23.5062 ], [ 120.42427, 23.5062 ], [ 120.42451, 23.50622 ], [ 120.42476, 23.5063 ], [ 120.42492, 23.50639 ], [ 120.42499, 23.50644 ], [ 120.42507, 23.50658 ], [ 120.42519, 23.50677 ], [ 120.42535, 23.50699 ], [ 120.42535, 23.50699 ], [ 120.42552, 23.50726 ], [ 120.42564, 23.50745 ], [ 120.42572, 23.50769 ], [ 120.42579, 23.50786 ], [ 120.42589, 23.50811 ], [ 120.42597, 23.50832 ], [ 120.42604, 23.50854 ], [ 120.42611, 23.50861 ], [ 120.42628, 23.50876 ], [ 120.42644, 23.50883 ], [ 120.42677, 23.50895 ], [ 120.4271, 23.50908 ], [ 120.42748, 23.50918 ], [ 120.42786, 23.50924 ], [ 120.42814, 23.50924 ], [ 120.42838, 23.5092 ], [ 120.42865, 23.50918 ], [ 120.42885, 23.50915 ], [ 120.42903, 23.50913 ], [ 120.42935, 23.50907 ], [ 120.42971, 23.50901 ], [ 120.43, 23.50898 ], [ 120.43043, 23.50893 ], [ 120.43152, 23.50874 ], [ 120.43187, 23.50872 ], [ 120.43222, 23.50871 ], [ 120.43253, 23.50875 ], [ 120.43276, 23.5088 ], [ 120.43306, 23.50887 ], [ 120.43318, 23.5089 ], [ 120.43318, 23.50892 ], [ 120.43328, 23.509 ], [ 120.43335, 23.50903 ], [ 120.43339, 23.50908 ], [ 120.43344, 23.50916 ], [ 120.4335, 23.50925 ], [ 120.43355, 23.50931 ], [ 120.4336, 23.50939 ], [ 120.43364, 23.5095 ], [ 120.4337, 23.5096 ], [ 120.43374, 23.5097 ], [ 120.43377, 23.50981 ], [ 120.4338, 23.50989 ], [ 120.43382, 23.51 ], [ 120.43384, 23.51009 ], [ 120.43385, 23.51018 ], [ 120.43386, 23.51027 ], [ 120.43387, 23.51041 ], [ 120.43387, 23.51054 ], [ 120.43387, 23.51067 ], [ 120.43388, 23.51076 ], [ 120.43387, 23.51084 ], [ 120.43386, 23.51092 ], [ 120.43384, 23.51101 ], [ 120.43381, 23.51111 ], [ 120.43378, 23.5112 ], [ 120.43375, 23.5113 ], [ 120.43371, 23.51141 ], [ 120.43365, 23.51152 ], [ 120.4336, 23.51164 ], [ 120.43356, 23.51173 ], [ 120.4335, 23.51183 ], [ 120.43345, 23.51192 ], [ 120.43342, 23.51199 ], [ 120.43336, 23.5121 ], [ 120.43333, 23.51218 ], [ 120.4333, 23.51225 ], [ 120.43325, 23.51235 ], [ 120.43324, 23.51241 ], [ 120.43316, 23.51276 ], [ 120.43316, 23.51228 ], [ 120.43306, 23.51245 ], [ 120.433, 23.51252 ], [ 120.43293, 23.51267 ], [ 120.43287, 23.51281 ], [ 120.43277, 23.51301 ], [ 120.43272, 23.5131 ], [ 120.43265, 23.51328 ], [ 120.43264, 23.5133 ], [ 120.43278, 23.51358 ], [ 120.43308, 23.51415 ], [ 120.43316, 23.51418 ], [ 120.43316, 23.51423 ], [ 120.43337, 23.51428 ], [ 120.43353, 23.51434 ], [ 120.43358, 23.51445 ], [ 120.43361, 23.51459 ], [ 120.43371, 23.51486 ], [ 120.43383, 23.51514 ], [ 120.43404, 23.51539 ], [ 120.43415, 23.51546 ], [ 120.43513, 23.5158 ], [ 120.43611, 23.51596 ], [ 120.43664, 23.51602 ], [ 120.43684, 23.51575 ], [ 120.43697, 23.51557 ], [ 120.43724, 23.51528 ], [ 120.43736, 23.51515 ], [ 120.43742, 23.51497 ], [ 120.43747, 23.51482 ], [ 120.43746, 23.51468 ], [ 120.43745, 23.51457 ], [ 120.43737, 23.51442 ], [ 120.43728, 23.51433 ], [ 120.43717, 23.51423 ], [ 120.43713, 23.51413 ], [ 120.43714, 23.51404 ], [ 120.43718, 23.51397 ], [ 120.4373, 23.51385 ], [ 120.43749, 23.5137 ], [ 120.43783, 23.51335 ], [ 120.43823, 23.51294 ], [ 120.43853, 23.51263 ], [ 120.4388, 23.51241 ], [ 120.43905, 23.51224 ], [ 120.43926, 23.51218 ], [ 120.43961, 23.51216 ], [ 120.43992, 23.51212 ], [ 120.44024, 23.51201 ], [ 120.4405, 23.51194 ], [ 120.44061, 23.51193 ], [ 120.44088, 23.512 ], [ 120.44099, 23.51206 ], [ 120.44117, 23.51217 ], [ 120.44135, 23.51229 ], [ 120.44152, 23.51245 ], [ 120.44163, 23.51258 ], [ 120.44179, 23.51274 ], [ 120.44191, 23.51284 ], [ 120.44204, 23.51298 ], [ 120.44212, 23.51317 ], [ 120.44214, 23.51332 ], [ 120.44213, 23.5135 ], [ 120.4421, 23.51366 ], [ 120.44201, 23.51389 ], [ 120.44189, 23.51419 ], [ 120.4418, 23.51449 ], [ 120.44174, 23.51472 ], [ 120.44173, 23.51482 ], [ 120.44169, 23.51498 ], [ 120.44161, 23.5152 ], [ 120.44148, 23.51554 ], [ 120.44137, 23.51581 ], [ 120.44127, 23.51613 ], [ 120.44123, 23.51633 ], [ 120.44118, 23.51647 ], [ 120.44198, 23.51655 ], [ 120.44296, 23.51664 ], [ 120.44394, 23.51673 ], [ 120.44492, 23.5168 ], [ 120.4459, 23.51682 ], [ 120.44687, 23.51673 ], [ 120.44785, 23.51662 ], [ 120.44883, 23.51656 ], [ 120.44981, 23.51647 ], [ 120.45073, 23.51635 ], [ 120.45079, 23.51634 ], [ 120.45177, 23.51617 ], [ 120.45275, 23.51599 ], [ 120.45311, 23.51594 ], [ 120.45314, 23.51593 ], [ 120.45327, 23.51588 ], [ 120.45351, 23.51588 ], [ 120.45373, 23.51585 ], [ 120.45471, 23.51574 ], [ 120.45569, 23.5156 ], [ 120.45633, 23.51547 ], [ 120.45667, 23.5154 ], [ 120.45738, 23.51519 ], [ 120.45741, 23.515 ], [ 120.45742, 23.51473 ], [ 120.45742, 23.51465 ], [ 120.45735, 23.51434 ], [ 120.45734, 23.51416 ], [ 120.4574, 23.51374 ], [ 120.45738, 23.51364 ], [ 120.4573, 23.51353 ], [ 120.45713, 23.51334 ], [ 120.45709, 23.51325 ], [ 120.45679, 23.51317 ], [ 120.45657, 23.51316 ], [ 120.45644, 23.51313 ], [ 120.45636, 23.51306 ], [ 120.45628, 23.51295 ], [ 120.45622, 23.51284 ], [ 120.4562, 23.51243 ], [ 120.45619, 23.51215 ], [ 120.45622, 23.51203 ], [ 120.4563, 23.51177 ], [ 120.45661, 23.51115 ], [ 120.45693, 23.51044 ], [ 120.45726, 23.50986 ], [ 120.45741, 23.50954 ], [ 120.45754, 23.50937 ], [ 120.45763, 23.50913 ], [ 120.45777, 23.50892 ], [ 120.45785, 23.50887 ], [ 120.45806, 23.50882 ], [ 120.45807, 23.50881 ], [ 120.45807, 23.50866 ], [ 120.45823, 23.50862 ], [ 120.45849, 23.50847 ], [ 120.45874, 23.50832 ], [ 120.45894, 23.50819 ], [ 120.45918, 23.50803 ], [ 120.45953, 23.50771 ], [ 120.45984, 23.50734 ], [ 120.46007, 23.50704 ], [ 120.46039, 23.50659 ], [ 120.46062, 23.50622 ], [ 120.46075, 23.50594 ], [ 120.46096, 23.50557 ], [ 120.46115, 23.50527 ], [ 120.46132, 23.50497 ], [ 120.46149, 23.50469 ], [ 120.46159, 23.50449 ], [ 120.46166, 23.50435 ], [ 120.46171, 23.50415 ], [ 120.46182, 23.50388 ], [ 120.46197, 23.50353 ], [ 120.46206, 23.50327 ], [ 120.4621, 23.50308 ], [ 120.46212, 23.5029 ], [ 120.46212, 23.50272 ], [ 120.4621, 23.50257 ], [ 120.46209, 23.50237 ], [ 120.46205, 23.50207 ], [ 120.46209, 23.50181 ], [ 120.46217, 23.50154 ], [ 120.46232, 23.50124 ], [ 120.46244, 23.50102 ], [ 120.46262, 23.50074 ], [ 120.46282, 23.50051 ], [ 120.46301, 23.50027 ], [ 120.46319, 23.50007 ], [ 120.46342, 23.49984 ], [ 120.46362, 23.49962 ], [ 120.46385, 23.49941 ], [ 120.46412, 23.49923 ], [ 120.46442, 23.49907 ], [ 120.46467, 23.499 ], [ 120.46496, 23.49891 ], [ 120.46522, 23.49884 ], [ 120.46549, 23.49874 ], [ 120.46568, 23.49874 ], [ 120.46572, 23.49874 ], [ 120.46589, 23.49881 ], [ 120.46611, 23.49888 ], [ 120.46624, 23.49888 ], [ 120.46651, 23.49883 ], [ 120.46679, 23.49882 ], [ 120.46714, 23.4988 ], [ 120.46747, 23.49878 ], [ 120.46778, 23.49886 ], [ 120.46803, 23.49896 ], [ 120.46805, 23.49896 ], [ 120.46836, 23.49908 ], [ 120.46861, 23.49915 ], [ 120.46893, 23.49929 ], [ 120.46924, 23.49943 ], [ 120.46948, 23.49959 ], [ 120.46972, 23.49977 ], [ 120.46996, 23.50002 ], [ 120.47012, 23.50022 ], [ 120.47018, 23.50038 ], [ 120.47023, 23.50051 ], [ 120.4703, 23.50077 ], [ 120.47033, 23.50107 ], [ 120.47037, 23.50132 ], [ 120.47047, 23.50162 ], [ 120.47058, 23.50206 ], [ 120.47058, 23.50222 ], [ 120.47065, 23.50278 ], [ 120.47065, 23.50294 ], [ 120.47067, 23.50318 ], [ 120.4707, 23.50345 ], [ 120.47076, 23.50367 ], [ 120.47082, 23.50382 ], [ 120.47094, 23.50396 ], [ 120.47112, 23.50415 ], [ 120.47134, 23.50434 ], [ 120.47156, 23.50452 ], [ 120.47181, 23.50468 ], [ 120.47207, 23.50487 ], [ 120.47231, 23.50506 ], [ 120.47258, 23.5052 ], [ 120.47273, 23.5054 ], [ 120.47279, 23.50555 ], [ 120.47282, 23.50574 ], [ 120.47285, 23.50595 ], [ 120.47294, 23.50607 ], [ 120.47315, 23.50559 ], [ 120.47336, 23.50513 ], [ 120.47356, 23.50469 ], [ 120.47393, 23.50379 ], [ 120.47427, 23.50289 ], [ 120.47435, 23.50265 ], [ 120.47457, 23.50199 ], [ 120.47481, 23.50108 ], [ 120.47502, 23.50018 ], [ 120.47516, 23.49928 ], [ 120.47518, 23.49838 ], [ 120.47511, 23.49747 ], [ 120.47496, 23.49657 ], [ 120.47469, 23.49567 ], [ 120.47438, 23.49506 ], [ 120.47421, 23.49476 ], [ 120.47365, 23.49386 ], [ 120.47341, 23.49351 ], [ 120.47298, 23.49295 ], [ 120.47243, 23.4923 ], [ 120.47219, 23.49205 ], [ 120.47146, 23.49129 ], [ 120.47129, 23.49114 ], [ 120.47048, 23.49039 ], [ 120.47026, 23.49023 ], [ 120.46951, 23.48961 ], [ 120.46913, 23.48933 ], [ 120.46853, 23.48887 ], [ 120.46788, 23.48842 ], [ 120.46755, 23.48818 ], [ 120.46658, 23.48753 ], [ 120.46655, 23.48751 ], [ 120.4656, 23.48687 ], [ 120.46522, 23.4866 ], [ 120.46462, 23.48609 ], [ 120.46424, 23.4857 ], [ 120.46365, 23.48511 ], [ 120.4632, 23.48479 ], [ 120.46267, 23.48442 ], [ 120.46191, 23.48388 ], [ 120.4617, 23.4837 ], [ 120.46092, 23.48298 ], [ 120.46072, 23.48271 ], [ 120.46024, 23.48207 ], [ 120.4599, 23.48117 ], [ 120.45992, 23.48027 ], [ 120.46034, 23.47936 ], [ 120.46074, 23.47882 ], [ 120.46106, 23.47846 ], [ 120.46172, 23.4779 ], [ 120.4622, 23.47756 ], [ 120.4627, 23.47727 ], [ 120.46368, 23.47677 ], [ 120.46389, 23.47667 ], [ 120.46466, 23.47631 ], [ 120.46564, 23.47587 ], [ 120.46584, 23.47577 ], [ 120.46663, 23.47541 ], [ 120.46761, 23.47495 ], [ 120.46778, 23.47487 ], [ 120.46859, 23.47453 ], [ 120.46957, 23.47421 ], [ 120.47055, 23.47404 ], [ 120.47153, 23.4741 ], [ 120.4725, 23.4743 ], [ 120.47348, 23.47444 ], [ 120.47446, 23.47435 ], [ 120.47506, 23.474 ], [ 120.47544, 23.47355 ], [ 120.47571, 23.4731 ], [ 120.47623, 23.47219 ], [ 120.47643, 23.47195 ], [ 120.47703, 23.47129 ], [ 120.47741, 23.47101 ], [ 120.47839, 23.47041 ], [ 120.47843, 23.4704 ], [ 120.47937, 23.47012 ], [ 120.48035, 23.46999 ], [ 120.48133, 23.47007 ], [ 120.48231, 23.47029 ], [ 120.48266, 23.47041 ], [ 120.48329, 23.47059 ], [ 120.48426, 23.47094 ], [ 120.48522, 23.47132 ], [ 120.48524, 23.47133 ], [ 120.48622, 23.47172 ], [ 120.4872, 23.47213 ], [ 120.48745, 23.47223 ], [ 120.48817, 23.47252 ], [ 120.48915, 23.47291 ], [ 120.48976, 23.47314 ], [ 120.49013, 23.47327 ], [ 120.49111, 23.47354 ], [ 120.49208, 23.47372 ], [ 120.49306, 23.47381 ], [ 120.49404, 23.4738 ], [ 120.49502, 23.47386 ], [ 120.496, 23.47403 ], [ 120.49617, 23.47407 ], [ 120.49698, 23.47425 ], [ 120.49795, 23.47446 ], [ 120.49893, 23.4746 ], [ 120.49991, 23.47464 ], [ 120.50089, 23.47456 ], [ 120.50187, 23.47436 ], [ 120.50283, 23.47409 ], [ 120.50285, 23.47408 ], [ 120.50383, 23.47379 ], [ 120.50481, 23.47352 ], [ 120.50579, 23.47331 ], [ 120.50677, 23.47321 ], [ 120.50775, 23.47324 ], [ 120.50873, 23.47322 ], [ 120.50884, 23.4732 ], [ 120.50928, 23.47313 ], [ 120.50931, 23.47307 ], [ 120.50936, 23.47293 ], [ 120.50936, 23.47284 ], [ 120.50934, 23.47267 ], [ 120.50929, 23.47255 ], [ 120.50925, 23.47239 ], [ 120.50924, 23.47226 ], [ 120.5092, 23.47213 ], [ 120.50913, 23.47203 ], [ 120.50905, 23.4719 ], [ 120.50897, 23.47175 ], [ 120.50886, 23.47167 ], [ 120.50874, 23.47157 ], [ 120.50865, 23.4715 ], [ 120.50862, 23.47144 ], [ 120.50861, 23.47137 ], [ 120.50856, 23.47136 ], [ 120.50849, 23.4714 ], [ 120.5084, 23.47148 ], [ 120.50829, 23.47155 ], [ 120.50812, 23.47166 ], [ 120.50806, 23.47167 ], [ 120.50776, 23.47173 ], [ 120.50757, 23.47177 ], [ 120.50726, 23.47179 ], [ 120.50718, 23.47176 ], [ 120.5071, 23.47169 ], [ 120.50698, 23.47154 ], [ 120.50691, 23.47138 ], [ 120.50684, 23.47122 ], [ 120.50677, 23.47106 ], [ 120.50672, 23.47091 ], [ 120.50671, 23.47088 ], [ 120.5058, 23.47117 ], [ 120.50518, 23.47139 ], [ 120.50482, 23.47149 ], [ 120.50384, 23.47178 ], [ 120.50286, 23.47205 ], [ 120.50194, 23.47228 ], [ 120.50188, 23.47229 ], [ 120.5009, 23.47246 ], [ 120.49992, 23.47254 ], [ 120.49894, 23.47251 ], [ 120.49796, 23.47239 ], [ 120.49719, 23.47226 ], [ 120.49698, 23.47222 ], [ 120.49601, 23.472 ], [ 120.49503, 23.47174 ], [ 120.49405, 23.47146 ], [ 120.49367, 23.47135 ], [ 120.49307, 23.47114 ], [ 120.4921, 23.4708 ], [ 120.49112, 23.47046 ], [ 120.49106, 23.47044 ], [ 120.49014, 23.47004 ], [ 120.48916, 23.46962 ], [ 120.48898, 23.46953 ], [ 120.48819, 23.46915 ], [ 120.48721, 23.46867 ], [ 120.48711, 23.46862 ], [ 120.48623, 23.46819 ], [ 120.48526, 23.46772 ], [ 120.48523, 23.46771 ], [ 120.48428, 23.46728 ], [ 120.4833, 23.46686 ], [ 120.48314, 23.4668 ], [ 120.48232, 23.4665 ], [ 120.48135, 23.46625 ], [ 120.48037, 23.46618 ], [ 120.47939, 23.46632 ], [ 120.47841, 23.4666 ], [ 120.4779, 23.46678 ], [ 120.47743, 23.46696 ], [ 120.47645, 23.46737 ], [ 120.47574, 23.46768 ], [ 120.47547, 23.4678 ], [ 120.47449, 23.46826 ], [ 120.47377, 23.46857 ], [ 120.4735, 23.46871 ], [ 120.47252, 23.46916 ], [ 120.4717, 23.46947 ], [ 120.47154, 23.46955 ], [ 120.47056, 23.46989 ], [ 120.46958, 23.47006 ], [ 120.4686, 23.47026 ], [ 120.46813, 23.47036 ], [ 120.46762, 23.47045 ], [ 120.46664, 23.47062 ], [ 120.46567, 23.47077 ], [ 120.46469, 23.4709 ], [ 120.46371, 23.47098 ], [ 120.46273, 23.471 ], [ 120.46175, 23.47089 ], [ 120.46077, 23.4706 ], [ 120.46031, 23.47033 ], [ 120.4598, 23.46955 ], [ 120.45975, 23.46943 ], [ 120.45963, 23.46853 ], [ 120.45967, 23.46762 ], [ 120.45981, 23.46679 ], [ 120.45982, 23.46672 ], [ 120.46008, 23.46582 ], [ 120.46034, 23.46492 ], [ 120.46056, 23.46401 ], [ 120.46068, 23.46311 ], [ 120.46069, 23.46221 ], [ 120.46054, 23.4613 ], [ 120.46018, 23.4604 ], [ 120.45984, 23.45976 ], [ 120.45965, 23.4595 ], [ 120.45905, 23.45859 ], [ 120.45886, 23.45835 ], [ 120.45832, 23.45768 ], [ 120.45789, 23.45716 ], [ 120.45756, 23.45678 ], [ 120.45692, 23.45605 ], [ 120.45675, 23.45587 ], [ 120.45594, 23.45503 ], [ 120.45588, 23.45497 ], [ 120.45497, 23.45407 ], [ 120.45496, 23.45406 ], [ 120.45399, 23.45318 ], [ 120.45396, 23.45315 ], [ 120.45302, 23.45234 ], [ 120.4529, 23.45225 ], [ 120.45204, 23.45155 ], [ 120.45176, 23.45134 ], [ 120.45106, 23.45081 ], [ 120.45053, 23.45043 ], [ 120.45009, 23.4501 ], [ 120.44915, 23.44953 ], [ 120.44911, 23.44951 ], [ 120.44813, 23.44921 ], [ 120.44716, 23.44914 ], [ 120.44618, 23.44935 ], [ 120.44578, 23.44951 ], [ 120.4452, 23.44987 ], [ 120.44438, 23.45041 ], [ 120.44421, 23.45079 ], [ 120.4438, 23.45131 ], [ 120.44421, 23.45195 ], [ 120.44433, 23.45222 ], [ 120.44518, 23.45298 ], [ 120.44533, 23.45312 ], [ 120.44616, 23.45379 ], [ 120.44645, 23.45403 ], [ 120.44713, 23.45457 ], [ 120.44761, 23.45494 ], [ 120.44811, 23.45535 ], [ 120.44898, 23.45585 ], [ 120.44909, 23.45592 ], [ 120.45006, 23.45618 ], [ 120.45104, 23.45649 ], [ 120.45146, 23.45676 ], [ 120.45202, 23.4571 ], [ 120.45276, 23.45767 ], [ 120.45299, 23.45789 ], [ 120.45355, 23.45857 ], [ 120.45351, 23.45947 ], [ 120.45298, 23.45984 ], [ 120.452, 23.46029 ], [ 120.45117, 23.46037 ], [ 120.45102, 23.46038 ], [ 120.45099, 23.46037 ], [ 120.45005, 23.45996 ], [ 120.44943, 23.45946 ], [ 120.44907, 23.45915 ], [ 120.44848, 23.45855 ], [ 120.4481, 23.45818 ], [ 120.44763, 23.45765 ], [ 120.44712, 23.4571 ], [ 120.44683, 23.45674 ], [ 120.44615, 23.45596 ], [ 120.44605, 23.45584 ], [ 120.4454, 23.45493 ], [ 120.44518, 23.45463 ], [ 120.44478, 23.45403 ], [ 120.4442, 23.45336 ], [ 120.44402, 23.45312 ], [ 120.44323, 23.45234 ], [ 120.44311, 23.45221 ], [ 120.44225, 23.4515 ], [ 120.44203, 23.45131 ], [ 120.44128, 23.4508 ], [ 120.44071, 23.4504 ], [ 120.4403, 23.4502 ], [ 120.43939, 23.44949 ], [ 120.43933, 23.44944 ], [ 120.43868, 23.44859 ], [ 120.43835, 23.44809 ], [ 120.43816, 23.44768 ], [ 120.4378, 23.44678 ], [ 120.43777, 23.4467 ], [ 120.43777, 23.4467 ], [ 120.43767, 23.44667 ], [ 120.43753, 23.44663 ], [ 120.43733, 23.44653 ], [ 120.43716, 23.44648 ], [ 120.43711, 23.44644 ], [ 120.43703, 23.44643 ], [ 120.437, 23.44644 ], [ 120.43695, 23.44649 ], [ 120.43689, 23.44657 ], [ 120.43686, 23.44665 ], [ 120.43684, 23.44672 ], [ 120.43681, 23.44684 ], [ 120.43676, 23.44694 ], [ 120.43668, 23.447 ], [ 120.43655, 23.44711 ], [ 120.43647, 23.44719 ], [ 120.43642, 23.44729 ], [ 120.43639, 23.44737 ], [ 120.43632, 23.44751 ], [ 120.43628, 23.44766 ], [ 120.43617, 23.44777 ], [ 120.43614, 23.44784 ], [ 120.43609, 23.44795 ], [ 120.43607, 23.44803 ], [ 120.43606, 23.44809 ], [ 120.43602, 23.44816 ], [ 120.43582, 23.44821 ], [ 120.43567, 23.44825 ], [ 120.43561, 23.44833 ], [ 120.43555, 23.44842 ], [ 120.43525, 23.44877 ], [ 120.43515, 23.44891 ], [ 120.43505, 23.44908 ], [ 120.43493, 23.44929 ], [ 120.43487, 23.44945 ], [ 120.43471, 23.44977 ], [ 120.43461, 23.44993 ], [ 120.43455, 23.45012 ], [ 120.43453, 23.45028 ], [ 120.43449, 23.45045 ], [ 120.43446, 23.45069 ], [ 120.43439, 23.45067 ], [ 120.43416, 23.45062 ], [ 120.43379, 23.4505 ], [ 120.4336, 23.45044 ], [ 120.43324, 23.45036 ], [ 120.43311, 23.45028 ], [ 120.43311, 23.45031 ], [ 120.43306, 23.45027 ], [ 120.43284, 23.45011 ], [ 120.4327, 23.45022 ], [ 120.43224, 23.45069 ], [ 120.43182, 23.45107 ], [ 120.43135, 23.45146 ], [ 120.43089, 23.45187 ], [ 120.43067, 23.45206 ], [ 120.43041, 23.45209 ], [ 120.4303, 23.45211 ], [ 120.4302, 23.45218 ], [ 120.43015, 23.45231 ], [ 120.43014, 23.45255 ], [ 120.43003, 23.45359 ], [ 120.42988, 23.45524 ], [ 120.42976, 23.45639 ], [ 120.42964, 23.45761 ], [ 120.42955, 23.45864 ], [ 120.42944, 23.45969 ], [ 120.42938, 23.46044 ], [ 120.42929, 23.46104 ], [ 120.42789, 23.46091 ], [ 120.42702, 23.46084 ], [ 120.42638, 23.46077 ], [ 120.42604, 23.46075 ], [ 120.42578, 23.46077 ], [ 120.42551, 23.46086 ], [ 120.42535, 23.46091 ], [ 120.42506, 23.4609 ], [ 120.42497, 23.46118 ], [ 120.42465, 23.46208 ], [ 120.42459, 23.46224 ], [ 120.42429, 23.46298 ], [ 120.42391, 23.46388 ], [ 120.4236, 23.46457 ], [ 120.4235, 23.46478 ], [ 120.4231, 23.46569 ], [ 120.42264, 23.46659 ], [ 120.42261, 23.46667 ], [ 120.42226, 23.46749 ], [ 120.42173, 23.46839 ], [ 120.42163, 23.46855 ], [ 120.42097, 23.46929 ], [ 120.42064, 23.46963 ], [ 120.41966, 23.47012 ], [ 120.41868, 23.46995 ], [ 120.41793, 23.46928 ], [ 120.41771, 23.46913 ], [ 120.41699, 23.46837 ], [ 120.41673, 23.46812 ], [ 120.41621, 23.46747 ], [ 120.41576, 23.46691 ], [ 120.41552, 23.46656 ], [ 120.41489, 23.46565 ], [ 120.41479, 23.46549 ], [ 120.41438, 23.46475 ], [ 120.41381, 23.46387 ], [ 120.4138, 23.46384 ], [ 120.41312, 23.46294 ], [ 120.41294, 23.46271 ], [ 120.41293, 23.46293 ], [ 120.41294, 23.46313 ], [ 120.41298, 23.4633 ], [ 120.413, 23.46348 ], [ 120.41304, 23.46361 ], [ 120.41303, 23.46366 ], [ 120.41295, 23.46377 ], [ 120.41279, 23.46396 ], [ 120.41251, 23.46426 ], [ 120.41234, 23.46441 ], [ 120.41214, 23.46455 ], [ 120.41202, 23.4646 ], [ 120.41201, 23.46461 ], [ 120.41181, 23.46468 ], [ 120.41161, 23.46473 ], [ 120.41145, 23.46476 ], [ 120.41127, 23.46479 ], [ 120.41102, 23.46478 ], [ 120.41077, 23.46477 ], [ 120.4105, 23.46473 ], [ 120.4102, 23.46468 ], [ 120.41006, 23.46467 ], [ 120.40987, 23.46462 ], [ 120.40969, 23.46452 ], [ 120.40952, 23.46441 ], [ 120.40936, 23.46433 ], [ 120.40926, 23.46429 ], [ 120.40911, 23.46426 ], [ 120.40888, 23.46426 ], [ 120.40813, 23.46437 ], [ 120.40806, 23.46435 ], [ 120.40787, 23.46431 ], [ 120.40779, 23.46426 ], [ 120.40772, 23.46423 ], [ 120.40765, 23.46416 ], [ 120.4076, 23.46409 ], [ 120.40754, 23.46397 ], [ 120.40746, 23.46388 ], [ 120.40738, 23.46384 ], [ 120.40698, 23.46374 ], [ 120.40668, 23.46366 ], [ 120.40651, 23.4636 ], [ 120.40632, 23.46358 ], [ 120.40594, 23.46354 ], [ 120.40559, 23.4635 ], [ 120.40509, 23.46341 ], [ 120.40465, 23.46337 ], [ 120.40444, 23.46337 ], [ 120.40411, 23.46337 ], [ 120.40397, 23.46336 ], [ 120.40373, 23.46331 ], [ 120.40351, 23.46335 ], [ 120.40327, 23.4634 ], [ 120.40304, 23.46337 ], [ 120.40263, 23.46335 ], [ 120.40234, 23.46335 ], [ 120.40211, 23.46336 ], [ 120.40186, 23.46342 ], [ 120.40177, 23.4634 ], [ 120.40162, 23.46338 ], [ 120.40156, 23.46335 ], [ 120.40139, 23.4633 ], [ 120.40125, 23.46325 ], [ 120.40105, 23.46322 ], [ 120.40097, 23.4632 ], [ 120.4009, 23.46319 ], [ 120.4008, 23.46318 ], [ 120.40075, 23.46319 ], [ 120.40011, 23.46356 ], [ 120.39974, 23.46379 ], [ 120.39913, 23.46419 ], [ 120.39848, 23.46469 ], [ 120.39815, 23.46496 ], [ 120.39745, 23.46559 ], [ 120.39717, 23.46586 ], [ 120.39654, 23.46649 ], [ 120.39618, 23.46687 ], [ 120.39572, 23.46739 ], [ 120.3956, 23.46753 ], [ 120.39608, 23.46764 ], [ 120.39641, 23.4677 ], [ 120.39664, 23.46775 ], [ 120.39675, 23.46785 ], [ 120.39688, 23.46803 ], [ 120.39706, 23.46838 ], [ 120.39709, 23.46843 ], [ 120.39714, 23.46852 ], [ 120.39739, 23.46897 ], [ 120.3975, 23.46919 ], [ 120.39759, 23.46939 ], [ 120.39766, 23.46961 ], [ 120.3977, 23.46979 ], [ 120.3978, 23.47012 ], [ 120.39789, 23.47026 ], [ 120.39794, 23.47031 ], [ 120.39799, 23.47036 ], [ 120.39815, 23.47045 ], [ 120.39851, 23.47064 ], [ 120.3987, 23.47073 ], [ 120.39902, 23.47089 ], [ 120.39919, 23.47098 ], [ 120.39926, 23.47103 ], [ 120.39927, 23.47107 ], [ 120.39925, 23.47113 ], [ 120.39919, 23.47125 ], [ 120.39913, 23.47145 ], [ 120.39908, 23.4718 ], [ 120.39895, 23.47237 ], [ 120.39885, 23.47273 ], [ 120.39878, 23.4729 ], [ 120.39872, 23.47308 ], [ 120.39871, 23.47313 ], [ 120.39869, 23.47321 ], [ 120.39867, 23.47325 ], [ 120.39863, 23.47331 ], [ 120.39863, 23.47333 ], [ 120.39856, 23.47357 ], [ 120.39852, 23.47378 ], [ 120.3985, 23.47401 ], [ 120.39851, 23.47412 ], [ 120.39853, 23.47419 ], [ 120.39857, 23.47438 ], [ 120.39865, 23.4747 ], [ 120.39871, 23.47488 ], [ 120.39887, 23.47546 ], [ 120.39888, 23.47556 ], [ 120.39884, 23.47561 ], [ 120.39879, 23.47569 ], [ 120.39871, 23.47575 ], [ 120.39861, 23.47578 ], [ 120.39855, 23.4758 ], [ 120.39853, 23.47586 ], [ 120.39848, 23.47596 ], [ 120.39849, 23.476 ], [ 120.39852, 23.47605 ], [ 120.39858, 23.47616 ], [ 120.39866, 23.47631 ], [ 120.39894, 23.47678 ], [ 120.39908, 23.47699 ], [ 120.39913, 23.47711 ], [ 120.39909, 23.47716 ], [ 120.399, 23.47722 ], [ 120.39893, 23.47726 ], [ 120.39884, 23.47735 ], [ 120.3988, 23.47743 ], [ 120.39875, 23.47756 ], [ 120.39875, 23.47759 ], [ 120.39879, 23.4777 ], [ 120.39882, 23.47779 ], [ 120.39895, 23.47805 ], [ 120.39902, 23.47829 ], [ 120.39912, 23.4786 ], [ 120.39913, 23.47871 ], [ 120.3991, 23.4788 ], [ 120.39908, 23.47884 ], [ 120.39901, 23.47899 ], [ 120.39892, 23.4791 ], [ 120.39879, 23.47925 ], [ 120.39851, 23.47949 ], [ 120.39836, 23.47966 ], [ 120.39802, 23.47997 ], [ 120.3977, 23.48027 ], [ 120.3977, 23.48027 ], [ 120.39774, 23.4806 ], [ 120.39777, 23.48092 ], [ 120.39777, 23.48097 ], [ 120.39773, 23.48098 ], [ 120.39754, 23.48099 ], [ 120.39718, 23.48099 ], [ 120.39665, 23.48099 ], [ 120.39602, 23.48098 ], [ 120.39537, 23.48097 ], [ 120.39515, 23.48096 ], [ 120.39491, 23.48094 ], [ 120.39478, 23.48096 ], [ 120.39474, 23.48098 ], [ 120.39468, 23.48105 ], [ 120.39465, 23.48111 ], [ 120.39462, 23.48119 ], [ 120.39455, 23.48146 ], [ 120.3945, 23.4817 ], [ 120.39436, 23.48204 ], [ 120.39429, 23.48218 ], [ 120.39425, 23.48229 ], [ 120.39415, 23.48237 ], [ 120.39402, 23.48244 ], [ 120.39382, 23.4825 ], [ 120.39367, 23.48261 ], [ 120.39357, 23.48271 ], [ 120.39356, 23.48275 ], [ 120.39359, 23.4828 ], [ 120.39366, 23.48287 ], [ 120.39374, 23.48297 ], [ 120.39378, 23.48306 ], [ 120.39382, 23.48316 ], [ 120.39382, 23.48327 ], [ 120.39379, 23.48343 ], [ 120.39378, 23.48375 ], [ 120.39377, 23.48397 ], [ 120.39375, 23.48414 ], [ 120.39375, 23.48443 ], [ 120.39376, 23.48479 ], [ 120.39377, 23.48533 ], [ 120.39376, 23.48583 ], [ 120.39376, 23.48609 ], [ 120.39377, 23.48622 ], [ 120.39381, 23.48626 ], [ 120.39386, 23.4863 ], [ 120.39402, 23.48643 ], [ 120.39413, 23.48652 ], [ 120.3942, 23.48659 ], [ 120.39425, 23.48669 ], [ 120.39429, 23.48677 ], [ 120.39511, 23.48647 ] ] ], [ [ [ 120.40778, 23.4997 ], [ 120.4068, 23.4996 ], [ 120.40582, 23.49954 ], [ 120.40485, 23.49952 ], [ 120.40387, 23.49953 ], [ 120.40289, 23.49959 ], [ 120.40191, 23.49969 ], [ 120.40093, 23.49983 ], [ 120.40051, 23.49991 ], [ 120.40022, 23.49999 ], [ 120.40025, 23.50013 ], [ 120.40033, 23.50034 ], [ 120.40044, 23.50052 ], [ 120.40057, 23.5007 ], [ 120.40077, 23.50091 ], [ 120.40083, 23.50102 ], [ 120.40085, 23.50129 ], [ 120.40082, 23.50151 ], [ 120.40085, 23.50167 ], [ 120.40092, 23.50178 ], [ 120.401, 23.50187 ], [ 120.40123, 23.50203 ], [ 120.40143, 23.50214 ], [ 120.40168, 23.50225 ], [ 120.40185, 23.50232 ], [ 120.402, 23.50245 ], [ 120.4022, 23.50263 ], [ 120.4025, 23.50283 ], [ 120.40272, 23.50291 ], [ 120.40301, 23.50307 ], [ 120.40327, 23.50324 ], [ 120.40354, 23.50345 ], [ 120.40382, 23.50374 ], [ 120.40434, 23.50383 ], [ 120.40459, 23.50384 ], [ 120.40495, 23.50382 ], [ 120.4053, 23.50373 ], [ 120.40559, 23.50372 ], [ 120.40568, 23.50372 ], [ 120.40593, 23.50387 ], [ 120.4064, 23.50418 ], [ 120.4066, 23.50439 ], [ 120.40686, 23.50464 ], [ 120.40727, 23.50505 ], [ 120.40764, 23.50542 ], [ 120.40787, 23.50571 ], [ 120.40806, 23.50596 ], [ 120.40807, 23.50597 ], [ 120.40808, 23.50593 ], [ 120.4088, 23.50657 ], [ 120.40808, 23.50356 ], [ 120.40808, 23.50404 ], [ 120.40806, 23.50393 ], [ 120.40798, 23.50352 ], [ 120.40797, 23.50343 ], [ 120.40795, 23.50338 ], [ 120.40794, 23.50329 ], [ 120.40793, 23.50319 ], [ 120.4079, 23.50307 ], [ 120.40789, 23.50296 ], [ 120.40786, 23.50287 ], [ 120.40786, 23.50272 ], [ 120.40785, 23.50261 ], [ 120.40785, 23.50251 ], [ 120.40785, 23.50246 ], [ 120.40786, 23.50235 ], [ 120.40786, 23.50227 ], [ 120.40787, 23.50216 ], [ 120.40787, 23.50209 ], [ 120.40788, 23.50199 ], [ 120.4079, 23.50192 ], [ 120.40791, 23.50183 ], [ 120.40792, 23.50176 ], [ 120.40793, 23.50167 ], [ 120.40795, 23.50159 ], [ 120.40797, 23.50152 ], [ 120.40798, 23.50146 ], [ 120.40801, 23.50139 ], [ 120.40806, 23.50107 ], [ 120.40809, 23.50085 ], [ 120.40809, 23.50178 ], [ 120.40814, 23.50108 ], [ 120.40818, 23.50065 ], [ 120.40818, 23.50042 ], [ 120.40822, 23.50001 ], [ 120.40824, 23.49976 ], [ 120.40778, 23.4997 ] ] ], [ [ [ 120.43646, 23.44406 ], [ 120.43641, 23.44404 ], [ 120.43591, 23.44405 ], [ 120.4359, 23.44409 ], [ 120.43593, 23.44414 ], [ 120.43596, 23.4442 ], [ 120.43604, 23.44423 ], [ 120.43623, 23.44427 ], [ 120.43634, 23.4443 ], [ 120.43654, 23.44435 ], [ 120.43666, 23.44439 ], [ 120.43678, 23.44447 ], [ 120.43682, 23.44449 ], [ 120.43646, 23.44406 ] ] ] ] } },
{ "type": "Feature", "properties": { "days": 67, "type": "low", "color_hint": "Blues" }, "geometry": { "type": "MultiPolygon", "coordinates": [ [ [ [ 120.41994, 23.49096 ], [ 120.42055, 23.49158 ], [ 120.42131, 23.49096 ], [ 120.42058, 23.49006 ], [ 120.42055, 23.49002 ], [ 120.42045, 23.49006 ], [ 120.41994, 23.49096 ] ] ] ] } },
{ "type": "Feature", "properties": { "days": 65, "type": "low", "color_hint": "Blues" }, "geometry": { "type": "MultiPolygon", "coordinates": [ [ [ [ 120.43999, 23.48019 ], [ 120.44012, 23.4811 ], [ 120.44017, 23.48118 ], [ 120.44089, 23.482 ], [ 120.44115, 23.48218 ], [ 120.44212, 23.4826 ], [ 120.4431, 23.4828 ], [ 120.44408, 23.48283 ], [ 120.44506, 23.48277 ], [ 120.44604, 23.48273 ], [ 120.44677, 23.48293 ], [ 120.44701, 23.48315 ], [ 120.4472, 23.48383 ], [ 120.44727, 23.48474 ], [ 120.44736, 23.48564 ], [ 120.44754, 23.48654 ], [ 120.44786, 23.48745 ], [ 120.44798, 23.48765 ], [ 120.4484, 23.48835 ], [ 120.44895, 23.48905 ], [ 120.44915, 23.48926 ], [ 120.44992, 23.48992 ], [ 120.45025, 23.49016 ], [ 120.4509, 23.49059 ], [ 120.45167, 23.49107 ], [ 120.45188, 23.4912 ], [ 120.45285, 23.49175 ], [ 120.45327, 23.49198 ], [ 120.45383, 23.4923 ], [ 120.45481, 23.49285 ], [ 120.45487, 23.49289 ], [ 120.45578, 23.49344 ], [ 120.45631, 23.4938 ], [ 120.45676, 23.49412 ], [ 120.45746, 23.4947 ], [ 120.45774, 23.49496 ], [ 120.45837, 23.49561 ], [ 120.45871, 23.49606 ], [ 120.45906, 23.49652 ], [ 120.45954, 23.49742 ], [ 120.45968, 23.49783 ], [ 120.45986, 23.49832 ], [ 120.46001, 23.49923 ], [ 120.45997, 23.50013 ], [ 120.45987, 23.50103 ], [ 120.45967, 23.50154 ], [ 120.45953, 23.50194 ], [ 120.4591, 23.50284 ], [ 120.45868, 23.50348 ], [ 120.45851, 23.50374 ], [ 120.45786, 23.50464 ], [ 120.45769, 23.50485 ], [ 120.4571, 23.50554 ], [ 120.45671, 23.50599 ], [ 120.45623, 23.50644 ], [ 120.45573, 23.50693 ], [ 120.45519, 23.50734 ], [ 120.45475, 23.50775 ], [ 120.45398, 23.50824 ], [ 120.45376, 23.50848 ], [ 120.45278, 23.5091 ], [ 120.45269, 23.50914 ], [ 120.45278, 23.50951 ], [ 120.45298, 23.51004 ], [ 120.45376, 23.51016 ], [ 120.45474, 23.51028 ], [ 120.45571, 23.51035 ], [ 120.45669, 23.51036 ], [ 120.45698, 23.51035 ], [ 120.45726, 23.50986 ], [ 120.45741, 23.50954 ], [ 120.45754, 23.50937 ], [ 120.45763, 23.50913 ], [ 120.45777, 23.50892 ], [ 120.45785, 23.50887 ], [ 120.45806, 23.50882 ], [ 120.45807, 23.50881 ], [ 120.45807, 23.50866 ], [ 120.45823, 23.50862 ], [ 120.45849, 23.50847 ], [ 120.45874, 23.50832 ], [ 120.45894, 23.50819 ], [ 120.45918, 23.50803 ], [ 120.45953, 23.50771 ], [ 120.45984, 23.50734 ], [ 120.46007, 23.50704 ], [ 120.46039, 23.50659 ], [ 120.46062, 23.50622 ], [ 120.46075, 23.50594 ], [ 120.46096, 23.50557 ], [ 120.46115, 23.50527 ], [ 120.46132, 23.50497 ], [ 120.46149, 23.50469 ], [ 120.46159, 23.50449 ], [ 120.46166, 23.50435 ], [ 120.46171, 23.50415 ], [ 120.46182, 23.50388 ], [ 120.46197, 23.50353 ], [ 120.46206, 23.50327 ], [ 120.4621, 23.50308 ], [ 120.46212, 23.5029 ], [ 120.46212, 23.50272 ], [ 120.4621, 23.50257 ], [ 120.46209, 23.50237 ], [ 120.46205, 23.50207 ], [ 120.46209, 23.50181 ], [ 120.46217, 23.50154 ], [ 120.46232, 23.50124 ], [ 120.46244, 23.50102 ], [ 120.46262, 23.50074 ], [ 120.46282, 23.50051 ], [ 120.46301, 23.50027 ], [ 120.46319, 23.50007 ], [ 120.46342, 23.49984 ], [ 120.46362, 23.49962 ], [ 120.46385, 23.49941 ], [ 120.46412, 23.49923 ], [ 120.46442, 23.49907 ], [ 120.46467, 23.499 ], [ 120.46496, 23.49891 ], [ 120.46522, 23.49884 ], [ 120.46549, 23.49874 ], [ 120.46568, 23.49874 ], [ 120.46572, 23.49874 ], [ 120.46589, 23.49881 ], [ 120.46611, 23.49888 ], [ 120.46624, 23.49888 ], [ 120.46651, 23.49883 ], [ 120.46679, 23.49882 ], [ 120.46714, 23.4988 ], [ 120.46747, 23.49878 ], [ 120.46778, 23.49886 ], [ 120.46803, 23.49896 ], [ 120.46805, 23.49896 ], [ 120.46836, 23.49908 ], [ 120.46861, 23.49915 ], [ 120.46893, 23.49929 ], [ 120.46924, 23.49943 ], [ 120.46948, 23.49959 ], [ 120.46972, 23.49977 ], [ 120.46996, 23.50002 ], [ 120.47012, 23.50022 ], [ 120.47018, 23.50038 ], [ 120.47023, 23.50051 ], [ 120.4703, 23.50077 ], [ 120.47033, 23.50107 ], [ 120.47037, 23.50132 ], [ 120.47047, 23.50162 ], [ 120.47058, 23.50206 ], [ 120.47058, 23.50222 ], [ 120.47065, 23.50278 ], [ 120.47065, 23.50294 ], [ 120.47067, 23.50318 ], [ 120.4707, 23.50345 ], [ 120.47076, 23.50367 ], [ 120.47082, 23.50382 ], [ 120.47094, 23.50396 ], [ 120.47112, 23.50415 ], [ 120.47134, 23.50434 ], [ 120.4715, 23.50447 ], [ 120.47185, 23.50378 ], [ 120.47223, 23.50288 ], [ 120.47239, 23.50237 ], [ 120.4725, 23.50198 ], [ 120.4727, 23.50108 ], [ 120.47285, 23.50018 ], [ 120.47293, 23.49927 ], [ 120.47283, 23.49837 ], [ 120.47256, 23.49747 ], [ 120.47241, 23.49716 ], [ 120.4721, 23.49656 ], [ 120.47153, 23.49566 ], [ 120.47144, 23.49553 ], [ 120.47066, 23.49475 ], [ 120.47046, 23.49458 ], [ 120.46949, 23.49406 ], [ 120.46851, 23.49389 ], [ 120.46753, 23.494 ], [ 120.46655, 23.49414 ], [ 120.46557, 23.49409 ], [ 120.46493, 23.49383 ], [ 120.46459, 23.49362 ], [ 120.46374, 23.49292 ], [ 120.46362, 23.49283 ], [ 120.46264, 23.49203 ], [ 120.46262, 23.49201 ], [ 120.46167, 23.49131 ], [ 120.46142, 23.49111 ], [ 120.46069, 23.49058 ], [ 120.46025, 23.4902 ], [ 120.45971, 23.4898 ], [ 120.45912, 23.48929 ], [ 120.45874, 23.48893 ], [ 120.45817, 23.48839 ], [ 120.45776, 23.48795 ], [ 120.45731, 23.48748 ], [ 120.45679, 23.48687 ], [ 120.45653, 23.48657 ], [ 120.45582, 23.4857 ], [ 120.45579, 23.48567 ], [ 120.455, 23.48476 ], [ 120.45484, 23.48457 ], [ 120.45421, 23.48386 ], [ 120.45387, 23.48344 ], [ 120.4534, 23.48295 ], [ 120.45289, 23.48237 ], [ 120.45255, 23.48205 ], [ 120.45192, 23.48141 ], [ 120.45158, 23.48114 ], [ 120.45094, 23.48059 ], [ 120.45034, 23.48023 ], [ 120.44996, 23.48002 ], [ 120.44899, 23.47963 ], [ 120.44833, 23.47932 ], [ 120.44801, 23.47922 ], [ 120.44703, 23.47893 ], [ 120.44605, 23.47866 ], [ 120.44508, 23.47842 ], [ 120.445, 23.47841 ], [ 120.4441, 23.4783 ], [ 120.44312, 23.47827 ], [ 120.44214, 23.47838 ], [ 120.44206, 23.4784 ], [ 120.44116, 23.47875 ], [ 120.44039, 23.47929 ], [ 120.44018, 23.47968 ], [ 120.43999, 23.48019 ] ] ] ] } },
{ "type": "Feature", "properties": { "days": 64, "type": "low", "color_hint": "Blues" }, "geometry": { "type": "MultiPolygon", "coordinates": [ [ [ [ 120.44012, 23.4811 ], [ 120.44017, 23.48118 ], [ 120.44089, 23.482 ], [ 120.44115, 23.48218 ], [ 120.44212, 23.4826 ], [ 120.4431, 23.4828 ], [ 120.44408, 23.48283 ], [ 120.44506, 23.48277 ], [ 120.44604, 23.48273 ], [ 120.44677, 23.48293 ], [ 120.44701, 23.48315 ], [ 120.4472, 23.48383 ], [ 120.44727, 23.48474 ], [ 120.44736, 23.48564 ], [ 120.44754, 23.48654 ], [ 120.44786, 23.48745 ], [ 120.44798, 23.48765 ], [ 120.4484, 23.48835 ], [ 120.44895, 23.48905 ], [ 120.44915, 23.48926 ], [ 120.44992, 23.48992 ], [ 120.45025, 23.49016 ], [ 120.4509, 23.49059 ], [ 120.45167, 23.49107 ], [ 120.45188, 23.4912 ], [ 120.45285, 23.49175 ], [ 120.45327, 23.49198 ], [ 120.45383, 23.4923 ], [ 120.45481, 23.49285 ], [ 120.45487, 23.49289 ], [ 120.45578, 23.49344 ], [ 120.45631, 23.4938 ], [ 120.45676, 23.49412 ], [ 120.45746, 23.4947 ], [ 120.45774, 23.49496 ], [ 120.45837, 23.49561 ], [ 120.45871, 23.49606 ], [ 120.45906, 23.49652 ], [ 120.45954, 23.49742 ], [ 120.45968, 23.49783 ], [ 120.45986, 23.49832 ], [ 120.46001, 23.49923 ], [ 120.45997, 23.50013 ], [ 120.45987, 23.50103 ], [ 120.45967, 23.50154 ], [ 120.45953, 23.50194 ], [ 120.4591, 23.50284 ], [ 120.45868, 23.50348 ], [ 120.45851, 23.50374 ], [ 120.45786, 23.50464 ], [ 120.45769, 23.50485 ], [ 120.4571, 23.50554 ], [ 120.45671, 23.50599 ], [ 120.45623, 23.50644 ], [ 120.45573, 23.50693 ], [ 120.45519, 23.50734 ], [ 120.45475, 23.50775 ], [ 120.45398, 23.50824 ], [ 120.45376, 23.50848 ], [ 120.45278, 23.5091 ], [ 120.45269, 23.50914 ], [ 120.45278, 23.50951 ], [ 120.45298, 23.51004 ], [ 120.45376, 23.51016 ], [ 120.45474, 23.51028 ], [ 120.45571, 23.51035 ], [ 120.45669, 23.51036 ], [ 120.45698, 23.51035 ], [ 120.45726, 23.50986 ], [ 120.45741, 23.50954 ], [ 120.45754, 23.50937 ], [ 120.45763, 23.50913 ], [ 120.45777, 23.50892 ], [ 120.45785, 23.50887 ], [ 120.45806, 23.50882 ], [ 120.45807, 23.50881 ], [ 120.45807, 23.50866 ], [ 120.45823, 23.50862 ], [ 120.45849, 23.50847 ], [ 120.45874, 23.50832 ], [ 120.45894, 23.50819 ], [ 120.45918, 23.50803 ], [ 120.45953, 23.50771 ], [ 120.45984, 23.50734 ], [ 120.46007, 23.50704 ], [ 120.46039, 23.50659 ], [ 120.46062, 23.50622 ], [ 120.46075, 23.50594 ], [ 120.46096, 23.50557 ], [ 120.46115, 23.50527 ], [ 120.46132, 23.50497 ], [ 120.46149, 23.50469 ], [ 120.46159, 23.50449 ], [ 120.46166, 23.50435 ], [ 120.46171, 23.50415 ], [ 120.46182, 23.50388 ], [ 120.46197, 23.50353 ], [ 120.46206, 23.50327 ], [ 120.4621, 23.50308 ], [ 120.46212, 23.5029 ], [ 120.46212, 23.50272 ], [ 120.4621, 23.50257 ], [ 120.46209, 23.50237 ], [ 120.46205, 23.50207 ], [ 120.46209, 23.50181 ], [ 120.46217, 23.50154 ], [ 120.46232, 23.50124 ], [ 120.46244, 23.50102 ], [ 120.46262, 23.50074 ], [ 120.46282, 23.50051 ], [ 120.46301, 23.50027 ], [ 120.46319, 23.50007 ], [ 120.46342, 23.49984 ], [ 120.46362, 23.49962 ], [ 120.46385, 23.49941 ], [ 120.46412, 23.49923 ], [ 120.46442, 23.49907 ], [ 120.46467, 23.499 ], [ 120.46496, 23.49891 ], [ 120.46522, 23.49884 ], [ 120.46549, 23.49874 ], [ 120.46568, 23.49874 ], [ 120.46572, 23.49874 ], [ 120.46589, 23.49881 ], [ 120.46611, 23.49888 ], [ 120.46624, 23.49888 ], [ 120.46651, 23.49883 ], [ 120.46679, 23.49882 ], [ 120.46714, 23.4988 ], [ 120.46747, 23.49878 ], [ 120.46778, 23.49886 ], [ 120.46803, 23.49896 ], [ 120.46805, 23.49896 ], [ 120.46836, 23.49908 ], [ 120.46861, 23.49915 ], [ 120.46893, 23.49929 ], [ 120.46924, 23.49943 ], [ 120.46948, 23.49959 ], [ 120.46972, 23.49977 ], [ 120.46996, 23.50002 ], [ 120.47012, 23.50022 ], [ 120.47018, 23.50038 ], [ 120.47023, 23.50051 ], [ 120.4703, 23.50077 ], [ 120.47033, 23.50107 ], [ 120.47037, 23.50132 ], [ 120.47047, 23.50162 ], [ 120.47058, 23.50206 ], [ 120.47058, 23.50222 ], [ 120.47065, 23.50278 ], [ 120.47065, 23.50294 ], [ 120.47067, 23.50318 ], [ 120.4707, 23.50345 ], [ 120.47076, 23.50367 ], [ 120.47082, 23.50382 ], [ 120.47094, 23.50396 ], [ 120.47112, 23.50415 ], [ 120.47134, 23.50434 ], [ 120.4715, 23.50447 ], [ 120.47185, 23.50378 ], [ 120.47223, 23.50288 ], [ 120.47239, 23.50237 ], [ 120.4725, 23.50198 ], [ 120.4727, 23.50108 ], [ 120.47285, 23.50018 ], [ 120.47293, 23.49927 ], [ 120.47283, 23.49837 ], [ 120.47256, 23.49747 ], [ 120.47241, 23.49716 ], [ 120.4721, 23.49656 ], [ 120.47153, 23.49566 ], [ 120.47144, 23.49553 ], [ 120.47066, 23.49475 ], [ 120.47046, 23.49458 ], [ 120.46949, 23.49406 ], [ 120.46851, 23.49389 ], [ 120.46753, 23.494 ], [ 120.46655, 23.49414 ], [ 120.46557, 23.49409 ], [ 120.46493, 23.49383 ], [ 120.46459, 23.49362 ], [ 120.46374, 23.49292 ], [ 120.46362, 23.49283 ], [ 120.46264, 23.49203 ], [ 120.46262, 23.49201 ], [ 120.46167, 23.49131 ], [ 120.46142, 23.49111 ], [ 120.46069, 23.49058 ], [ 120.46025, 23.4902 ], [ 120.45971, 23.4898 ], [ 120.45912, 23.48929 ], [ 120.45874, 23.48893 ], [ 120.45817, 23.48839 ], [ 120.45776, 23.48795 ], [ 120.45731, 23.48748 ], [ 120.45679, 23.48687 ], [ 120.45653, 23.48657 ], [ 120.45582, 23.4857 ], [ 120.45579, 23.48567 ], [ 120.455, 23.48476 ], [ 120.45484, 23.48457 ], [ 120.45421, 23.48386 ], [ 120.45387, 23.48344 ], [ 120.4534, 23.48295 ], [ 120.45289, 23.48237 ], [ 120.45255, 23.48205 ], [ 120.45192, 23.48141 ], [ 120.45158, 23.48114 ], [ 120.45094, 23.48059 ], [ 120.45034, 23.48023 ], [ 120.44996, 23.48002 ], [ 120.44899, 23.47963 ], [ 120.44833, 23.47932 ], [ 120.44801, 23.47922 ], [ 120.44703, 23.47893 ], [ 120.44605, 23.47866 ], [ 120.44508, 23.47842 ], [ 120.445, 23.47841 ], [ 120.4441, 23.4783 ], [ 120.44312, 23.47827 ], [ 120.44214, 23.47838 ], [ 120.44206, 23.4784 ], [ 120.44116, 23.47875 ], [ 120.44039, 23.47929 ], [ 120.44018, 23.47968 ], [ 120.43999, 23.48019 ], [ 120.44012, 23.4811 ] ] ] ] } },
{ "type": "Feature", "properties": { "days": 66, "type": "low", "color_hint": "Blues" }, "geometry": { "type": "MultiPolygon", "coordinates": [ [ [ [ 120.49887, 23.49033 ], [ 120.49986, 23.48943 ], [ 120.50084, 23.48853 ], [ 120.50121, 23.48819 ], [ 120.50123, 23.48808 ], [ 120.50123, 23.48798 ], [ 120.50133, 23.48782 ], [ 120.50146, 23.48767 ], [ 120.50162, 23.48753 ], [ 120.50172, 23.48742 ], [ 120.50184, 23.48722 ], [ 120.50188, 23.48711 ], [ 120.50184, 23.487 ], [ 120.50178, 23.4869 ], [ 120.50175, 23.48681 ], [ 120.50179, 23.48666 ], [ 120.50186, 23.48647 ], [ 120.5019, 23.48633 ], [ 120.50197, 23.48621 ], [ 120.50206, 23.48614 ], [ 120.50214, 23.48615 ], [ 120.50225, 23.48621 ], [ 120.50229, 23.48617 ], [ 120.50226, 23.48601 ], [ 120.50227, 23.48588 ], [ 120.50232, 23.48578 ], [ 120.50241, 23.48573 ], [ 120.50246, 23.48565 ], [ 120.50257, 23.48548 ], [ 120.50277, 23.48537 ], [ 120.50292, 23.48539 ], [ 120.50316, 23.48544 ], [ 120.50337, 23.48543 ], [ 120.50354, 23.4853 ], [ 120.50368, 23.48516 ], [ 120.50373, 23.485 ], [ 120.50371, 23.48485 ], [ 120.50362, 23.48479 ], [ 120.50348, 23.48473 ], [ 120.50346, 23.48471 ], [ 120.50291, 23.48492 ], [ 120.50281, 23.48496 ], [ 120.50183, 23.48574 ], [ 120.50173, 23.48582 ], [ 120.50085, 23.48655 ], [ 120.50058, 23.48672 ], [ 120.49986, 23.48717 ], [ 120.49888, 23.48753 ], [ 120.49842, 23.48762 ], [ 120.4979, 23.48771 ], [ 120.49693, 23.48781 ], [ 120.49595, 23.48792 ], [ 120.49497, 23.48807 ], [ 120.49399, 23.48825 ], [ 120.49302, 23.4885 ], [ 120.49301, 23.48851 ], [ 120.49203, 23.48884 ], [ 120.49105, 23.48928 ], [ 120.49086, 23.4894 ], [ 120.49006, 23.48998 ], [ 120.48971, 23.4903 ], [ 120.48922, 23.4912 ], [ 120.48938, 23.49138 ], [ 120.48942, 23.49137 ], [ 120.48948, 23.49147 ], [ 120.48958, 23.49144 ], [ 120.48983, 23.49136 ], [ 120.49004, 23.4913 ], [ 120.49025, 23.49131 ], [ 120.49063, 23.49135 ], [ 120.49092, 23.49136 ], [ 120.49138, 23.49119 ], [ 120.49156, 23.49115 ], [ 120.49198, 23.49128 ], [ 120.49219, 23.49135 ], [ 120.49255, 23.49134 ], [ 120.49281, 23.4913 ], [ 120.49325, 23.49121 ], [ 120.49361, 23.49113 ], [ 120.49366, 23.49103 ], [ 120.49378, 23.49088 ], [ 120.49393, 23.49071 ], [ 120.49401, 23.49049 ], [ 120.49411, 23.49031 ], [ 120.49424, 23.49019 ], [ 120.49461, 23.49012 ], [ 120.49498, 23.4901 ], [ 120.49552, 23.49008 ], [ 120.49604, 23.4901 ], [ 120.49629, 23.49013 ], [ 120.49642, 23.49019 ], [ 120.49679, 23.49044 ], [ 120.49716, 23.4906 ], [ 120.49738, 23.49063 ], [ 120.4976, 23.49066 ], [ 120.498, 23.49077 ], [ 120.49821, 23.49076 ], [ 120.49838, 23.49078 ], [ 120.49887, 23.49033 ] ] ], [ [ [ 120.48414, 23.50262 ], [ 120.48386, 23.50292 ], [ 120.48316, 23.50377 ], [ 120.4831, 23.50382 ], [ 120.48226, 23.50472 ], [ 120.48217, 23.50482 ], [ 120.48217, 23.50482 ], [ 120.48234, 23.50492 ], [ 120.48241, 23.50497 ], [ 120.48259, 23.5051 ], [ 120.48284, 23.50523 ], [ 120.48306, 23.50532 ], [ 120.48315, 23.50536 ], [ 120.48328, 23.50522 ], [ 120.48334, 23.50512 ], [ 120.48337, 23.50504 ], [ 120.48336, 23.50494 ], [ 120.48334, 23.50483 ], [ 120.48332, 23.50472 ], [ 120.48333, 23.50462 ], [ 120.48338, 23.50443 ], [ 120.48343, 23.50432 ], [ 120.48349, 23.50427 ], [ 120.48358, 23.50422 ], [ 120.48376, 23.50413 ], [ 120.48391, 23.50407 ], [ 120.48397, 23.50397 ], [ 120.48404, 23.50385 ], [ 120.48406, 23.50372 ], [ 120.48405, 23.50358 ], [ 120.48405, 23.50345 ], [ 120.48401, 23.50331 ], [ 120.48396, 23.50314 ], [ 120.48399, 23.50303 ], [ 120.48411, 23.50289 ], [ 120.48439, 23.50262 ], [ 120.48443, 23.50257 ], [ 120.48446, 23.50237 ], [ 120.48456, 23.50213 ], [ 120.4846, 23.50203 ], [ 120.48414, 23.50262 ] ] ], [ [ [ 120.47669, 23.5047 ], [ 120.4765, 23.5038 ], [ 120.47655, 23.5029 ], [ 120.47674, 23.50199 ], [ 120.47697, 23.50109 ], [ 120.47717, 23.50019 ], [ 120.4773, 23.49936 ], [ 120.47731, 23.49929 ], [ 120.47735, 23.49838 ], [ 120.47731, 23.49748 ], [ 120.47731, 23.49744 ], [ 120.47725, 23.49658 ], [ 120.47717, 23.49567 ], [ 120.47707, 23.49477 ], [ 120.47687, 23.49387 ], [ 120.47647, 23.49296 ], [ 120.47635, 23.49274 ], [ 120.47595, 23.49206 ], [ 120.47539, 23.49115 ], [ 120.47537, 23.49113 ], [ 120.47489, 23.49025 ], [ 120.47445, 23.48934 ], [ 120.4744, 23.48927 ], [ 120.47391, 23.48844 ], [ 120.47343, 23.4877 ], [ 120.47331, 23.48753 ], [ 120.47269, 23.48663 ], [ 120.47246, 23.48626 ], [ 120.47208, 23.48572 ], [ 120.47151, 23.48482 ], [ 120.47148, 23.48478 ], [ 120.47093, 23.48391 ], [ 120.47051, 23.48311 ], [ 120.47044, 23.48301 ], [ 120.47, 23.48211 ], [ 120.46978, 23.4812 ], [ 120.46989, 23.4803 ], [ 120.47052, 23.47951 ], [ 120.47083, 23.4794 ], [ 120.4715, 23.47928 ], [ 120.47248, 23.47931 ], [ 120.47315, 23.47941 ], [ 120.47346, 23.47946 ], [ 120.47444, 23.4797 ], [ 120.47542, 23.47993 ], [ 120.4764, 23.48014 ], [ 120.47737, 23.48028 ], [ 120.47827, 23.48033 ], [ 120.47835, 23.48033 ], [ 120.47839, 23.48033 ], [ 120.47933, 23.48022 ], [ 120.48031, 23.47982 ], [ 120.4809, 23.47943 ], [ 120.4813, 23.47909 ], [ 120.4818, 23.47853 ], [ 120.48228, 23.47787 ], [ 120.48243, 23.47763 ], [ 120.48295, 23.47673 ], [ 120.48326, 23.47622 ], [ 120.48352, 23.47583 ], [ 120.48425, 23.47515 ], [ 120.48481, 23.47493 ], [ 120.48523, 23.47485 ], [ 120.48608, 23.47494 ], [ 120.48621, 23.47495 ], [ 120.48718, 23.47521 ], [ 120.48816, 23.47552 ], [ 120.48914, 23.47581 ], [ 120.48927, 23.47585 ], [ 120.49012, 23.47608 ], [ 120.4911, 23.47626 ], [ 120.49207, 23.47637 ], [ 120.49305, 23.47645 ], [ 120.49403, 23.47654 ], [ 120.49501, 23.47661 ], [ 120.49599, 23.4766 ], [ 120.49697, 23.4765 ], [ 120.49795, 23.47658 ], [ 120.49893, 23.47675 ], [ 120.49956, 23.47679 ], [ 120.4999, 23.47681 ], [ 120.5001, 23.47679 ], [ 120.50088, 23.47671 ], [ 120.50186, 23.47645 ], [ 120.50284, 23.47621 ], [ 120.50382, 23.47612 ], [ 120.5048, 23.47622 ], [ 120.50578, 23.47631 ], [ 120.50676, 23.47637 ], [ 120.50737, 23.47638 ], [ 120.50806, 23.47591 ], [ 120.50808, 23.47589 ], [ 120.50808, 23.47584 ], [ 120.50833, 23.47564 ], [ 120.5085, 23.47548 ], [ 120.5087, 23.47531 ], [ 120.50888, 23.47524 ], [ 120.50901, 23.47516 ], [ 120.50917, 23.47493 ], [ 120.50923, 23.47484 ], [ 120.50928, 23.47471 ], [ 120.50931, 23.47444 ], [ 120.50935, 23.47436 ], [ 120.50937, 23.47426 ], [ 120.50937, 23.47417 ], [ 120.50933, 23.47395 ], [ 120.50927, 23.47377 ], [ 120.50921, 23.4736 ], [ 120.5092, 23.47345 ], [ 120.50918, 23.47333 ], [ 120.50917, 23.47323 ], [ 120.50924, 23.47323 ], [ 120.50928, 23.47313 ], [ 120.50884, 23.4732 ], [ 120.50873, 23.47322 ], [ 120.50775, 23.47324 ], [ 120.50677, 23.47321 ], [ 120.50579, 23.47331 ], [ 120.50481, 23.47352 ], [ 120.50383, 23.47379 ], [ 120.50285, 23.47408 ], [ 120.50283, 23.47409 ], [ 120.50187, 23.47436 ], [ 120.50089, 23.47456 ], [ 120.49991, 23.47464 ], [ 120.49893, 23.4746 ], [ 120.49795, 23.47446 ], [ 120.49698, 23.47425 ], [ 120.49617, 23.47407 ], [ 120.496, 23.47403 ], [ 120.49502, 23.47386 ], [ 120.49404, 23.4738 ], [ 120.49306, 23.47381 ], [ 120.49208, 23.47372 ], [ 120.49111, 23.47354 ], [ 120.49013, 23.47327 ], [ 120.48976, 23.47314 ], [ 120.48915, 23.47291 ], [ 120.48817, 23.47252 ], [ 120.48745, 23.47223 ], [ 120.4872, 23.47213 ], [ 120.48622, 23.47172 ], [ 120.48524, 23.47133 ], [ 120.48522, 23.47132 ], [ 120.48426, 23.47094 ], [ 120.48329, 23.47059 ], [ 120.48266, 23.47041 ], [ 120.48231, 23.47029 ], [ 120.48133, 23.47007 ], [ 120.48035, 23.46999 ], [ 120.47937, 23.47012 ], [ 120.47843, 23.4704 ], [ 120.47839, 23.47041 ], [ 120.47741, 23.47101 ], [ 120.47703, 23.47129 ], [ 120.47643, 23.47195 ], [ 120.47623, 23.47219 ], [ 120.47571, 23.4731 ], [ 120.47544, 23.47355 ], [ 120.47506, 23.474 ], [ 120.47446, 23.47435 ], [ 120.47348, 23.47444 ], [ 120.4725, 23.4743 ], [ 120.47153, 23.4741 ], [ 120.47055, 23.47404 ], [ 120.46957, 23.47421 ], [ 120.46859, 23.47453 ], [ 120.46778, 23.47487 ], [ 120.46761, 23.47495 ], [ 120.46663, 23.47541 ], [ 120.46584, 23.47577 ], [ 120.46564, 23.47587 ], [ 120.46466, 23.47631 ], [ 120.46389, 23.47667 ], [ 120.46368, 23.47677 ], [ 120.4627, 23.47727 ], [ 120.4622, 23.47756 ], [ 120.46172, 23.4779 ], [ 120.46106, 23.47846 ], [ 120.46074, 23.47882 ], [ 120.46034, 23.47936 ], [ 120.45992, 23.48027 ], [ 120.4599, 23.48117 ], [ 120.46024, 23.48207 ], [ 120.46072, 23.48271 ], [ 120.46092, 23.48298 ], [ 120.4617, 23.4837 ], [ 120.46191, 23.48388 ], [ 120.46267, 23.48442 ], [ 120.4632, 23.48479 ], [ 120.46365, 23.48511 ], [ 120.46424, 23.4857 ], [ 120.46462, 23.48609 ], [ 120.46522, 23.4866 ], [ 120.4656, 23.48687 ], [ 120.46655, 23.48751 ], [ 120.46658, 23.48753 ], [ 120.46755, 23.48818 ], [ 120.46788, 23.48842 ], [ 120.46853, 23.48887 ], [ 120.46913, 23.48933 ], [ 120.46951, 23.48961 ], [ 120.47026, 23.49023 ], [ 120.47048, 23.49039 ], [ 120.47129, 23.49114 ], [ 120.47146, 23.49129 ], [ 120.47219, 23.49205 ], [ 120.47243, 23.4923 ], [ 120.47298, 23.49295 ], [ 120.47341, 23.49351 ], [ 120.47365, 23.49386 ], [ 120.47421, 23.49476 ], [ 120.47438, 23.49506 ], [ 120.47469, 23.49567 ], [ 120.47496, 23.49657 ], [ 120.47511, 23.49747 ], [ 120.47518, 23.49838 ], [ 120.47516, 23.49928 ], [ 120.47502, 23.50018 ], [ 120.47481, 23.50108 ], [ 120.47457, 23.50199 ], [ 120.47435, 23.50265 ], [ 120.47427, 23.50289 ], [ 120.47393, 23.50379 ], [ 120.47356, 23.50469 ], [ 120.47336, 23.50513 ], [ 120.47315, 23.50559 ], [ 120.47294, 23.50607 ], [ 120.47295, 23.50609 ], [ 120.47311, 23.50634 ], [ 120.47326, 23.50659 ], [ 120.4735, 23.50685 ], [ 120.47363, 23.50689 ], [ 120.47377, 23.50689 ], [ 120.47405, 23.5069 ], [ 120.47438, 23.50687 ], [ 120.47475, 23.50682 ], [ 120.475, 23.50671 ], [ 120.47535, 23.50658 ], [ 120.47552, 23.50649 ], [ 120.47581, 23.50631 ], [ 120.47611, 23.50616 ], [ 120.47641, 23.50599 ], [ 120.47656, 23.50586 ], [ 120.47678, 23.50568 ], [ 120.47705, 23.5055 ], [ 120.47715, 23.50546 ], [ 120.47669, 23.5047 ] ] ], [ [ [ 120.45667, 23.5154 ], [ 120.45633, 23.51547 ], [ 120.45569, 23.5156 ], [ 120.45471, 23.51574 ], [ 120.45373, 23.51585 ], [ 120.45351, 23.51588 ], [ 120.45354, 23.51588 ], [ 120.45407, 23.51589 ], [ 120.45485, 23.51586 ], [ 120.45505, 23.51586 ], [ 120.45539, 23.51589 ], [ 120.45579, 23.5159 ], [ 120.45599, 23.51592 ], [ 120.45614, 23.51597 ], [ 120.45632, 23.51601 ], [ 120.45642, 23.51601 ], [ 120.45666, 23.51593 ], [ 120.45698, 23.5158 ], [ 120.45711, 23.51568 ], [ 120.45729, 23.51541 ], [ 120.45737, 23.51529 ], [ 120.45738, 23.51519 ], [ 120.45667, 23.5154 ] ] ], [ [ [ 120.45275, 23.51599 ], [ 120.45177, 23.51617 ], [ 120.45079, 23.51634 ], [ 120.45073, 23.51635 ], [ 120.44981, 23.51647 ], [ 120.44883, 23.51656 ], [ 120.44785, 23.51662 ], [ 120.44687, 23.51673 ], [ 120.4459, 23.51682 ], [ 120.44492, 23.5168 ], [ 120.44394, 23.51673 ], [ 120.44296, 23.51664 ], [ 120.44198, 23.51655 ], [ 120.44118, 23.51647 ], [ 120.44115, 23.51657 ], [ 120.44107, 23.51676 ], [ 120.44098, 23.51698 ], [ 120.44084, 23.51745 ], [ 120.44074, 23.51772 ], [ 120.44065, 23.51798 ], [ 120.44061, 23.51818 ], [ 120.44062, 23.5183 ], [ 120.44068, 23.51833 ], [ 120.44074, 23.51831 ], [ 120.44092, 23.5183 ], [ 120.44123, 23.51824 ], [ 120.44165, 23.51817 ], [ 120.442, 23.51813 ], [ 120.4423, 23.51809 ], [ 120.4425, 23.51808 ], [ 120.44274, 23.51798 ], [ 120.44304, 23.51781 ], [ 120.44339, 23.51763 ], [ 120.44382, 23.51743 ], [ 120.44424, 23.5173 ], [ 120.44439, 23.51728 ], [ 120.44448, 23.51733 ], [ 120.44458, 23.51743 ], [ 120.44474, 23.51761 ], [ 120.44488, 23.51779 ], [ 120.44506, 23.51799 ], [ 120.44517, 23.51815 ], [ 120.44529, 23.51822 ], [ 120.44544, 23.51824 ], [ 120.44565, 23.51824 ], [ 120.44597, 23.51818 ], [ 120.4462, 23.51817 ], [ 120.4463, 23.5182 ], [ 120.44643, 23.51829 ], [ 120.44659, 23.51839 ], [ 120.44676, 23.51843 ], [ 120.4469, 23.5184 ], [ 120.44712, 23.51832 ], [ 120.44722, 23.5183 ], [ 120.44736, 23.51829 ], [ 120.44758, 23.51819 ], [ 120.44767, 23.51817 ], [ 120.44777, 23.5182 ], [ 120.44795, 23.51821 ], [ 120.44804, 23.51819 ], [ 120.44811, 23.51812 ], [ 120.44822, 23.51797 ], [ 120.44837, 23.5177 ], [ 120.4485, 23.51758 ], [ 120.44862, 23.51751 ], [ 120.44878, 23.51749 ], [ 120.44891, 23.51745 ], [ 120.44898, 23.5174 ], [ 120.44923, 23.51717 ], [ 120.4494, 23.51711 ], [ 120.44956, 23.51708 ], [ 120.44986, 23.51708 ], [ 120.45003, 23.51705 ], [ 120.45038, 23.51694 ], [ 120.45077, 23.51682 ], [ 120.45101, 23.51686 ], [ 120.45113, 23.51685 ], [ 120.45127, 23.5168 ], [ 120.45149, 23.51669 ], [ 120.4519, 23.51651 ], [ 120.45232, 23.51635 ], [ 120.45243, 23.51628 ], [ 120.45263, 23.51612 ], [ 120.45276, 23.51606 ], [ 120.45311, 23.51594 ], [ 120.45275, 23.51599 ] ] ], [ [ [ 120.43611, 23.51596 ], [ 120.43513, 23.5158 ], [ 120.43415, 23.51546 ], [ 120.43404, 23.51539 ], [ 120.43383, 23.51514 ], [ 120.43384, 23.51517 ], [ 120.43385, 23.51535 ], [ 120.43385, 23.51557 ], [ 120.43389, 23.51572 ], [ 120.43398, 23.5159 ], [ 120.43402, 23.51602 ], [ 120.43402, 23.51615 ], [ 120.43397, 23.51622 ], [ 120.43391, 23.51629 ], [ 120.43377, 23.51636 ], [ 120.43362, 23.51641 ], [ 120.43346, 23.5165 ], [ 120.43342, 23.51657 ], [ 120.43341, 23.51671 ], [ 120.43346, 23.51689 ], [ 120.43353, 23.51705 ], [ 120.43361, 23.51717 ], [ 120.43377, 23.51722 ], [ 120.43397, 23.51725 ], [ 120.43426, 23.51727 ], [ 120.43465, 23.51728 ], [ 120.43504, 23.51727 ], [ 120.43522, 23.51715 ], [ 120.43544, 23.51701 ], [ 120.43584, 23.51677 ], [ 120.43613, 23.51654 ], [ 120.4364, 23.5163 ], [ 120.43663, 23.51603 ], [ 120.43664, 23.51602 ], [ 120.43611, 23.51596 ] ] ], [ [ [ 120.43278, 23.51358 ], [ 120.43264, 23.5133 ], [ 120.43257, 23.51344 ], [ 120.43254, 23.51357 ], [ 120.43252, 23.5137 ], [ 120.43257, 23.51382 ], [ 120.43274, 23.51396 ], [ 120.43291, 23.51406 ], [ 120.43306, 23.51413 ], [ 120.43308, 23.51415 ], [ 120.43278, 23.51358 ] ] ] ] } },
{ "type": "Feature", "properties": { "days": 66, "type": "low", "color_hint": "Blues" }, "geometry": { "type": "MultiPolygon", "coordinates": [ [ [ [ 120.3974, 23.49087 ], [ 120.39754, 23.49178 ], [ 120.39802, 23.4925 ], [ 120.39821, 23.49268 ], [ 120.399, 23.49317 ], [ 120.39998, 23.49316 ], [ 120.40052, 23.49269 ], [ 120.40096, 23.49188 ], [ 120.40099, 23.49179 ], [ 120.40097, 23.49151 ], [ 120.40086, 23.49089 ], [ 120.39999, 23.49001 ], [ 120.3999, 23.48998 ], [ 120.39901, 23.48985 ], [ 120.39832, 23.48997 ], [ 120.39803, 23.4901 ], [ 120.3974, 23.49087 ] ] ] ] } },
{ "type": "Feature", "properties": { "days": 66, "type": "low", "color_hint": "Blues" }, "geometry": { "type": "MultiPolygon", "coordinates": [ [ [ [ 120.39019, 23.49175 ], [ 120.39019, 23.49265 ], [ 120.39019, 23.49355 ], [ 120.39018, 23.49446 ], [ 120.39018, 23.49536 ], [ 120.39017, 23.49626 ], [ 120.39017, 23.49716 ], [ 120.39017, 23.49765 ], [ 120.39021, 23.49767 ], [ 120.39024, 23.49776 ], [ 120.39025, 23.49782 ], [ 120.39023, 23.49791 ], [ 120.39018, 23.49795 ], [ 120.39017, 23.49797 ], [ 120.39017, 23.49807 ], [ 120.39016, 23.49897 ], [ 120.39016, 23.49947 ], [ 120.39033, 23.49956 ], [ 120.39048, 23.49959 ], [ 120.39061, 23.49963 ], [ 120.39076, 23.4997 ], [ 120.39089, 23.49979 ], [ 120.39099, 23.49988 ], [ 120.39114, 23.49988 ], [ 120.39159, 23.5003 ], [ 120.39169, 23.50034 ], [ 120.39191, 23.50041 ], [ 120.3921, 23.50045 ], [ 120.39242, 23.50049 ], [ 120.39277, 23.5005 ], [ 120.39289, 23.50054 ], [ 120.39322, 23.50058 ], [ 120.39347, 23.50058 ], [ 120.39379, 23.50057 ], [ 120.39409, 23.50055 ], [ 120.3942, 23.50065 ], [ 120.39436, 23.50078 ], [ 120.39447, 23.50081 ], [ 120.39467, 23.5008 ], [ 120.39498, 23.50072 ], [ 120.39527, 23.50056 ], [ 120.39579, 23.50035 ], [ 120.39646, 23.50013 ], [ 120.39679, 23.50002 ], [ 120.39745, 23.49974 ], [ 120.39789, 23.49949 ], [ 120.39839, 23.49921 ], [ 120.39878, 23.49895 ], [ 120.39926, 23.49877 ], [ 120.39954, 23.49876 ], [ 120.39985, 23.49873 ], [ 120.4002, 23.49876 ], [ 120.40019, 23.49907 ], [ 120.40018, 23.4993 ], [ 120.4002, 23.49965 ], [ 120.40022, 23.49996 ], [ 120.40022, 23.49999 ], [ 120.40051, 23.49991 ], [ 120.40093, 23.49983 ], [ 120.40191, 23.49969 ], [ 120.40289, 23.49959 ], [ 120.40387, 23.49953 ], [ 120.40485, 23.49952 ], [ 120.40582, 23.49954 ], [ 120.4068, 23.4996 ], [ 120.40778, 23.4997 ], [ 120.40824, 23.49976 ], [ 120.40826, 23.49944 ], [ 120.40828, 23.499 ], [ 120.40831, 23.49871 ], [ 120.40839, 23.49853 ], [ 120.40845, 23.49844 ], [ 120.40846, 23.49844 ], [ 120.40858, 23.49843 ], [ 120.40873, 23.49841 ], [ 120.40899, 23.4984 ], [ 120.40928, 23.49841 ], [ 120.4096, 23.49845 ], [ 120.41021, 23.49856 ], [ 120.4107, 23.49867 ], [ 120.41096, 23.49872 ], [ 120.4113, 23.49882 ], [ 120.41161, 23.49889 ], [ 120.41198, 23.49902 ], [ 120.41216, 23.49911 ], [ 120.41224, 23.49918 ], [ 120.41234, 23.49934 ], [ 120.41248, 23.49953 ], [ 120.41259, 23.49976 ], [ 120.41267, 23.50004 ], [ 120.41268, 23.50004 ], [ 120.41366, 23.50001 ], [ 120.41463, 23.49998 ], [ 120.41491, 23.49997 ], [ 120.41561, 23.49995 ], [ 120.41659, 23.49993 ], [ 120.41757, 23.49993 ], [ 120.41855, 23.49995 ], [ 120.41953, 23.49998 ], [ 120.41966, 23.49999 ], [ 120.42051, 23.50002 ], [ 120.42149, 23.50008 ], [ 120.42247, 23.50014 ], [ 120.42345, 23.50019 ], [ 120.42442, 23.50025 ], [ 120.4254, 23.50029 ], [ 120.42638, 23.50031 ], [ 120.42736, 23.50031 ], [ 120.42834, 23.50025 ], [ 120.42932, 23.50014 ], [ 120.42988, 23.50002 ], [ 120.4303, 23.49991 ], [ 120.43128, 23.49974 ], [ 120.43226, 23.49964 ], [ 120.43324, 23.4996 ], [ 120.43422, 23.49961 ], [ 120.4352, 23.49964 ], [ 120.43618, 23.4997 ], [ 120.43715, 23.49977 ], [ 120.43813, 23.49985 ], [ 120.43911, 23.49993 ], [ 120.44009, 23.5 ], [ 120.4409, 23.50006 ], [ 120.44107, 23.50007 ], [ 120.44205, 23.50014 ], [ 120.44303, 23.50019 ], [ 120.44401, 23.50024 ], [ 120.44499, 23.50027 ], [ 120.44596, 23.50029 ], [ 120.44694, 23.50028 ], [ 120.44792, 23.50025 ], [ 120.4489, 23.50018 ], [ 120.44956, 23.50009 ], [ 120.44988, 23.49999 ], [ 120.45062, 23.4992 ], [ 120.45016, 23.49829 ], [ 120.44989, 23.498 ], [ 120.44944, 23.49739 ], [ 120.44892, 23.49685 ], [ 120.44861, 23.49648 ], [ 120.44794, 23.49583 ], [ 120.44769, 23.49557 ], [ 120.44697, 23.49491 ], [ 120.4467, 23.49467 ], [ 120.44599, 23.49408 ], [ 120.44561, 23.49376 ], [ 120.44501, 23.49331 ], [ 120.44443, 23.49285 ], [ 120.44404, 23.49257 ], [ 120.44319, 23.49195 ], [ 120.44306, 23.49185 ], [ 120.44209, 23.49123 ], [ 120.44178, 23.49104 ], [ 120.44111, 23.49061 ], [ 120.44024, 23.49013 ], [ 120.44013, 23.49007 ], [ 120.43916, 23.48964 ], [ 120.43818, 23.48943 ], [ 120.4372, 23.48956 ], [ 120.43622, 23.49 ], [ 120.43604, 23.49011 ], [ 120.43524, 23.49051 ], [ 120.43442, 23.49101 ], [ 120.43425, 23.49111 ], [ 120.43327, 23.49172 ], [ 120.43291, 23.49191 ], [ 120.43229, 23.49229 ], [ 120.43131, 23.49256 ], [ 120.43059, 23.4919 ], [ 120.43034, 23.49154 ], [ 120.4302, 23.491 ], [ 120.43006, 23.49009 ], [ 120.43003, 23.48919 ], [ 120.4301, 23.48829 ], [ 120.43023, 23.48738 ], [ 120.43036, 23.48669 ], [ 120.43042, 23.48648 ], [ 120.43071, 23.48558 ], [ 120.43099, 23.48468 ], [ 120.43119, 23.48377 ], [ 120.43126, 23.48287 ], [ 120.43106, 23.48197 ], [ 120.43058, 23.48106 ], [ 120.43038, 23.48072 ], [ 120.43009, 23.48016 ], [ 120.42941, 23.4793 ], [ 120.42935, 23.47925 ], [ 120.42843, 23.47871 ], [ 120.42746, 23.47841 ], [ 120.42714, 23.47834 ], [ 120.42648, 23.47822 ], [ 120.4255, 23.47817 ], [ 120.42452, 23.47822 ], [ 120.42393, 23.47833 ], [ 120.42354, 23.4784 ], [ 120.42256, 23.4787 ], [ 120.42158, 23.47911 ], [ 120.42137, 23.47922 ], [ 120.4206, 23.47964 ], [ 120.41984, 23.48012 ], [ 120.41962, 23.48026 ], [ 120.41867, 23.48102 ], [ 120.41863, 23.48104 ], [ 120.41769, 23.48192 ], [ 120.41765, 23.48195 ], [ 120.4168, 23.48282 ], [ 120.41667, 23.48296 ], [ 120.41598, 23.48372 ], [ 120.41568, 23.48405 ], [ 120.41516, 23.48462 ], [ 120.4147, 23.48508 ], [ 120.41428, 23.48552 ], [ 120.41372, 23.48615 ], [ 120.41348, 23.48642 ], [ 120.41274, 23.48732 ], [ 120.41273, 23.48733 ], [ 120.41201, 23.48822 ], [ 120.41175, 23.48859 ], [ 120.41122, 23.48912 ], [ 120.41076, 23.48969 ], [ 120.40978, 23.49001 ], [ 120.40881, 23.48965 ], [ 120.40831, 23.48911 ], [ 120.40783, 23.48874 ], [ 120.40733, 23.4882 ], [ 120.40686, 23.4878 ], [ 120.4063, 23.48729 ], [ 120.40588, 23.48697 ], [ 120.40509, 23.48639 ], [ 120.4049, 23.48626 ], [ 120.40393, 23.48568 ], [ 120.40326, 23.48548 ], [ 120.40295, 23.48541 ], [ 120.40197, 23.48529 ], [ 120.40099, 23.48523 ], [ 120.40001, 23.48525 ], [ 120.39903, 23.48536 ], [ 120.39849, 23.48546 ], [ 120.39806, 23.48553 ], [ 120.39708, 23.48578 ], [ 120.39609, 23.4861 ], [ 120.39543, 23.48635 ], [ 120.39511, 23.48647 ], [ 120.39429, 23.48677 ], [ 120.39434, 23.48686 ], [ 120.3944, 23.48699 ], [ 120.3944, 23.4871 ], [ 120.39437, 23.48722 ], [ 120.39432, 23.48742 ], [ 120.39428, 23.48775 ], [ 120.39424, 23.48797 ], [ 120.39421, 23.48822 ], [ 120.39421, 23.48846 ], [ 120.39424, 23.48867 ], [ 120.39426, 23.48886 ], [ 120.3943, 23.48903 ], [ 120.39444, 23.48937 ], [ 120.39455, 23.48959 ], [ 120.39467, 23.48977 ], [ 120.39473, 23.4899 ], [ 120.39478, 23.4901 ], [ 120.39478, 23.49024 ], [ 120.39478, 23.49036 ], [ 120.39476, 23.49049 ], [ 120.39473, 23.49067 ], [ 120.39472, 23.49075 ], [ 120.39462, 23.49081 ], [ 120.39453, 23.49085 ], [ 120.39444, 23.49086 ], [ 120.39436, 23.49087 ], [ 120.39409, 23.49091 ], [ 120.39376, 23.49094 ], [ 120.39352, 23.49097 ], [ 120.39301, 23.49104 ], [ 120.39244, 23.49107 ], [ 120.39185, 23.49113 ], [ 120.39084, 23.49125 ], [ 120.39028, 23.49131 ], [ 120.3902, 23.49131 ], [ 120.39019, 23.49175 ] ] ] ] } },
{ "type": "Feature", "properties": { "days": 63, "type": "low", "color_hint": "Blues" }, "geometry": { "type": "MultiPolygon", "coordinates": [ [ [ [ 120.46968, 23.49926 ], [ 120.46947, 23.49892 ], [ 120.46872, 23.49836 ], [ 120.46849, 23.49824 ], [ 120.46751, 23.49817 ], [ 120.46694, 23.49835 ], [ 120.46653, 23.49852 ], [ 120.46609, 23.49887 ], [ 120.46611, 23.49888 ], [ 120.46624, 23.49888 ], [ 120.46651, 23.49883 ], [ 120.46679, 23.49882 ], [ 120.46714, 23.4988 ], [ 120.46747, 23.49878 ], [ 120.46778, 23.49886 ], [ 120.46803, 23.49896 ], [ 120.46805, 23.49896 ], [ 120.46836, 23.49908 ], [ 120.46861, 23.49915 ], [ 120.46893, 23.49929 ], [ 120.46924, 23.49943 ], [ 120.46948, 23.49959 ], [ 120.46972, 23.49977 ], [ 120.4699, 23.49996 ], [ 120.46968, 23.49926 ] ] ] ] } },
{ "type": "Feature", "properties": { "days": 64, "type": "low", "color_hint": "Blues" }, "geometry": { "type": "MultiPolygon", "coordinates": [ [ [ [ 120.46968, 23.49926 ], [ 120.46947, 23.49892 ], [ 120.46872, 23.49836 ], [ 120.46849, 23.49824 ], [ 120.46751, 23.49817 ], [ 120.46694, 23.49835 ], [ 120.46653, 23.49852 ], [ 120.46609, 23.49887 ], [ 120.46611, 23.49888 ], [ 120.46624, 23.49888 ], [ 120.46651, 23.49883 ], [ 120.46679, 23.49882 ], [ 120.46714, 23.4988 ], [ 120.46747, 23.49878 ], [ 120.46778, 23.49886 ], [ 120.46803, 23.49896 ], [ 120.46805, 23.49896 ], [ 120.46836, 23.49908 ], [ 120.46861, 23.49915 ], [ 120.46893, 23.49929 ], [ 120.46924, 23.49943 ], [ 120.46948, 23.49959 ], [ 120.46972, 23.49977 ], [ 120.4699, 23.49996 ], [ 120.46968, 23.49926 ] ] ] ] } },
{ "type": "Feature", "properties": { "days": 64, "type": "low", "color_hint": "Blues" }, "geometry": { "type": "MultiPolygon", "coordinates": [ [ [ [ 120.44001, 23.50999 ], [ 120.44005, 23.51005 ], [ 120.44098, 23.5109 ], [ 120.44102, 23.51092 ], [ 120.442, 23.51124 ], [ 120.44298, 23.51139 ], [ 120.44396, 23.51146 ], [ 120.44494, 23.51143 ], [ 120.44592, 23.51133 ], [ 120.4469, 23.51117 ], [ 120.44788, 23.51098 ], [ 120.44815, 23.51093 ], [ 120.44886, 23.51057 ], [ 120.44984, 23.51009 ], [ 120.45005, 23.51003 ], [ 120.44984, 23.50992 ], [ 120.44886, 23.50928 ], [ 120.44867, 23.50912 ], [ 120.44789, 23.50891 ], [ 120.44691, 23.50863 ], [ 120.44593, 23.50837 ], [ 120.4452, 23.50821 ], [ 120.44495, 23.50817 ], [ 120.44397, 23.50807 ], [ 120.44299, 23.508 ], [ 120.44202, 23.50788 ], [ 120.44104, 23.50802 ], [ 120.4407, 23.50819 ], [ 120.44005, 23.50888 ], [ 120.4399, 23.50909 ], [ 120.44001, 23.50999 ] ] ] ] } },
{ "type": "Feature", "properties": { "days": 65, "type": "low", "color_hint": "Blues" }, "geometry": { "type": "MultiPolygon", "coordinates": [ [ [ [ 120.4399, 23.50909 ], [ 120.44001, 23.50999 ], [ 120.44005, 23.51005 ], [ 120.44098, 23.5109 ], [ 120.44102, 23.51092 ], [ 120.442, 23.51124 ], [ 120.44298, 23.51139 ], [ 120.44396, 23.51146 ], [ 120.44494, 23.51143 ], [ 120.44592, 23.51133 ], [ 120.4469, 23.51117 ], [ 120.44788, 23.51098 ], [ 120.44815, 23.51093 ], [ 120.44886, 23.51057 ], [ 120.44984, 23.51009 ], [ 120.45005, 23.51003 ], [ 120.44984, 23.50992 ], [ 120.44886, 23.50928 ], [ 120.44867, 23.50912 ], [ 120.44789, 23.50891 ], [ 120.44691, 23.50863 ], [ 120.44593, 23.50837 ], [ 120.4452, 23.50821 ], [ 120.44495, 23.50817 ], [ 120.44397, 23.50807 ], [ 120.44299, 23.508 ], [ 120.44202, 23.50788 ], [ 120.44104, 23.50802 ], [ 120.4407, 23.50819 ], [ 120.44005, 23.50888 ], [ 120.4399, 23.50909 ] ] ] ] } }
]
}
